source,time,hwid,type,samples,maxRSSI,mean,stddev
source,time,hwid,type,samples,maxRSSI,mean,stddev
source,time,hwid,type,samples,maxRSSI,mean,stddev
source,time,hwid,type,samples,maxRSSI,mean,stddev
source,time,hwid,type,samples,maxRSSI,mean,stddev
source,time,hwid,type,samples,maxRSSI,mean,stddev
source,time,hwid,type,samples,maxRSSI,mean,stddev
source,time,hwid,type,samples,maxRSSI,mean,stddev
source,time,hwid,type,samples,maxRSSI,mean,stddev
source,time,hwid,type,samples,maxRSSI,mean,stddev
source,time,hwid,type,samples,maxRSSI,mean,stddev
