459F7A08D5D7,,,,,,
time,hwid,type,samples,maxRSSI,mean,stddev
1502202048, 'F9632B2DFC58',2,27,-75,-79.29629517,1.771892548
1502202048, '9A34ECDEA99E',2,28,-71,-71.35713959,0.731021285
1502202048, 'DAD655CD510A',2,26,-71,-77.92307281,2.48069334
1502202048, '2D1032CDC2EC',3,30,-64,-66.5,1.737018108
,,,,,,
1502202108, '9A34ECDEA99E',2,29,-69,-71.20689392,0.977577984
1502202108, '2D1032CDC2EC',3,26,-64,-66.07692719,1.494605422
1502202108, '94DC6692F976',3,27,-65,-68.81482697,2.434319973
1502202108, '6392B6C5FB53',2,29,-68,-70.10346222,1.44777751
,,,,,,
1502202168, '9A34ECDEA99E',2,30,-69,-71.40000153,1.328725338
1502202168, 'DAD655CD510A',2,26,-65,-73,3.162278175
1502202168, '2D1032CDC2EC',3,30,-65,-66.59999847,1.162635803
1502202168, '94DC6692F976',3,27,-69,-74.11110687,3.500915766
,,,,,,
1502202228, '9A34ECDEA99E',2,28,-70,-71.21429443,0.738225341
1502202228, 'DAD655CD510A',2,26,-64,-73.69230652,4.164315224
1502202228, '2D1032CDC2EC',3,30,-64,-65.3666687,0.889918089
1502202228, '94DC6692F976',3,30,-66,-70.23332977,3.616848469
,,,,,,
1502202348, 'F9632B2DFC58',2,29,-73,-79,1.963961601
1502202348, '9A34ECDEA99E',2,30,-70,-70.69999695,0.534981012
1502202348, 'DAD655CD510A',2,26,-71,-73.61537933,2.041115284
1502202348, '2D1032CDC2EC',3,28,-64,-65.64285278,0.558719516
,,,,,,
1502202408, 'F9632B2DFC58',2,27,-74,-79.4074173,2.223293543
1502202408, '9A34ECDEA99E',2,27,-70,-70.51852417,0.70002073
1502202408, 'DAD655CD510A',2,30,-64,-69.43334198,3.223654747
1502202408, '2D1032CDC2EC',3,29,-64,-66.24137878,1.78595984
,,,,,,
1502202468, 'F9632B2DFC58',2,27,-77,-78.62961578,0.838873625
1502202468, '9A34ECDEA99E',2,30,-69,-70.46665955,0.681445181
1502202468, 'DAD655CD510A',2,28,-70,-74.03570557,3.036597967
1502202468, '2D1032CDC2EC',3,30,-63,-64.6333313,0.96430707
,,,,,,
1502202528, 'F9632B2DFC58',2,30,-78,-79.13333893,0.899553776
1502202528, '5D358CDAED0D',2,30,-68,-68.8666687,0.628810704
1502202528, '9A34ECDEA99E',2,30,-70,-70.90000916,1.446753979
1502202528, 'DAD655CD510A',2,25,-70,-76,3.851405621
,,,,,,
1502202588, '5D358CDAED0D',2,28,-67,-68.92857361,1.412341356
1502202588, '9A34ECDEA99E',2,28,-70,-71.24999237,1.430489302
1502202588, 'DAD655CD510A',2,27,-71,-75.03702545,2.17470336
1502202588, '2D1032CDC2EC',3,30,-65,-66.6333313,1.376735926
,,,,,,
1502202648, 'F9632B2DFC58',2,23,-75,-79.30433655,1.743422866
1502202648, '5D358CDAED0D',2,30,-67,-69.06667328,0.784915268
1502202648, '9A34ECDEA99E',2,30,-70,-71.16667175,0.592093945
1502202648, 'DAD655CD510A',2,28,-70,-74.07144165,1.653921366
,,,,,,
1502202708, 'F9632B2DFC58',2,29,-77,-77.44827271,0.736120045
1502202708, '5D358CDAED0D',2,30,-66,-67.23332214,0.971430659
1502202708, '9A34ECDEA99E',2,29,-69,-70.82759094,0.658405781
1502202708, '2D1032CDC2EC',3,30,-62,-64.43332672,2.144491196
,,,,,,
1502202768, 'F9632B2DFC58',2,28,-77,-78.14286041,1.04400599
1502202768, '5D358CDAED0D',2,30,-66,-67.03333282,0.927857041
1502202768, '9A34ECDEA99E',2,29,-70,-70.79309845,0.818503976
1502202768, '2D1032CDC2EC',3,30,-63,-63.93333817,0.944432855
,,,,,,
1502202828, 'F9632B2DFC58',2,27,-74,-76.96296692,1.764644504
1502202828, '5D358CDAED0D',2,30,-66,-66.66666412,0.606478214
1502202828, '9A34ECDEA99E',2,30,-69,-70.73332977,1.048263311
1502202828, 'DAD655CD510A',2,24,-72,-75.79164886,3.134375572
,,,,,,
1502202888, 'F9632B2DFC58',2,26,-72,-75.76924133,1.795720577
1502202888, '5D358CDAED0D',2,30,-66,-68.50000763,1.408105135
1502202888, '9A34ECDEA99E',2,29,-69,-72.10344696,2.820141315
1502202888, '2D1032CDC2EC',3,28,-63,-64.7142868,1.049062371
,,,,,,
1502202948, 'F9632B2DFC58',2,30,-76,-76.73332214,0.52082926
1502202948, '5D358CDAED0D',2,29,-66,-67.82758331,0.804849386
1502202948, '9A34ECDEA99E',2,29,-70,-71.27586365,0.64898479
1502202948, '2D1032CDC2EC',3,29,-65,-67.9655304,1.802430511
,,,,,,
1502203068, '5D358CDAED0D',2,29,-67,-68.99998474,0.886402309
1502203068, '9A34ECDEA99E',2,29,-69,-70.03448486,0.865312934
1502203068, 'DAD655CD510A',2,20,-76,-80.04999542,2.114485741
1502203068, '2D1032CDC2EC',3,30,-62,-63.20000076,0.484233677
,,,,,,
1502203128, 'F9632B2DFC58',2,28,-73,-76.39284515,1.474206209
1502203128, '5D358CDAED0D',2,28,-67,-67.85713196,0.803429306
1502203128, '9A34ECDEA99E',2,29,-69,-70.65517426,0.813974559
1502203128, 'DAD655CD510A',2,9,-77,-80.77777863,3.113589764
,,,,,,
1502203188, 'F9632B2DFC58',2,28,-76,-77.32142639,1.020298481
1502203188, '5D358CDAED0D',2,30,-66,-67.30000305,0.987857282
1502203188, '2D1032CDC2EC',3,30,-63,-64.46666718,0.776079237
1502203188, '94DC6692F976',3,28,-68,-74.03572083,4.104940891
,,,,,,
1502203248, '5D358CDAED0D',2,30,-66,-67.56666565,1.006299138
1502203248, '9A34ECDEA99E',2,27,-71,-72.44443512,1.187543511
1502203248, 'DAD655CD510A',2,26,-64,-75.11538696,4.581064701
1502203248, '2D1032CDC2EC',3,30,-62,-65.43333435,2.160512924
,,,,,,
1502203308, '5D358CDAED0D',2,30,-66,-67.5333252,0.973206341
1502203308, '9A34ECDEA99E',2,28,-70,-72.25000763,1.142610073
1502203308, 'DAD655CD510A',2,30,-67,-69.1333313,1.332183242
1502203308, 'F9632B2DFC58',2,28,-79,-80.89286041,1.227440357
,,,,,,
1502203368, '9A34ECDEA99E',2,27,-69,-71.62963104,1.181528687
1502203368, 'F9632B2DFC58',2,29,-74,-78.86206818,2.048068047
1502203368, 'DAD655CD510A',2,29,-63,-73.86206818,5.180484772
1502203368, '2D1032CDC2EC',3,30,-62,-63.59999466,0.770132244
,,,,,,
1502203428, '5D358CDAED0D',2,28,-67,-68.67856598,0.904867291
1502203428, 'F9632B2DFC58',2,29,-76,-78.5861969,1.239737034
1502203428, '9A34ECDEA99E',2,28,-69,-71.14286041,1.078900576
1502203428, '2D1032CDC2EC',3,30,-63,-63.60000229,0.621456683
,,,,,,
1502203488, '5D358CDAED0D',2,30,-67,-68.16665649,0.985527039
1502203488, 'F9632B2DFC58',2,28,-75,-77.32143402,0.904866159
1502203488, 'DAD655CD510A',2,30,-69,-73.23332977,1.715714693
1502203488, '9A34ECDEA99E',2,29,-70,-70.48275757,0.574500084
,,,,,,
1502203548, '5D358CDAED0D',2,29,-66,-68.27586365,1.3064816
1502203548, 'F9632B2DFC58',2,29,-75,-77.03449249,1.085055113
1502203548, 'DAD655CD510A',2,28,-67,-74.25000763,2.633473158
1502203548, '9A34ECDEA99E',2,28,-70,-71,0.720083892
,,,,,,
1502203668, '5D358CDAED0D',2,28,-67,-68.67855835,1.090481877
1502203668, 'DAD655CD510A',2,24,-72,-77.16666412,3.045547485
1502203668, '9A34ECDEA99E',2,29,-66,-72.20690155,1.800383329
1502203668, '2D1032CDC2EC',3,30,-63,-64.76667023,1.794304848
,,,,,,
1502203728, '5D358CDAED0D',2,29,-66,-67.75862122,0.912419677
1502203728, 'F9632B2DFC58',2,28,-75,-78.89284515,2.131585121
1502203728, 'DAD655CD510A',2,26,-66,-74.19230652,5.043960571
1502203728, '9A34ECDEA99E',2,28,-70,-71.57142639,0.878911555
,,,,,,
1502203788, '5D358CDAED0D',2,30,-66,-67.7333374,1.284744978
1502203788, '9A34ECDEA99E',2,25,-68,-72.83999634,3.064310551
1502203788, '2D1032CDC2EC',3,30,-63,-66.40000153,1.849510312
1502203788, '94DC6692F976',3,27,-64,-70.37036896,5.812110901
,,,,,,
1502203848, '5D358CDAED0D',2,30,-67,-68.6000061,1.037236691
1502203848, 'F9632B2DFC58',2,26,-76,-79.00000763,1.523153543
1502203848, 'DAD655CD510A',2,29,-66,-70.79311371,3.77377224
1502203848, '9A34ECDEA99E',2,27,-71,-72.70370483,0.992851377
,,,,,,
1502203908, '5D358CDAED0D',2,30,-66,-67.93333435,1.048259377
1502203908, '9A34ECDEA99E',2,30,-70,-72.80001068,2.90540576
1502203908, 'DAD655CD510A',2,28,-65,-71.10713196,3.520728827
1502203908, '2D1032CDC2EC',3,28,-66,-73.03570557,4.35023737
,,,,,,
1502203968, '5D358CDAED0D',2,30,-65,-67.50000763,1.07478857
1502203968, '9A34ECDEA99E',2,28,-70,-71.25,1.142608881
1502203968, 'DAD655CD510A',2,29,-67,-73.31034851,3.197135687
1502203968, '2D1032CDC2EC',3,27,-66,-70.81480408,1.732871652
,,,,,,
1502204028, '5D358CDAED0D',2,29,-66,-68.17240906,1.002460361
1502204028, '9A34ECDEA99E',2,30,-69,-70.59999084,0.85500437
1502204028, 'DAD655CD510A',2,26,-68,-73.61538696,3.086447716
1502204028, '2D1032CDC2EC',3,30,-63,-64.5,1.042212248
,,,,,,
1502204088, '5D358CDAED0D',2,30,-66,-67.69999695,0.651259005
1502204088, '9A34ECDEA99E',2,30,-69,-69.80000305,1.51771152
1502204088, 'DAD655CD510A',2,26,-64,-76.50000763,3.992492676
1502204088, '2D1032CDC2EC',3,29,-63,-65.65517426,1.343656898
,,,,,,
1502204148, '5D358CDAED0D',2,29,-66,-67.96551514,1.209569931
1502204148, '9A34ECDEA99E',2,27,-69,-70.74075317,1.095180869
1502204148, 'DAD655CD510A',2,23,-73,-78,2.730303049
1502204148, '2D1032CDC2EC',3,29,-63,-65.62068939,1.740563512
,,,,,,
1502204208, '5D358CDAED0D',2,30,-66,-68.03334045,1.351455927
1502204208, '9A34ECDEA99E',2,30,-70,-71.70000458,0.915385365
1502204208, 'DAD655CD510A',2,21,-73,-77.61904144,2.108938932
1502204208, '2D1032CDC2EC',3,30,-62,-64.33332825,2.669536829
,,,,,,
1502204268, '5D358CDAED0D',2,30,-67,-68.83332825,0.698933959
1502204268, '9A34ECDEA99E',2,28,-71,-72.07143402,0.71639812
1502204268, 'DAD655CD510A',2,28,-70,-75.35714722,1.985397696
1502204268, '2D1032CDC2EC',3,29,-60,-62.48275757,0.784706056
,,,,,,
1502204328, '5D358CDAED0D',2,30,-68,-68.69999695,0.595965981
1502204328, '9A34ECDEA99E',2,28,-71,-72.85713959,0.755927801
1502204328, 'DAD655CD510A',2,28,-73,-75.64286041,1.419813037
1502204328, '2D1032CDC2EC',3,29,-62,-62.89654922,0.409253448
,,,,,,
1502204388, '5D358CDAED0D',2,30,-67,-68.56666565,0.971429169
1502204388, '9A34ECDEA99E',2,29,-69,-72.75862122,1.844976425
1502204388, 'DAD655CD510A',2,29,-68,-74.24137878,2.355164289
1502204388, '2D1032CDC2EC',3,29,-62,-63.37931442,0.978839576
,,,,,,
1502204448, '5D358CDAED0D',2,29,-68,-69.24137115,0.739458799
1502204448, '94DC6692F976',3,27,-66,-76.37037659,6.867693901
1502204448, 'F9632B2DFC58',2,26,-78,-79.07691956,1.163550258
1502204448, '6392B6C5FB53',2,28,-66,-67.7857132,1.257780075
,,,,,,
1502204508, '5D358CDAED0D',2,28,-67,-68.46427917,0.744466662
1502204508, '94DC6692F976',3,26,-67,-76.92306519,6.045983791
1502204508, 'F9632B2DFC58',2,29,-78,-79.41379547,0.86673528
1502204508, '6392B6C5FB53',2,30,-65,-65.8999939,0.711966157
,,,,,,
1502204568, '5D358CDAED0D',2,28,-68,-69.2857132,0.658682168
1502204568, '94DC6692F976',3,27,-71,-77.48148346,4.568876266
1502204568, 'F9632B2DFC58',2,29,-77,-79.27587128,1.031522036
1502204568, '6392B6C5FB53',2,29,-65,-66.24137878,1.243702412
,,,,,,
1502204628, '5D358CDAED0D',2,30,-68,-70.56666565,0.897634566
1502204628, 'F9632B2DFC58',2,26,-78,-79.30770111,1.010711312
1502204628, '6392B6C5FB53',2,30,-65,-65.99999237,0.643269777
1502204628, '9A34ECDEA99E',2,29,-71,-72.51722717,0.737791777
,,,,,,
1502204688, '5D358CDAED0D',2,29,-67,-69.27586365,1.250614643
1502204688, '94DC6692F976',3,26,-62,-71.7307663,7.096797943
1502204688, 'F9632B2DFC58',2,29,-76,-79.10345459,1.54329896
1502204688, '6392B6C5FB53',2,29,-65,-67.06895447,1.099709034
,,,,,,
1502204746, '000000000000',0,0,0,0,0
1502204746, '000000000000',0,0,0,0,0
1502204746, '000000000000',0,0,0,0,0
1502204746, '000000000000',0,0,0,0,0
,,,,,,
1502204806, '9A34ECDEA99E',2,28,-72,-75.53572083,1.502641559
1502204806, 'DAD655CD510A',2,29,-66,-66.55173492,0.63167876
1502204806, '2D1032CDC2EC',3,30,-73,-76.46666718,1.814374685
1502204806, '5D358CDAED0D',2,30,-68,-68.53334045,0.628810108
,,,,,,
1502204806, '9A34ECDEA99E',2,28,-72,-75.53572083,1.502641559
1502204806, 'DAD655CD510A',2,29,-66,-66.55173492,0.63167876
1502204806, '2D1032CDC2EC',3,30,-73,-76.46666718,1.814374685
1502204806, '5D358CDAED0D',2,30,-68,-68.53334045,0.628810108
,,,,,,
1502204806, '9A34ECDEA99E',2,28,-72,-75.53572083,1.502641559
1502204806, 'DAD655CD510A',2,29,-66,-66.55173492,0.63167876
1502204806, '2D1032CDC2EC',3,30,-73,-76.46666718,1.814374685
1502204806, '5D358CDAED0D',2,30,-68,-68.53334045,0.628810108
,,,,,,
1502204806, '9A34ECDEA99E',2,28,-72,-75.53572083,1.502641559
1502204806, 'DAD655CD510A',2,29,-66,-66.55173492,0.63167876
1502204806, '2D1032CDC2EC',3,30,-73,-76.46666718,1.814374685
1502204806, '5D358CDAED0D',2,30,-68,-68.53334045,0.628810108
,,,,,,
1502204806, '9A34ECDEA99E',2,28,-72,-75.53572083,1.502641559
1502204806, 'DAD655CD510A',2,29,-66,-66.55173492,0.63167876
1502204806, '2D1032CDC2EC',3,30,-73,-76.46666718,1.814374685
1502204806, '5D358CDAED0D',2,30,-68,-68.53334045,0.628810108
,,,,,,
1502204806, '9A34ECDEA99E',2,28,-72,-75.53572083,1.502641559
1502204806, 'DAD655CD510A',2,29,-66,-66.55173492,0.63167876
1502204806, '2D1032CDC2EC',3,30,-73,-76.46666718,1.814374685
1502204806, '5D358CDAED0D',2,30,-68,-68.53334045,0.628810108
,,,,,,
1502204806, '9A34ECDEA99E',2,28,-72,-75.53572083,1.502641559
1502204806, 'DAD655CD510A',2,29,-66,-66.55173492,0.63167876
1502204806, '2D1032CDC2EC',3,30,-73,-76.46666718,1.814374685
1502204806, '5D358CDAED0D',2,30,-68,-68.53334045,0.628810108
,,,,,,
1502204806, '9A34ECDEA99E',2,28,-72,-75.53572083,1.502641559
1502204806, 'DAD655CD510A',2,29,-66,-66.55173492,0.63167876
1502204806, '2D1032CDC2EC',3,30,-73,-76.46666718,1.814374685
1502204806, '5D358CDAED0D',2,30,-68,-68.53334045,0.628810108
,,,,,,
1502204866, '9A34ECDEA99E',2,24,-73,-77.25,1.481773615
1502204866, 'DAD655CD510A',2,24,-65,-66.25001526,0.607916951
1502204866, '2D1032CDC2EC',3,23,-72,-74.56520844,1.674028039
1502204866, '5D358CDAED0D',2,23,-67,-68.4782486,0.66534692
,,,,,,
1502204926, '9A34ECDEA99E',2,26,-73,-76.7692337,2.804389477
1502204926, 'DAD655CD510A',2,29,-66,-66.31035614,0.54139024
1502204926, '2D1032CDC2EC',3,28,-72,-74.89284515,1.196887612
1502204926, '5D358CDAED0D',2,30,-67,-68.23332977,0.568323016
,,,,,,
1502204986, '9A34ECDEA99E',2,29,-74,-76.0344696,1.499585986
1502204986, 'DAD655CD510A',2,30,-65,-66.19998932,0.55085969
1502204986, '2D1032CDC2EC',3,26,-73,-78.65385437,4.533804417
1502204986, '5D358CDAED0D',2,30,-67,-68.6333313,1.098061681
,,,,,,
1502205046, '9A34ECDEA99E',2,28,-75,-76.17857361,1.156414986
1502205046, 'DAD655CD510A',2,30,-65,-65.93331909,0.365150243
1502205046, '2D1032CDC2EC',3,27,-73,-77.62962341,3.065291643
1502205046, '5D358CDAED0D',2,29,-66,-67.51725006,0.687678933
,,,,,,
1502205106, '9A34ECDEA99E',2,29,-75,-76.99999237,1.035099268
1502205106, 'DAD655CD510A',2,30,-65,-66.13333893,0.434172511
1502205106, '2D1032CDC2EC',3,27,-73,-74.44445038,0.751068413
1502205106, '5D358CDAED0D',2,29,-66,-68.27586365,0.701864302
,,,,,,
1502205166, '9A34ECDEA99E',2,28,-74,-76.7142868,0.975899398
1502205166, 'DAD655CD510A',2,29,-65,-66.4827652,1.882640958
1502205166, '5D358CDAED0D',2,27,-67,-70.51851654,1.805345178
1502205166, '94DC6692F976',3,29,-66,-70.10344696,2.454508543
,,,,,,
1502205226, 'DAD655CD510A',2,30,-66,-66.63335419,0.889914989
1502205226, '2D1032CDC2EC',3,27,-76,-80.37036896,3.318344116
1502205226, '5D358CDAED0D',2,29,-68,-70.13793945,1.216677427
1502205226, '94DC6692F976',3,30,-69,-72.69999695,2.119693995
,,,,,,
1502205226, 'DAD655CD510A',2,30,-66,-66.63335419,0.889914989
1502205226, '2D1032CDC2EC',3,27,-76,-80.37036896,3.318344116
1502205226, '5D358CDAED0D',2,29,-68,-70.13793945,1.216677427
1502205226, '94DC6692F976',3,30,-69,-72.69999695,2.119693995
,,,,,,
1502205286, '9A34ECDEA99E',2,30,-72,-73.03333282,0.718395293
1502205286, 'DAD655CD510A',2,30,-66,-66.93332672,1.048261642
1502205286, '2D1032CDC2EC',3,26,-80,-83.53845978,2.788988829
1502205286, '5D358CDAED0D',2,28,-68,-69.03570557,0.881168902
,,,,,,
1502205346, '9A34ECDEA99E',2,30,-72,-73.43333435,1.222868323
1502205346, 'DAD655CD510A',2,29,-66,-66.75862122,0.689469695
1502205346, '2D1032CDC2EC',3,28,-70,-73.60713959,2.439478636
1502205346, '94DC6692F976',3,30,-66,-70.1333313,2.129163265
,,,,,,
1502205406, '9A34ECDEA99E',2,28,-72,-73.53569794,0.792655826
1502205406, 'DAD655CD510A',2,30,-65,-66.29999542,0.534982502
1502205406, '2D1032CDC2EC',3,30,-70,-72.1000061,1.748890162
1502205406, '94DC6692F976',3,29,-66,-68.41379547,1.180714965
,,,,,,
1502205466, '9A34ECDEA99E',2,28,-73,-73.85714722,0.755929172
1502205466, 'DAD655CD510A',2,27,-66,-66.74073029,0.446573406
1502205466, '2D1032CDC2EC',3,29,-71,-74.82757568,1.983302474
1502205466, '94DC6692F976',3,29,-67,-69.96552277,1.614282131
,,,,,,
1502205526, '9A34ECDEA99E',2,28,-73,-74.17857361,0.772372425
1502205526, 'DAD655CD510A',2,30,-66,-66.6000061,0.498272538
1502205526, '2D1032CDC2EC',3,29,-73,-74.72414398,0.996299863
1502205526, '94DC6692F976',3,29,-68,-72.20690155,1.448626757
,,,,,,
1502205586, '9A34ECDEA99E',2,27,-72,-73.48149872,0.57980901
1502205586, 'DAD655CD510A',2,30,-66,-66.56666565,0.568320811
1502205586, '2D1032CDC2EC',3,28,-71,-73.28572083,0.896791339
1502205586, '94DC6692F976',3,30,-70,-72.73332977,1.638617039
,,,,,,
1502205646, '9A34ECDEA99E',2,28,-72,-73.89286041,0.875143409
1502205646, 'DAD655CD510A',2,30,-66,-66.56667328,0.62606287
1502205646, '2D1032CDC2EC',3,28,-71,-72.42856598,0.878912032
1502205646, '94DC6692F976',3,29,-71,-72.51724243,1.242714405
,,,,,,
1502205706, '9A34ECDEA99E',2,27,-72,-73.74074554,0.712126076
1502205706, '2D1032CDC2EC',3,30,-71,-72.19999695,1.374647021
1502205706, '94DC6692F976',3,29,-72,-73.24137115,1.214649081
1502205706, '5D358CDAED0D',2,30,-67,-67.56666565,0.504007459
,,,,,,
1502205706, '9A34ECDEA99E',2,27,-72,-73.74074554,0.712126076
1502205706, '2D1032CDC2EC',3,30,-71,-72.19999695,1.374647021
1502205706, '94DC6692F976',3,29,-72,-73.24137115,1.214649081
1502205706, '5D358CDAED0D',2,30,-67,-67.56666565,0.504007459
,,,,,,
1502205766, '9A34ECDEA99E',2,28,-72,-74.42857361,1.665071249
1502205766, 'DAD655CD510A',2,30,-66,-66.53333282,0.507416368
1502205766, '2D1032CDC2EC',3,30,-70,-71.26667023,0.827682972
1502205766, '5D358CDAED0D',2,29,-67,-67.65516663,0.483728409
,,,,,,
1502205826, '9A34ECDEA99E',2,30,-75,-76.33334351,0.844183505
1502205826, 'DAD655CD510A',2,29,-66,-66.37930298,0.49380371
1502205826, '2D1032CDC2EC',3,27,-70,-72,1.208942533
1502205826, '94DC6692F976',3,28,-73,-74.82143402,1.362284064
,,,,,,
1502205886, '9A34ECDEA99E',2,28,-73,-75.24999237,1.456149697
1502205886, 'DAD655CD510A',2,30,-66,-66.46666718,0.507416546
1502205886, '2D1032CDC2EC',3,27,-71,-72.59259033,0.930643737
1502205886, '94DC6692F976',3,30,-69,-72.33332062,3.020994902
,,,,,,
1502205946, '9A34ECDEA99E',2,29,-72,-74.48275757,0.98636055
1502205946, 'DAD655CD510A',2,30,-66,-66.79999542,0.664363086
1502205946, '2D1032CDC2EC',3,30,-64,-71.76667023,4.523375988
1502205946, '94DC6692F976',3,30,-65,-68.46665955,2.029664278
,,,,,,
1502206006, '9A34ECDEA99E',2,29,-72,-74.89655304,1.422895551
1502206006, 'DAD655CD510A',2,29,-66,-66.51724243,0.508547843
1502206006, '2D1032CDC2EC',3,29,-67,-67.41379547,0.501231372
1502206006, '94DC6692F976',3,30,-66,-68.1333313,1.306043267
,,,,,,
1502206066, '9A34ECDEA99E',2,26,-74,-75.46154022,1.725819588
1502206066, 'DAD655CD510A',2,30,-66,-66.76667786,0.504006326
1502206066, '2D1032CDC2EC',3,30,-67,-68.1000061,0.803012013
1502206066, '94DC6692F976',3,30,-66,-69.20000458,1.954659104
,,,,,,
1502206126, '9A34ECDEA99E',2,30,-73,-74.66666412,0.844181597
1502206126, 'DAD655CD510A',2,30,-66,-66.66667175,0.606478751
1502206126, '2D1032CDC2EC',3,30,-67,-67.66666412,0.758097351
1502206126, '94DC6692F976',3,29,-66,-67.96550751,1.017095447
,,,,,,
1502206126, '9A34ECDEA99E',2,30,-73,-74.66666412,0.844181597
1502206126, 'DAD655CD510A',2,30,-66,-66.66667175,0.606478751
1502206126, '2D1032CDC2EC',3,30,-67,-67.66666412,0.758097351
1502206126, '94DC6692F976',3,29,-66,-67.96550751,1.017095447
,,,,,,
1502206186, 'DAD655CD510A',2,29,-65,-66.68965912,0.760800362
1502206186, '9A34ECDEA99E',2,29,-73,-75.0689621,1.131720424
1502206186, '2D1032CDC2EC',3,30,-67,-67.29999542,0.466092825
1502206186, '5D358CDAED0D',2,29,-67,-69.10345459,1.046928644
,,,,,,
1502206186, 'DAD655CD510A',2,29,-65,-66.68965912,0.760800362
1502206186, '9A34ECDEA99E',2,29,-73,-75.0689621,1.131720424
1502206186, '2D1032CDC2EC',3,30,-67,-67.29999542,0.466092825
1502206186, '5D358CDAED0D',2,29,-67,-69.10345459,1.046928644
,,,,,,
1502206246, 'DAD655CD510A',2,30,-66,-66.73332214,0.691491067
1502206246, '9A34ECDEA99E',2,29,-71,-75.65518188,1.470566034
1502206246, '2D1032CDC2EC',3,30,-66,-68.33332825,1.625939488
1502206246, '94DC6692F976',3,30,-67,-68.7333374,1.484015703
,,,,,,
1502206306, 'DAD655CD510A',2,30,-65,-66.23334503,0.626061201
1502206306, '9A34ECDEA99E',2,28,-74,-75.67857361,1.441541791
1502206306, '2D1032CDC2EC',3,30,-66,-69.96666718,2.592872858
1502206306, '94DC6692F976',3,30,-67,-69.23334503,1.430779576
,,,,,,
1502206366, 'DAD655CD510A',2,29,-65,-66.31034088,0.603764236
1502206366, '9A34ECDEA99E',2,28,-74,-76.64285278,1.2236619
1502206366, '2D1032CDC2EC',3,29,-65,-67.86206818,1.746917248
1502206366, '94DC6692F976',3,30,-66,-68.09999847,0.922888517
,,,,,,
1502206426, 'DAD655CD510A',2,29,-66,-66.68965149,0.603764474
1502206426, '9A34ECDEA99E',2,30,-74,-75.7333374,1.484011889
1502206426, '2D1032CDC2EC',3,29,-70,-71.72412872,1.360057712
1502206426, '94DC6692F976',3,29,-67,-68.99999237,1.13389492
,,,,,,
1502206486, 'DAD655CD510A',2,30,-66,-67.6000061,1.868060231
1502206486, '9A34ECDEA99E',2,27,-77,-80.777771,2.391223907
1502206486, '2D1032CDC2EC',3,30,-71,-75.56667328,2.314620256
1502206486, '94DC6692F976',3,30,-68,-70.66666412,1.372974515
,,,,,,
1502206546, 'DAD655CD510A',2,30,-66,-71.6000061,2.620869398
1502206546, '9A34ECDEA99E',2,29,-73,-75.89654541,2.17690587
1502206546, '2D1032CDC2EC',3,27,-66,-72.88889313,4.405709743
1502206546, '94DC6692F976',3,30,-70,-73.80000305,2.591762304
,,,,,,
1502206546, 'DAD655CD510A',2,30,-66,-71.6000061,2.620869398
1502206546, '9A34ECDEA99E',2,29,-73,-75.89654541,2.17690587
1502206546, '2D1032CDC2EC',3,27,-66,-72.88889313,4.405709743
1502206546, '94DC6692F976',3,30,-70,-73.80000305,2.591762304
,,,,,,
1502206606, 'DAD655CD510A',2,29,-66,-68.10345459,1.31867826
1502206606, '9A34ECDEA99E',2,27,-73,-75.25925446,1.558912396
1502206606, '94DC6692F976',3,28,-71,-73.2142868,1.423536062
1502206606, '5D358CDAED0D',2,29,-68,-71.03447723,1.322406173
,,,,,,
1502206666, 'DAD655CD510A',2,30,-67,-69.09999847,1.213430762
1502206666, '9A34ECDEA99E',2,30,-72,-75.6333313,1.828572392
1502206666, '94DC6692F976',3,28,-69,-71.7857132,1.988056421
1502206666, '5D358CDAED0D',2,28,-69,-70.5,0.922959983
,,,,,,
1502206726, 'DAD655CD510A',2,30,-66,-68.2333374,1.381738544
1502206726, '9A34ECDEA99E',2,28,-72,-74.67855835,1.055972576
1502206726, '94DC6692F976',3,29,-66,-68.37930298,1.859603286
1502206726, '5D358CDAED0D',2,30,-68,-70.3666687,1.188546062
,,,,,,
1502206786, 'DAD655CD510A',2,28,-65,-68.14286804,1.532709122
1502206786, '9A34ECDEA99E',2,27,-74,-75.03703308,0.979856312
1502206786, '94DC6692F976',3,30,-66,-67.43332672,1.43077457
1502206786, 'F9632B2DFC58',2,30,-69,-71.53333282,1.224273205
,,,,,,
1502206786, 'DAD655CD510A',2,28,-65,-68.14286804,1.532709122
1502206786, '9A34ECDEA99E',2,27,-74,-75.03703308,0.979856312
1502206786, '94DC6692F976',3,30,-66,-67.43332672,1.43077457
1502206786, 'F9632B2DFC58',2,30,-69,-71.53333282,1.224273205
,,,,,,
1502206846, 'DAD655CD510A',2,28,-66,-71.60715485,3.813613892
1502206846, '9A34ECDEA99E',2,29,-74,-76.96551514,1.61428237
1502206846, '94DC6692F976',3,29,-65,-67.0689621,1.43753624
1502206846, '5D358CDAED0D',2,28,-68,-69.99999237,1.018350005
,,,,,,
1502206906, 'DAD655CD510A',2,30,-69,-70.30000305,1.149212241
1502206906, '9A34ECDEA99E',2,26,-73,-75.65383911,1.198073387
1502206906, '94DC6692F976',3,28,-68,-69.39285278,1.165533662
1502206906, '5D358CDAED0D',2,30,-67,-68.09999847,0.661763728
,,,,,,
1502206906, 'DAD655CD510A',2,30,-69,-70.30000305,1.149212241
1502206906, '9A34ECDEA99E',2,26,-73,-75.65383911,1.198073387
1502206906, '94DC6692F976',3,28,-68,-69.39285278,1.165533662
1502206906, '5D358CDAED0D',2,30,-67,-68.09999847,0.661763728
,,,,,,
1502206966, 'DAD655CD510A',2,30,-67,-71.43334198,1.735693932
1502206966, '9A34ECDEA99E',2,30,-71,-73.93332672,1.41258657
1502206966, '94DC6692F976',3,30,-66,-68.56667328,1.478197455
1502206966, '5D358CDAED0D',2,29,-67,-69,1.000000238
,,,,,,
1502207026, 'DAD655CD510A',2,28,-68,-69.60715485,0.916485071
1502207026, '9A34ECDEA99E',2,27,-71,-72.59259796,1.083414316
1502207026, '94DC6692F976',3,28,-66,-67.2857132,0.89678961
1502207026, '5D358CDAED0D',2,30,-67,-68.5,1.074791312
,,,,,,
1502207026, 'DAD655CD510A',2,28,-68,-69.60715485,0.916485071
1502207026, '9A34ECDEA99E',2,27,-71,-72.59259796,1.083414316
1502207026, '94DC6692F976',3,28,-66,-67.2857132,0.89678961
1502207026, '5D358CDAED0D',2,30,-67,-68.5,1.074791312
,,,,,,
1502207086, 'DAD655CD510A',2,29,-69,-70.20690155,0.81850636
1502207086, '9A34ECDEA99E',2,30,-73,-75.16666412,1.147214532
1502207086, '94DC6692F976',3,29,-67,-68.62068939,1.26530087
1502207086, '5D358CDAED0D',2,28,-68,-69.21427917,0.498676717
,,,,,,
1502207146, 'DAD655CD510A',2,29,-68,-69.79311371,0.977580726
1502207146, '9A34ECDEA99E',2,28,-73,-74.50001526,1.071519494
1502207146, '94DC6692F976',3,29,-66,-67.44827271,1.152209282
1502207146, '5D358CDAED0D',2,29,-68,-70.10344696,0.939025104
,,,,,,
1502207206, 'DAD655CD510A',2,27,-68,-71.222229,1.395964026
1502207206, '9A34ECDEA99E',2,29,-73,-74.79309845,1.235756397
1502207206, '94DC6692F976',3,27,-67,-71.92592621,3.989656925
1502207206, 'F9632B2DFC58',2,28,-67,-69.82141876,1.700839162
,,,,,,
1502207266, 'DAD655CD510A',2,30,-68,-69.09999084,0.547723234
1502207266, '94DC6692F976',3,30,-69,-70.16666412,1.176886082
1502207266, '5D358CDAED0D',2,30,-67,-68.09999084,0.71196872
1502207266, 'F9632B2DFC58',2,27,-70,-71.48148346,0.975482821
,,,,,,
1502207326, 'DAD655CD510A',2,30,-68,-69.03333282,0.668676376
1502207326, '9A34ECDEA99E',2,26,-74,-74.53846741,0.646886528
1502207326, '94DC6692F976',3,29,-71,-72.17241669,1.338146329
1502207326, '5D358CDAED0D',2,29,-67,-68.48274994,0.633623004
,,,,,,
1502207386, 'DAD655CD510A',2,29,-68,-69.41378784,0.94556284
1502207386, '9A34ECDEA99E',2,28,-73,-74.85714722,1.556686878
1502207386, '94DC6692F976',3,29,-71,-73.06896973,0.961063385
1502207386, '5D358CDAED0D',2,29,-67,-68.27587128,0.797159195
,,,,,,
1502207446, 'DAD655CD510A',2,28,-70,-72.32143402,1.564739108
1502207446, '9A34ECDEA99E',2,28,-75,-77.00000763,1.054094672
1502207446, '94DC6692F976',3,29,-69,-71.68964386,1.339066267
1502207446, '5D358CDAED0D',2,30,-68,-68.76665497,0.568317771
,,,,,,
1502207506, 'DAD655CD510A',2,30,-67,-69.5333252,1.455864787
1502207506, '9A34ECDEA99E',2,27,-76,-77.22222137,1.281025171
1502207506, '94DC6692F976',3,29,-67,-69.20690155,1.235762596
1502207506, '5D358CDAED0D',2,30,-66,-67.59998322,0.813677907
,,,,,,
1502207566, 'DAD655CD510A',2,29,-68,-69.82758331,0.889178813
1502207566, '9A34ECDEA99E',2,29,-72,-75.03447723,2.275376558
1502207566, '94DC6692F976',3,29,-67,-68.48274994,1.153280497
1502207566, '5D358CDAED0D',2,29,-68,-69,0.654653311
,,,,,,
1502207626, 'DAD655CD510A',2,30,-69,-71.8999939,2.040119648
1502207626, '9A34ECDEA99E',2,28,-69,-73.32143402,1.540888429
1502207626, '94DC6692F976',3,29,-67,-68.55172729,1.594323874
1502207626, '5D358CDAED0D',2,30,-69,-70.43333435,0.727933109
,,,,,,
1502207686, 'DAD655CD510A',2,29,-70,-74.13792419,2.936522484
1502207686, '9A34ECDEA99E',2,27,-71,-73.22222137,1.120896697
1502207686, '94DC6692F976',3,29,-66,-67.48277283,0.828975856
1502207686, '5D358CDAED0D',2,30,-69,-70.3666687,0.808719933
,,,,,,
1502207746, 'DAD655CD510A',2,29,-67,-69.55172729,1.478084803
1502207746, '9A34ECDEA99E',2,27,-72,-73.51851654,0.80241704
1502207746, '94DC6692F976',3,30,-66,-67.33333588,0.884085238
1502207746, '5D358CDAED0D',2,28,-69,-69.82141876,0.722835243
,,,,,,
1502207806, 'DAD655CD510A',2,29,-68,-69.79310608,1.372674465
1502207806, '9A34ECDEA99E',2,29,-71,-72.82759094,0.75917691
1502207806, '94DC6692F976',3,28,-67,-68.53570557,0.881165564
1502207806, '5D358CDAED0D',2,29,-68,-69.24137115,0.912419558
,,,,,,
1502207866, 'DAD655CD510A',2,30,-68,-69.56667328,0.817199111
1502207866, '9A34ECDEA99E',2,30,-73,-75.56667328,1.135121465
1502207866, '94DC6692F976',3,29,-68,-69.24139404,1.272088408
1502207866, '5D358CDAED0D',2,30,-67,-67.80000305,0.714386106
,,,,,,
1502207926, 'DAD655CD510A',2,26,-70,-71.2307663,0.862911403
1502207926, '9A34ECDEA99E',2,25,-73,-74.32000732,0.55677557
1502207926, '94DC6692F976',3,30,-67,-68.0333252,0.718393445
1502207926, '5D358CDAED0D',2,28,-67,-67.5,0.509170353
,,,,,,
1502207926, 'DAD655CD510A',2,26,-70,-71.2307663,0.862911403
1502207926, '9A34ECDEA99E',2,25,-73,-74.32000732,0.55677557
1502207926, '94DC6692F976',3,30,-67,-68.0333252,0.718393445
1502207926, '5D358CDAED0D',2,28,-67,-67.5,0.509170353
,,,,,,
1502207986, 'DAD655CD510A',2,27,-68,-69.85185242,0.718099236
1502207986, '9A34ECDEA99E',2,29,-74,-75.20689392,0.94033891
1502207986, '94DC6692F976',3,29,-67,-68.03448486,0.625799596
1502207986, '5D358CDAED0D',2,29,-67,-67.75863647,0.635560513
,,,,,,
1502207986, 'DAD655CD510A',2,27,-68,-69.85185242,0.718099236
1502207986, '9A34ECDEA99E',2,29,-74,-75.20689392,0.94033891
1502207986, '94DC6692F976',3,29,-67,-68.03448486,0.625799596
1502207986, '5D358CDAED0D',2,29,-67,-67.75863647,0.635560513
,,,,,,
1502208046, '9A34ECDEA99E',2,30,-73,-74.7333374,0.907185376
1502208046, 'DAD655CD510A',2,28,-70,-73.67856598,2.228662491
1502208046, '94DC6692F976',3,30,-66,-66.76667023,0.727936804
1502208046, '5D358CDAED0D',2,29,-68,-69.31034851,1.003687024
,,,,,,
1502208106, '9A34ECDEA99E',2,29,-72,-73.89654541,1.345490813
1502208106, 'DAD655CD510A',2,30,-69,-71.96666718,1.217212796
1502208106, '94DC6692F976',3,30,-65,-66.3666687,0.614949524
1502208106, '5D358CDAED0D',2,29,-69,-69.93103027,1.251600862
,,,,,,
1502208166, '9A34ECDEA99E',2,28,-73,-74.32141113,0.818922758
1502208166, 'DAD655CD510A',2,29,-73,-75.82759094,2.300141573
1502208166, '94DC6692F976',3,30,-62,-65.49998474,0.861032009
1502208166, '5D358CDAED0D',2,29,-70,-72.24137878,1.573330402
,,,,,,
1502208226, '9A34ECDEA99E',2,29,-72,-73.62069702,1.014668465
1502208226, 'DAD655CD510A',2,28,-74,-76.67856598,2.019417048
1502208226, '94DC6692F976',3,28,-65,-65.53572083,0.576204836
1502208226, '5D358CDAED0D',2,28,-69,-70.49999237,0.577349007
,,,,,,
1502208286, '9A34ECDEA99E',2,29,-73,-75.55173492,1.120782852
1502208286, 'DAD655CD510A',2,28,-68,-73.07143402,4.017818451
1502208286, '94DC6692F976',3,29,-65,-66.17241669,0.539110541
1502208286, '5D358CDAED0D',2,30,-68,-69.23332214,0.773853302
,,,,,,
1502208346, '9A34ECDEA99E',2,27,-73,-74.66665649,1.000001669
1502208346, 'DAD655CD510A',2,29,-67,-70.89654541,2.335208178
1502208346, '94DC6692F976',3,29,-63,-65.79310608,1.013457298
1502208346, '5D358CDAED0D',2,28,-67,-68.46429443,0.83807987
,,,,,,
459F7A08D5D7,,,,,,
,,,,,,
time,hwid,type,samples,maxRSSI,mean,stddev
1502208466, '9A34ECDEA99E',2,27,-72,-75.77778625,2.606694221
1502208466, 'DAD655CD510A',2,29,-68,-71.68966675,1.834267378
1502208466, '94DC6692F976',3,29,-65,-65.75862122,0.689470649
1502208466, '5D358CDAED0D',2,30,-66,-67.99999237,1.050446987
,,,,,,
459F7A08D5D7,,,,,,
,,,,,,
time,hwid,type,samples,maxRSSI,mean,stddev
1502208526, '9A34ECDEA99E',2,28,-72,-75.2857132,1.718250513
1502208526, '94DC6692F976',3,30,-64,-66.46665955,1.525266171
1502208526, '5D358CDAED0D',2,29,-66,-68.10344696,1.234762907
1502208526, 'F9632B2DFC58',2,27,-75,-80.7036972,3.770483255
,,,,,,
1502208586, '9A34ECDEA99E',2,29,-73,-75.34482574,1.421163321
1502208586, 'DAD655CD510A',2,30,-66,-67.26667023,0.868346334
1502208586, '94DC6692F976',3,29,-67,-67.86207581,0.693033397
1502208586, '5D358CDAED0D',2,30,-67,-68.5333252,0.730298638
,,,,,,
1502208586, '9A34ECDEA99E',2,29,-73,-75.34482574,1.421163321
1502208586, 'DAD655CD510A',2,30,-66,-67.26667023,0.868346334
1502208586, '94DC6692F976',3,29,-67,-67.86207581,0.693033397
1502208586, '5D358CDAED0D',2,30,-67,-68.5333252,0.730298638
,,,,,,
1502208646, '9A34ECDEA99E',2,21,-74,-75.90476227,0.889086723
1502208646, 'DAD655CD510A',2,22,-66,-66.90908813,0.610159636
1502208646, '94DC6692F976',3,22,-66,-67.54545593,0.857863128
1502208646, '5D358CDAED0D',2,23,-67,-68.69564819,0.973969817
,,,,,,
1502208646, '9A34ECDEA99E',2,21,-74,-75.90476227,0.889086723
1502208646, 'DAD655CD510A',2,22,-66,-66.90908813,0.610159636
1502208646, '94DC6692F976',3,22,-66,-67.54545593,0.857863128
1502208646, '5D358CDAED0D',2,23,-67,-68.69564819,0.973969817
,,,,,,
1502208706, 'DAD655CD510A',2,30,-66,-67.26667023,1.998849511
1502208706, '9A34ECDEA99E',2,29,-72,-74.58621216,1.239739537
1502208706, '94DC6692F976',3,29,-67,-68.96551514,1.148995757
1502208706, '5D358CDAED0D',2,30,-67,-68.83332825,0.949893415
,,,,,,
1502208706, 'DAD655CD510A',2,30,-66,-67.26667023,1.998849511
1502208706, '9A34ECDEA99E',2,29,-72,-74.58621216,1.239739537
1502208706, '94DC6692F976',3,29,-67,-68.96551514,1.148995757
1502208706, '5D358CDAED0D',2,30,-67,-68.83332825,0.949893415
,,,,,,
1502208706, 'DAD655CD510A',2,30,-66,-67.26667023,1.998849511
1502208706, '9A34ECDEA99E',2,29,-72,-74.58621216,1.239739537
1502208706, '94DC6692F976',3,29,-67,-68.96551514,1.148995757
1502208706, '5D358CDAED0D',2,30,-67,-68.83332825,0.949893415
,,,,,,
1502208766, 'DAD655CD510A',2,29,-66,-67.86207581,1.381615877
1502208766, '9A34ECDEA99E',2,27,-69,-75.222229,2.470337391
1502208766, '94DC6692F976',3,28,-69,-70.89284515,1.286375165
1502208766, '5D358CDAED0D',2,28,-67,-67.82142639,0.772373378
,,,,,,
1502208766, 'DAD655CD510A',2,29,-66,-67.86207581,1.381615877
1502208766, '9A34ECDEA99E',2,27,-69,-75.222229,2.470337391
1502208766, '94DC6692F976',3,28,-69,-70.89284515,1.286375165
1502208766, '5D358CDAED0D',2,28,-67,-67.82142639,0.772373378
,,,,,,
1502208826, 'DAD655CD510A',2,29,-68,-71.72414398,1.729917765
1502208826, '9A34ECDEA99E',2,28,-66,-68.64286041,1.253565669
1502208826, '94DC6692F976',3,30,-67,-68.96665955,1.15916872
1502208826, '5D358CDAED0D',2,30,-65,-67.60001373,1.42876792
,,,,,,
1502208826, 'DAD655CD510A',2,29,-68,-71.72414398,1.729917765
1502208826, '9A34ECDEA99E',2,28,-66,-68.64286041,1.253565669
1502208826, '94DC6692F976',3,30,-67,-68.96665955,1.15916872
1502208826, '5D358CDAED0D',2,30,-65,-67.60001373,1.42876792
,,,,,,
1502208886, 'DAD655CD510A',2,29,-69,-73.17240143,2.578328133
1502208886, '9A34ECDEA99E',2,30,-67,-69.53333282,2.556039333
1502208886, '94DC6692F976',3,28,-67,-68.60714722,1.571488857
1502208886, '5D358CDAED0D',2,30,-66,-68.23332214,2.299677849
,,,,,,
1502208886, 'DAD655CD510A',2,29,-69,-73.17240143,2.578328133
1502208886, '9A34ECDEA99E',2,30,-67,-69.53333282,2.556039333
1502208886, '94DC6692F976',3,28,-67,-68.60714722,1.571488857
1502208886, '5D358CDAED0D',2,30,-66,-68.23332214,2.299677849
,,,,,,
1502208946, 'DAD655CD510A',2,30,-69,-73.5333252,2.285384655
1502208946, '9A34ECDEA99E',2,29,-67,-72,2.236065626
1502208946, '5D358CDAED0D',2,27,-70,-70.92592621,0.91676259
1502208946, '6392B6C5FB53',2,30,-67,-67.83334351,0.746641874
,,,,,,
1502208946, 'DAD655CD510A',2,30,-69,-73.5333252,2.285384655
1502208946, '9A34ECDEA99E',2,29,-67,-72,2.236065626
1502208946, '5D358CDAED0D',2,27,-70,-70.92592621,0.91676259
1502208946, '6392B6C5FB53',2,30,-67,-67.83334351,0.746641874
,,,,,,
1502209006, 'DAD655CD510A',2,29,-74,-75.10343933,1.345494628
1502209006, '9A34ECDEA99E',2,29,-71,-73.27586365,0.840771735
1502209006, '94DC6692F976',3,28,-68,-68.74999237,0.645496607
1502209006, '5D358CDAED0D',2,30,-70,-70.36666107,0.490131944
,,,,,,
1502209006, 'DAD655CD510A',2,29,-74,-75.10343933,1.345494628
1502209006, '9A34ECDEA99E',2,29,-71,-73.27586365,0.840771735
1502209006, '94DC6692F976',3,28,-68,-68.74999237,0.645496607
1502209006, '5D358CDAED0D',2,30,-70,-70.36666107,0.490131944
,,,,,,
1502209066, 'DAD655CD510A',2,28,-74,-75.46427917,1.231746435
1502209066, '9A34ECDEA99E',2,26,-71,-74.11537933,1.070585251
1502209066, '94DC6692F976',3,29,-68,-69.20689392,0.773642421
1502209066, '5D358CDAED0D',2,30,-69,-70.16666412,0.647718906
,,,,,,
1502209066, 'DAD655CD510A',2,28,-74,-75.46427917,1.231746435
1502209066, '9A34ECDEA99E',2,26,-71,-74.11537933,1.070585251
1502209066, '94DC6692F976',3,29,-68,-69.20689392,0.773642421
1502209066, '5D358CDAED0D',2,30,-69,-70.16666412,0.647718906
,,,,,,
1502209126, 'DAD655CD510A',2,29,-73,-76.65517426,2.453508377
1502209126, '9A34ECDEA99E',2,28,-72,-75.50000763,2.924987316
1502209126, '94DC6692F976',3,30,-68,-69.76665497,1.501338243
1502209126, '5D358CDAED0D',2,29,-69,-69.75862122,0.635564268
,,,,,,
1502209126, 'DAD655CD510A',2,29,-73,-76.65517426,2.453508377
1502209126, '9A34ECDEA99E',2,28,-72,-75.50000763,2.924987316
1502209126, '94DC6692F976',3,30,-68,-69.76665497,1.501338243
1502209126, '5D358CDAED0D',2,29,-69,-69.75862122,0.635564268
,,,,,,
1502209186, 'DAD655CD510A',2,29,-73,-75.24137878,1.214648128
1502209186, '9A34ECDEA99E',2,26,-71,-74.99999237,1.52315414
1502209186, '5D358CDAED0D',2,29,-69,-70.27586365,0.751023173
1502209186, '2D1032CDC2EC',3,28,-67,-67.89285278,0.314970434
,,,,,,
1502209186, 'DAD655CD510A',2,29,-73,-75.24137878,1.214648128
1502209186, '9A34ECDEA99E',2,26,-71,-74.99999237,1.52315414
1502209186, '5D358CDAED0D',2,29,-69,-70.27586365,0.751023173
1502209186, '2D1032CDC2EC',3,28,-67,-67.89285278,0.314970434
,,,,,,
1502209246, 'DAD655CD510A',2,23,-72,-75.17391968,0.984064341
1502209246, '9A34ECDEA99E',2,28,-70,-72.64285278,1.193013072
1502209246, '94DC6692F976',3,29,-68,-69.24139404,0.786271691
1502209246, '5D358CDAED0D',2,30,-69,-69.90001678,0.661760151
,,,,,,
1502209246, 'DAD655CD510A',2,23,-72,-75.17391968,0.984064341
1502209246, '9A34ECDEA99E',2,28,-70,-72.64285278,1.193013072
1502209246, '94DC6692F976',3,29,-68,-69.24139404,0.786271691
1502209246, '5D358CDAED0D',2,30,-69,-69.90001678,0.661760151
,,,,,,
1502209306, 'DAD655CD510A',2,27,-71,-73.81481171,1.301983118
1502209306, '9A34ECDEA99E',2,27,-70,-71.81479645,1.331193924
1502209306, '94DC6692F976',3,28,-69,-70.17858124,0.904866755
1502209306, '5D358CDAED0D',2,30,-69,-70.06667328,0.639685869
,,,,,,
1502209306, 'DAD655CD510A',2,27,-71,-73.81481171,1.301983118
1502209306, '9A34ECDEA99E',2,27,-70,-71.81479645,1.331193924
1502209306, '94DC6692F976',3,28,-69,-70.17858124,0.904866755
1502209306, '5D358CDAED0D',2,30,-69,-70.06667328,0.639685869
,,,,,,
1502209366, 'DAD655CD510A',2,28,-72,-74.32141876,1.678926468
1502209366, '9A34ECDEA99E',2,28,-70,-71.28572083,1.117441535
1502209366, '94DC6692F976',3,30,-70,-71.23332214,1.165107369
1502209366, '5D358CDAED0D',2,27,-69,-70.03704071,0.517500103
,,,,,,
1502209366, 'DAD655CD510A',2,28,-72,-74.32141876,1.678926468
1502209366, '9A34ECDEA99E',2,28,-70,-71.28572083,1.117441535
1502209366, '94DC6692F976',3,30,-70,-71.23332214,1.165107369
1502209366, '5D358CDAED0D',2,27,-69,-70.03704071,0.517500103
,,,,,,
1502209426, 'DAD655CD510A',2,27,-68,-74.07407379,2.867939234
1502209426, '9A34ECDEA99E',2,28,-70,-73.82142639,2.982091904
1502209426, '94DC6692F976',3,29,-71,-73.37931061,3.310307026
1502209426, '5D358CDAED0D',2,30,-68,-69.69999695,0.836660624
,,,,,,
1502209426, 'DAD655CD510A',2,27,-68,-74.07407379,2.867939234
1502209426, '9A34ECDEA99E',2,28,-70,-73.82142639,2.982091904
1502209426, '94DC6692F976',3,29,-71,-73.37931061,3.310307026
1502209426, '5D358CDAED0D',2,30,-68,-69.69999695,0.836660624
,,,,,,
1502209486, 'DAD655CD510A',2,29,-67,-72.31034851,3.048458815
1502209486, '9A34ECDEA99E',2,29,-67,-74.44827271,3.439122915
1502209486, '94DC6692F976',3,28,-67,-71.85713959,2.445167303
1502209486, '5D358CDAED0D',2,29,-67,-68.75862122,1.154344082
,,,,,,
1502209486, 'DAD655CD510A',2,29,-67,-72.31034851,3.048458815
1502209486, '9A34ECDEA99E',2,29,-67,-74.44827271,3.439122915
1502209486, '94DC6692F976',3,28,-67,-71.85713959,2.445167303
1502209486, '5D358CDAED0D',2,29,-67,-68.75862122,1.154344082
,,,,,,
1502209546, 'DAD655CD510A',2,28,-66,-69.4642868,2.768635035
1502209546, '9A34ECDEA99E',2,26,-70,-73.57691956,3.890226364
1502209546, '94DC6692F976',3,28,-69,-72.67856598,1.944673419
1502209546, '5D358CDAED0D',2,30,-66,-67.8999939,0.922889948
,,,,,,
1502209546, 'DAD655CD510A',2,28,-66,-69.4642868,2.768635035
1502209546, '9A34ECDEA99E',2,26,-70,-73.57691956,3.890226364
1502209546, '94DC6692F976',3,28,-69,-72.67856598,1.944673419
1502209546, '5D358CDAED0D',2,30,-66,-67.8999939,0.922889948
,,,,,,
1502209606, 'DAD655CD510A',2,29,-67,-71.31034088,2.139816761
1502209606, '9A34ECDEA99E',2,30,-71,-75.43333435,2.884959698
1502209606, '94DC6692F976',3,30,-70,-75.46666718,2.459790468
1502209606, '5D358CDAED0D',2,29,-66,-68.03447723,1.148997545
,,,,,,
1502209606, 'DAD655CD510A',2,29,-67,-71.31034088,2.139816761
1502209606, '9A34ECDEA99E',2,30,-71,-75.43333435,2.884959698
1502209606, '94DC6692F976',3,30,-70,-75.46666718,2.459790468
1502209606, '5D358CDAED0D',2,29,-66,-68.03447723,1.148997545
,,,,,,
1502209666, 'DAD655CD510A',2,29,-68,-74.48274994,4.437027931
1502209666, '9A34ECDEA99E',2,27,-70,-75.74073792,3.323487043
1502209666, '94DC6692F976',3,27,-72,-76.18518066,2.166830778
1502209666, '5D358CDAED0D',2,30,-66,-67.46665955,1.074256659
,,,,,,
1502209666, 'DAD655CD510A',2,29,-68,-74.48274994,4.437027931
1502209666, '9A34ECDEA99E',2,27,-70,-75.74073792,3.323487043
1502209666, '94DC6692F976',3,27,-72,-76.18518066,2.166830778
1502209666, '5D358CDAED0D',2,30,-66,-67.46665955,1.074256659
,,,,,,
1502209726, 'DAD655CD510A',2,22,-75,-83.27272797,3.718446016
1502209726, '9A34ECDEA99E',2,29,-71,-73.82758331,3.338829517
1502209726, '94DC6692F976',3,28,-69,-71.60713196,1.523619294
1502209726, '5D358CDAED0D',2,29,-67,-68.10344696,0.72431165
,,,,,,
1502209726, 'DAD655CD510A',2,22,-75,-83.27272797,3.718446016
1502209726, '9A34ECDEA99E',2,29,-71,-73.82758331,3.338829517
1502209726, '94DC6692F976',3,28,-69,-71.60713196,1.523619294
1502209726, '5D358CDAED0D',2,29,-67,-68.10344696,0.72431165
,,,,,,
1502209786, 'DAD655CD510A',2,24,-74,-80.99999237,3.203258276
1502209786, '9A34ECDEA99E',2,29,-71,-72.44828796,1.152212262
1502209786, '94DC6692F976',3,27,-70,-71.2963028,1.170624375
1502209786, '5D358CDAED0D',2,28,-67,-67.85714722,0.448393196
,,,,,,
1502209786, 'DAD655CD510A',2,24,-74,-80.99999237,3.203258276
1502209786, '9A34ECDEA99E',2,29,-71,-72.44828796,1.152212262
1502209786, '94DC6692F976',3,27,-70,-71.2963028,1.170624375
1502209786, '5D358CDAED0D',2,28,-67,-67.85714722,0.448393196
,,,,,,
1502209846, 'DAD655CD510A',2,25,-74,-79.08000946,5.130948544
1502209846, '9A34ECDEA99E',2,25,-72,-75.0799942,2.596793175
1502209846, '94DC6692F976',3,28,-69,-72.82142639,2.326238394
1502209846, '5D358CDAED0D',2,30,-66,-68.73332977,1.201531887
,,,,,,
1502209846, 'DAD655CD510A',2,25,-74,-79.08000946,5.130948544
1502209846, '9A34ECDEA99E',2,25,-72,-75.0799942,2.596793175
1502209846, '94DC6692F976',3,28,-69,-72.82142639,2.326238394
1502209846, '5D358CDAED0D',2,30,-66,-68.73332977,1.201531887
,,,,,,
1502209906, 'DAD655CD510A',2,22,-79,-83.72727203,2.548236847
1502209906, '9A34ECDEA99E',2,27,-72,-76.00001526,2.09394598
1502209906, '94DC6692F976',3,29,-72,-75.41379547,1.936810613
1502209906, '5D358CDAED0D',2,30,-66,-68.06668091,0.691492498
,,,,,,
1502209906, 'DAD655CD510A',2,22,-79,-83.72727203,2.548236847
1502209906, '9A34ECDEA99E',2,27,-72,-76.00001526,2.09394598
1502209906, '94DC6692F976',3,29,-72,-75.41379547,1.936810613
1502209906, '5D358CDAED0D',2,30,-66,-68.06668091,0.691492498
,,,,,,
1502209966, 'DAD655CD510A',2,22,-77,-80.95454407,3.031223059
1502209966, '9A34ECDEA99E',2,28,-73,-75.03572083,1.643896103
1502209966, '94DC6692F976',3,29,-71,-73.68965149,1.537704229
1502209966, '5D358CDAED0D',2,29,-66,-66.75861359,0.739459276
,,,,,,
1502210026, 'DAD655CD510A',2,28,-72,-78.71429443,2.274780512
1502210026, '9A34ECDEA99E',2,29,-68,-74.27586365,4.190947533
1502210026, '94DC6692F976',3,29,-68,-72.34483337,2.142694712
1502210026, '5D358CDAED0D',2,29,-67,-67.86206818,0.915115058
,,,,,,
1502210026, 'DAD655CD510A',2,28,-72,-78.71429443,2.274780512
1502210026, '9A34ECDEA99E',2,29,-68,-74.27586365,4.190947533
1502210026, '94DC6692F976',3,29,-68,-72.34483337,2.142694712
1502210026, '5D358CDAED0D',2,29,-67,-67.86206818,0.915115058
,,,,,,
1502210086, 'DAD655CD510A',2,29,-75,-78.51725006,2.585957289
1502210086, '9A34ECDEA99E',2,30,-68,-69.96665955,1.496736288
1502210086, '94DC6692F976',3,30,-69,-71.93334198,1.552158356
1502210086, '5D358CDAED0D',2,29,-68,-68.72413635,0.701862991
,,,,,,
1502210086, 'DAD655CD510A',2,29,-75,-78.51725006,2.585957289
1502210086, '9A34ECDEA99E',2,30,-68,-69.96665955,1.496736288
1502210086, '94DC6692F976',3,30,-69,-71.93334198,1.552158356
1502210086, '5D358CDAED0D',2,29,-68,-68.72413635,0.701862991
,,,,,,
1502210129, '000000000000',0,0,0,0,0
1502210129, '000000000000',0,0,0,0,0
1502210129, '000000000000',0,0,0,0,0
1502210129, '000000000000',0,0,0,0,0
,,,,,,
1502210189, '5D358CDAED0D',2,30,-69,-70.4666748,1.547708631
1502210189, '2D1032CDC2EC',3,29,-65,-68.0689621,1.811292529
1502210189, 'F9632B2DFC58',2,26,-75,-77.65384674,2.448544025
1502210189, '6392B6C5FB53',2,29,-64,-65.31034088,1.072494268
,,,,,,
1502210189, '5D358CDAED0D',2,30,-69,-70.4666748,1.547708631
1502210189, '2D1032CDC2EC',3,29,-65,-68.0689621,1.811292529
1502210189, 'F9632B2DFC58',2,26,-75,-77.65384674,2.448544025
1502210189, '6392B6C5FB53',2,29,-64,-65.31034088,1.072494268
,,,,,,
1502210249, 'DAD655CD510A',2,30,-71,-74.19999695,1.827001095
1502210249, '9A34ECDEA99E',2,29,-66,-66.89655304,0.900190949
1502210249, '94DC6692F976',3,28,-67,-67.78572083,0.875896156
1502210249, '5D358CDAED0D',2,30,-67,-68.79998779,1.063501358
,,,,,,
1502210249, 'DAD655CD510A',2,30,-71,-74.19999695,1.827001095
1502210249, '9A34ECDEA99E',2,29,-66,-66.89655304,0.900190949
1502210249, '94DC6692F976',3,28,-67,-67.78572083,0.875896156
1502210249, '5D358CDAED0D',2,30,-67,-68.79998779,1.063501358
,,,,,,
1502210309, '9A34ECDEA99E',2,29,-66,-66.99999237,0.755929291
1502210309, '94DC6692F976',3,30,-67,-68.43334198,0.935260415
1502210309, '5D358CDAED0D',2,30,-67,-68.73332977,0.827682614
1502210309, '2D1032CDC2EC',3,30,-62,-63.6333313,0.889918625
,,,,,,
1502210369, '9A34ECDEA99E',2,29,-63,-66.37931061,0.862462461
1502210369, '94DC6692F976',3,30,-68,-69.00001526,0.694806814
1502210369, '5D358CDAED0D',2,28,-67,-68.2142868,0.686220706
1502210369, '2D1032CDC2EC',3,29,-63,-64.31034088,0.660270989
,,,,,,
1502210429, '9A34ECDEA99E',2,30,-66,-66.73332977,0.520829678
1502210429, '94DC6692F976',3,27,-68,-68.77777863,0.751068771
1502210429, '5D358CDAED0D',2,29,-67,-68.31034088,0.849514186
1502210429, '2D1032CDC2EC',3,29,-63,-64,0.597614586
,,,,,,
1502210489, '9A34ECDEA99E',2,29,-66,-66.86206818,0.580895543
1502210489, '94DC6692F976',3,30,-67,-68.83334351,0.874283731
1502210489, '5D358CDAED0D',2,27,-67,-68.25926971,0.764230013
1502210489, '2D1032CDC2EC',3,28,-63,-63.82142639,0.547963262
,,,,,,
1502210549, '9A34ECDEA99E',2,30,-66,-67.03334808,0.556054652
1502210549, '94DC6692F976',3,28,-68,-69.4642868,0.961565971
1502210549, '5D358CDAED0D',2,29,-67,-68.55172729,1.055130482
1502210549, '2D1032CDC2EC',3,29,-63,-64.93102264,1.888518572
,,,,,,
1502210609, '9A34ECDEA99E',2,29,-66,-66.96551514,0.498766571
1502210609, '94DC6692F976',3,29,-69,-70.72414398,0.882225811
1502210609, '5D358CDAED0D',2,29,-67,-68.86206818,0.91511476
1502210609, '2D1032CDC2EC',3,29,-64,-65.27587128,0.70186156
,,,,,,
1502210669, '9A34ECDEA99E',2,28,-67,-68.35714722,0.951188147
1502210669, '94DC6692F976',3,30,-68,-69.80000305,0.996545613
1502210669, '5D358CDAED0D',2,30,-68,-69.09999847,0.803011656
1502210669, '2D1032CDC2EC',3,28,-63,-65.5,0.83886838
,,,,,,
1502210729, '9A34ECDEA99E',2,29,-67,-68.55171967,0.68588835
1502210729, '94DC6692F976',3,27,-68,-68.81480408,0.68145895
1502210729, '5D358CDAED0D',2,30,-66,-68.06666565,0.868346214
1502210729, 'F9632B2DFC58',2,27,-75,-79.11110687,1.90814805
,,,,,,
1502210789, '9A34ECDEA99E',2,29,-68,-68.31035614,0.470823526
1502210789, '94DC6692F976',3,30,-67,-68.43333435,0.568321407
1502210789, '5D358CDAED0D',2,30,-67,-68.46665955,0.899549901
1502210789, 'F9632B2DFC58',2,26,-77,-78.99998474,1.496656418
,,,,,,
1502210849, '9A34ECDEA99E',2,26,-68,-68.38461304,0.496140182
1502210849, '94DC6692F976',3,30,-56,-62.30000305,5.925690651
1502210849, '5D358CDAED0D',2,28,-66,-69.74999237,1.713236332
1502210849, 'F9632B2DFC58',2,28,-76,-77.71427917,1.083793402
,,,,,,
1502210909, '9A34ECDEA99E',2,31,-67,-68.12902069,0.427546859
1502210909, '94DC6692F976',3,30,-55,-56.20000458,1.349331379
1502210909, 'F9632B2DFC58',2,27,-76,-77.74073792,0.984204948
1502210909, '2D1032CDC2EC',3,30,-62,-62.53332901,0.628810167
,,,,,,
1502210969, '94DC6692F976',3,30,-55,-55.33333588,0.606478333
1502210969, '5D358CDAED0D',2,28,-67,-68.60714722,0.685257792
1502210969, 'F9632B2DFC58',2,28,-75,-77.2142868,1.100744605
1502210969, '6392B6C5FB53',2,30,-65,-65.93333435,0.520830214
,,,,,,
1502211029, '9A34ECDEA99E',2,27,-65,-67.40740204,1.152229548
1502211029, '94DC6692F976',3,30,-55,-56.09999847,0.922889054
1502211029, '5D358CDAED0D',2,29,-68,-69.55172729,1.020723104
1502211029, 'F9632B2DFC58',2,28,-74,-76.39286041,1.1655339
,,,,,,
1502211089, '9A34ECDEA99E',2,26,-66,-69.34615326,4.849267006
1502211089, '94DC6692F976',3,30,-55,-56.73333359,1.874205828
1502211089, '5D358CDAED0D',2,29,-67,-69.89655304,3.658111572
1502211089, 'F9632B2DFC58',2,27,-74,-78.59259033,2.706961155
,,,,,,
1502211149, '9A34ECDEA99E',2,30,-67,-67.76667023,0.568320751
1502211149, '94DC6692F976',3,30,-55,-55.76666641,0.56832087
1502211149, '5D358CDAED0D',2,30,-66,-67.83332825,0.64771831
1502211149, 'F9632B2DFC58',2,29,-73,-76.4827652,1.785270333
,,,,,,
1502211209, '9A34ECDEA99E',2,30,-66,-67.09999847,0.803011596
1502211209, '94DC6692F976',3,30,-54,-55.66666412,0.546671569
1502211209, '5D358CDAED0D',2,29,-66,-67.44828033,0.783135295
1502211209, 'F9632B2DFC58',2,28,-74,-75.85714722,1.508352518
,,,,,,
1502211269, '94DC6692F976',3,30,-55,-55.59999466,0.498271346
1502211269, '5D358CDAED0D',2,27,-68,-69.03702545,0.807726383
1502211269, '6392B6C5FB53',2,30,-64,-65.63334656,0.850295722
1502211269, 'F9632B2DFC58',2,26,-74,-75.92306519,1.383414388
,,,,,,
1502211329, '9A34ECDEA99E',2,30,-66,-66.79998779,0.484232098
1502211329, '94DC6692F976',3,30,-53,-55.2666626,1.080654979
1502211329, '5D358CDAED0D',2,30,-67,-68.73332977,0.639683723
1502211329, '6392B6C5FB53',2,28,-64,-65.4642868,0.961563945
,,,,,,
1502211389, '9A34ECDEA99E',2,28,-66,-68.35715485,1.061592817
1502211389, '94DC6692F976',3,30,-54,-55.56666565,0.773854256
1502211389, '5D358CDAED0D',2,30,-69,-70.23332977,0.971432149
1502211389, '6392B6C5FB53',2,30,-64,-67.4666748,1.613163114
,,,,,,
1502211389, '9A34ECDEA99E',2,28,-66,-68.35715485,1.061592817
1502211389, '94DC6692F976',3,30,-54,-55.56666565,0.773854256
1502211389, '5D358CDAED0D',2,30,-69,-70.23332977,0.971432149
1502211389, '6392B6C5FB53',2,30,-64,-67.4666748,1.613163114
,,,,,,
1502211389, '9A34ECDEA99E',2,28,-66,-68.35715485,1.061592817
1502211389, '94DC6692F976',3,30,-54,-55.56666565,0.773854256
1502211389, '5D358CDAED0D',2,30,-69,-70.23332977,0.971432149
1502211389, '6392B6C5FB53',2,30,-64,-67.4666748,1.613163114
,,,,,,
1502211449, '9A34ECDEA99E',2,29,-68,-68.93103027,0.798705637
1502211449, '94DC6692F976',3,29,-53,-54.89654922,1.175489426
1502211449, '5D358CDAED0D',2,28,-66,-69,1.01835084
1502211449, '6392B6C5FB53',2,30,-67,-68.93333435,1.552158237
,,,,,,
1502211509, '9A34ECDEA99E',2,30,-67,-69.16668701,1.019917369
1502211509, '94DC6692F976',3,30,-54,-55.79999542,1.063501716
1502211509, '5D358CDAED0D',2,28,-67,-68.50000763,1.036375761
1502211509, '6392B6C5FB53',2,30,-67,-69.4666748,1.431980848
,,,,,,
1502211569, '9A34ECDEA99E',2,30,-68,-68.80000305,0.48423478
1502211569, '94DC6692F976',3,30,-54,-55.33333206,0.884086251
1502211569, '5D358CDAED0D',2,29,-69,-70.17241669,0.88917917
1502211569, '6392B6C5FB53',2,28,-67,-67.96429443,0.999335885
,,,,,,
1502211629, '9A34ECDEA99E',2,29,-68,-68.86207581,0.580892742
1502211629, '94DC6692F976',3,30,-55,-55.03333282,0.182574227
1502211629, '5D358CDAED0D',2,30,-70,-71.56665802,0.858361602
1502211629, '6392B6C5FB53',2,29,-66,-66.96551514,0.823005736
,,,,,,
1502211689, '6392B6C5FB53',2,29,-66,-66.96551514,0.905646861
1502211689, '9A34ECDEA99E',2,30,-68,-68.7666626,0.430182755
1502211689, '94DC6692F976',3,30,-55,-55.03333664,0.182574332
1502211689, 'F9632B2DFC58',2,29,-74,-75.51725006,0.986357927
,,,,,,
1502211809, '6392B6C5FB53',2,30,-64,-66.33334351,1.422316194
1502211809, '9A34ECDEA99E',2,29,-67,-69.13793945,1.274030447
1502211809, '94DC6692F976',3,30,-55,-57.13333511,1.870522738
1502211809, 'F9632B2DFC58',2,26,-72,-76.34615326,1.598555923
,,,,,,
1502211869, '6392B6C5FB53',2,30,-61,-65.63331604,1.884293079
1502211869, '9A34ECDEA99E',2,27,-66,-69.33334351,1.000001431
1502211869, '94DC6692F976',3,30,-55,-56.2333374,0.568321109
1502211869, 'F9632B2DFC58',2,28,-77,-78.82141876,1.389205933
,,,,,,
1502211929, '6392B6C5FB53',2,28,-64,-65.85714722,1.078897834
1502211929, '9A34ECDEA99E',2,29,-69,-69.82757568,0.658403218
1502211929, '94DC6692F976',3,30,-55,-56.06666946,1.112106442
1502211929, 'F9632B2DFC58',2,30,-75,-76.09999084,0.922887504
,,,,,,
1502211989, '6392B6C5FB53',2,30,-64,-66.5333252,0.860365808
1502211989, '9A34ECDEA99E',2,30,-69,-69.43333435,0.626061857
1502211989, '94DC6692F976',3,30,-55,-57.30000305,1.178835869
1502211989, 'F9632B2DFC58',2,30,-74,-75.26667786,0.868343294
,,,,,,
1502212049, '9A34ECDEA99E',2,30,-69,-69.6333313,0.850287557
1502212049, '94DC6692F976',3,29,-58,-58.17241287,0.384426266
1502212049, 'F9632B2DFC58',2,28,-74,-75.07141876,0.662688971
1502212049, '2D1032CDC2EC',3,29,-63,-64.0689621,0.45755735
,,,,,,
1502212109, '9A34ECDEA99E',2,29,-68,-70.96549988,3.895810366
1502212109, '94DC6692F976',3,30,-54,-59.36666489,5.176094055
1502212109, 'F9632B2DFC58',2,26,-74,-77.15385437,2.292461395
1502212109, '2D1032CDC2EC',3,30,-62,-67.76667023,5.334877968
,,,,,,
1502212169, '9A34ECDEA99E',2,30,-71,-71.06667328,0.25370881
1502212169, '94DC6692F976',3,30,-56,-56.93333817,0.520831406
1502212169, 'F9632B2DFC58',2,27,-76,-77.29631042,0.668797314
1502212169, '2D1032CDC2EC',3,15,-73,-81.06666565,6.702523708
,,,,,,
1502212229, 'DAD655CD510A',2,15,-67,-77.73332977,4.58984375
1502212229, '9A34ECDEA99E',2,30,-70,-70.93332672,0.583290339
1502212229, '94DC6692F976',3,30,-55,-55.76667023,0.504007697
1502212229, 'F9632B2DFC58',2,28,-76,-78.39286041,1.257254601
,,,,,,
1502212289, '9A34ECDEA99E',2,30,-70,-71.09999084,0.54772681
1502212289, '94DC6692F976',3,30,-56,-56.59999466,0.563240886
1502212289, 'F9632B2DFC58',2,27,-77,-77.96296692,0.939783692
1502212289, '5D358CDAED0D',2,28,-69,-70.35713196,1.02611208
,,,,,,
1502212289, '9A34ECDEA99E',2,30,-70,-71.09999084,0.54772681
1502212289, '94DC6692F976',3,30,-56,-56.59999466,0.563240886
1502212289, 'F9632B2DFC58',2,27,-77,-77.96296692,0.939783692
1502212289, '5D358CDAED0D',2,28,-69,-70.35713196,1.02611208
,,,,,,
1502212349, '9A34ECDEA99E',2,30,-70,-71.29999542,0.534981906
1502212349, '94DC6692F976',3,30,-55,-56.53333282,0.776080012
1502212349, 'F9632B2DFC58',2,30,-77,-78,0.787838459
1502212349, '2D1032CDC2EC',3,25,-67,-74.6000061,5.780714989
,,,,,,
1502212409, '9A34ECDEA99E',2,30,-69,-70.8666687,0.571345627
1502212409, '94DC6692F976',3,30,-55,-56.13333511,0.776080549
1502212409, '2D1032CDC2EC',3,28,-67,-71.21429443,3.813788891
1502212409, 'F9632B2DFC58',2,26,-75,-77.34616852,0.935617268
,,,,,,
1502212469, 'DAD655CD510A',2,19,-77,-79.15789795,1.25888598
1502212469, '9A34ECDEA99E',2,29,-71,-71.37931824,0.493802488
1502212469, '94DC6692F976',3,30,-55,-55.6333313,0.490132183
1502212469, '2D1032CDC2EC',3,29,-65,-66.96550751,0.625800669
,,,,,,
1502212529, 'DAD655CD510A',2,14,-80,-82.07143402,1.268813729
1502212529, '9A34ECDEA99E',2,28,-69,-71.00000763,0.608582377
1502212529, '94DC6692F976',3,30,-55,-56.06666183,0.6396842
1502212529, '2D1032CDC2EC',3,28,-65,-73.82142639,4.225613117
,,,,,,
1502212589, '9A34ECDEA99E',2,29,-68,-69.4827652,1.352792263
1502212589, '94DC6692F976',3,30,-55,-55.93333817,0.639683723
1502212589, '2D1032CDC2EC',3,27,-70,-76.44444275,3.796084404
1502212589, 'F9632B2DFC58',2,30,-75,-76.56666565,0.727929711
,,,,,,
1502212649, 'DAD655CD510A',2,13,-81,-83.07691193,1.891276836
1502212649, '9A34ECDEA99E',2,29,-69,-70.20689392,0.773642123
1502212649, '94DC6692F976',3,29,-54,-55.48275757,0.574499369
1502212649, '2D1032CDC2EC',3,25,-71,-78.23999786,3.950527906
,,,,,,
1502212709, 'DAD655CD510A',2,12,-82,-84.33334351,2.015094995
1502212709, '9A34ECDEA99E',2,30,-69,-70.56666565,0.568316102
1502212709, '94DC6692F976',3,30,-54,-55.2666626,0.639683962
1502212709, '5D358CDAED0D',2,29,-69,-70.27585602,0.921821117
,,,,,,
1502212769, 'DAD655CD510A',2,8,-82,-85.75,2.052873611
1502212769, '9A34ECDEA99E',2,28,-70,-70.82143402,0.475594848
1502212769, '94DC6692F976',3,30,-55,-55.66666412,0.844182432
1502212769, 'F9632B2DFC58',2,27,-75,-78.25926971,1.163307428
,,,,,,
1502212829, '9A34ECDEA99E',2,30,-69,-70.43333435,0.858359635
1502212829, '94DC6692F976',3,30,-55,-56.29999161,1.055368185
1502212829, 'F9632B2DFC58',2,27,-76,-79.2963028,2.78477478
1502212829, '5D358CDAED0D',2,29,-68,-69.20689392,0.940335929
,,,,,,
1502212889, 'DAD655CD510A',2,15,-76,-82,4.140393734
1502212889, '9A34ECDEA99E',2,30,-69,-70.56667328,0.626064599
1502212889, '94DC6692F976',3,30,-55,-55.5,0.682288527
1502212889, '2D1032CDC2EC',3,28,-69,-75.7142868,3.028961658
,,,,,,
1502212949, 'DAD655CD510A',2,9,-82,-83.33332825,3.201565027
1502212949, '9A34ECDEA99E',2,28,-69,-70.32142639,1.248808026
1502212949, '94DC6692F976',3,30,-55,-56.20000076,0.550860882
1502212949, '5D358CDAED0D',2,29,-69,-70.44828033,1.120783091
,,,,,,
1502213069, 'DAD655CD510A',2,22,-68,-79.09091187,5.450286865
1502213069, '94DC6692F976',3,30,-54,-56.56666946,1.040004849
1502213069, '2D1032CDC2EC',3,29,-67,-69.20690155,1.473076224
1502213069, 'F9632B2DFC58',2,22,-83,-87.04546356,2.999640226
,,,,,,
1502213129, '9A34ECDEA99E',2,30,-69,-70.16667175,0.592093825
1502213129, '94DC6692F976',3,30,-55,-56.33333588,0.88408494
1502213129, '2D1032CDC2EC',3,21,-68,-80.14285278,6.650454044
1502213129, 'F9632B2DFC58',2,7,-86,-90.7142868,2.927699327
,,,,,,
1502213189, '9A34ECDEA99E',2,28,-69,-69.4642868,0.507874012
1502213189, '94DC6692F976',3,30,-55,-56.93333054,0.520831048
1502213189, '5D358CDAED0D',2,30,-69,-70.63332367,0.850285888
1502213189, '6392B6C5FB53',2,30,-67,-68.33333588,0.922267199
,,,,,,
1502213249, '9A34ECDEA99E',2,29,-68,-69.13793182,0.51576072
1502213249, '94DC6692F976',3,29,-57,-57.55172729,0.57235384
1502213249, '2D1032CDC2EC',3,29,-70,-72.0344696,0.944260955
1502213249, '5D358CDAED0D',2,28,-69,-70.17857361,0.611831844
,,,,,,
1502213309, '9A34ECDEA99E',2,28,-68,-69.67856598,0.818920135
1502213309, '94DC6692F976',3,30,-57,-57.09999847,0.547722459
1502213309, '2D1032CDC2EC',3,26,-71,-72.80768585,0.980580211
1502213309, '5D358CDAED0D',2,28,-69,-70.7142868,0.809990704
,,,,,,
1502213369, 'DAD655CD510A',2,23,-64,-77.91303253,5.325008392
1502213369, '9A34ECDEA99E',2,30,-69,-69.80000305,0.664364219
1502213369, '94DC6692F976',3,30,-55,-56.43333054,0.727931976
1502213369, '2D1032CDC2EC',3,28,-69,-75.7142868,3.970792532
,,,,,,
1502213429, 'DAD655CD510A',2,25,-66,-74.68000793,3.659689665
1502213429, '9A34ECDEA99E',2,27,-68,-70.1111145,0.847321451
1502213429, '94DC6692F976',3,30,-54,-56.16666412,0.833907664
1502213429, '2D1032CDC2EC',3,30,-67,-69.16667938,1.55548656
,,,,,,
1502213489, 'DAD655CD510A',2,20,-65,-76.59999847,4.783744335
1502213489, '9A34ECDEA99E',2,30,-68,-70.09999847,1.155198216
1502213489, '94DC6692F976',3,30,-54,-56.53332901,1.525268316
1502213489, '2D1032CDC2EC',3,27,-67,-70.22222137,2.407253027
,,,,,,
1502213549, '9A34ECDEA99E',2,29,-68,-69.13792419,0.515761554
1502213549, '94DC6692F976',3,30,-57,-58.03334045,0.319842547
1502213549, '2D1032CDC2EC',3,30,-68,-70.19999695,1.270353794
1502213549, 'F9632B2DFC58',2,25,-77,-81.19999695,2.629954815
,,,,,,
1502213609, 'DAD655CD510A',2,21,-75,-81.42857361,2.22646451
1502213609, '9A34ECDEA99E',2,29,-69,-69.20690155,0.412248462
1502213609, '94DC6692F976',3,30,-54,-56.73332596,1.284745932
1502213609, '2D1032CDC2EC',3,29,-69,-72.37931061,1.953272343
,,,,,,
1502213669, 'DAD655CD510A',2,24,-79,-81.41667175,0.974307477
1502213669, '9A34ECDEA99E',2,30,-69,-69.50000763,0.629724145
1502213669, '94DC6692F976',3,30,-57,-57.46666718,0.507416129
1502213669, '6392B6C5FB53',2,29,-67,-68.17240906,0.804849029
,,,,,,
1502213729, '94DC6692F976',3,30,-56,-57.59999847,0.62145561
1502213729, '9A34ECDEA99E',2,28,-69,-69.71427917,0.712697208
1502213729, '2D1032CDC2EC',3,30,-69,-72.43334198,1.735697031
1502213729, 'F9632B2DFC58',2,29,-72,-77.48274994,1.844308615
,,,,,,
1502213789, 'DAD655CD510A',2,27,-69,-77.48148346,3.566622734
1502213789, '94DC6692F976',3,30,-56,-57.03333664,0.31984219
1502213789, '6392B6C5FB53',2,29,-66,-67.55171204,1.088452816
1502213789, '9A34ECDEA99E',2,27,-69,-69.51852417,0.579812884
,,,,,,
1502213849, 'DAD655CD510A',2,29,-76,-78.58620453,1.637006879
1502213849, '94DC6692F976',3,29,-53,-55.55172348,1.403722167
1502213849, '6392B6C5FB53',2,30,-66,-67.50000763,0.861033916
1502213849, '9A34ECDEA99E',2,29,-69,-69.27586365,0.454858124
,,,,,,
1502213909, '94DC6692F976',3,30,-55,-55.90000153,0.305129379
1502213909, '6392B6C5FB53',2,30,-67,-68.13333893,0.776079357
1502213909, '9A34ECDEA99E',2,29,-69,-69.20690155,0.412250638
1502213909, '2D1032CDC2EC',3,20,-81,-86.15000153,3.391552448
,,,,,,
1502213969, '94DC6692F976',3,30,-55,-55.93333817,0.449777722
1502213969, '6392B6C5FB53',2,29,-66,-69.44828796,1.638511419
1502213969, '9A34ECDEA99E',2,29,-69,-69.4827652,0.574499249
1502213969, '2D1032CDC2EC',3,25,-65,-77.56000519,6.124269485
,,,,,,
1502214029, '94DC6692F976',3,30,-55,-55.06666183,0.253709108
1502214029, '9A34ECDEA99E',2,29,-69,-69.03449249,0.185696691
1502214029, '2D1032CDC2EC',3,27,-70,-72.99999237,1.441153646
1502214029, 'F9632B2DFC58',2,24,-76,-77.75,0.94408989
,,,,,,
1502214089, '94DC6692F976',3,30,-55,-55.06666565,0.253707856
1502214089, '6392B6C5FB53',2,28,-67,-68.85715485,1.17738688
1502214089, '9A34ECDEA99E',2,26,-69,-69.42307281,0.503831565
1502214089, '2D1032CDC2EC',3,27,-72,-73.44445038,0.751066983
,,,,,,
1502214149, '94DC6692F976',3,30,-54,-55.09999847,0.547720671
1502214149, '6392B6C5FB53',2,29,-68,-69.62068939,1.207529783
1502214149, '9A34ECDEA99E',2,27,-69,-69.33333588,0.480384707
1502214149, '2D1032CDC2EC',3,28,-71,-74.25,2.458921909
,,,,,,
1502214209, '94DC6692F976',3,30,-54,-54.96666336,0.182574347
1502214209, '6392B6C5FB53',2,28,-67,-68.92855835,1.152401686
1502214209, '9A34ECDEA99E',2,26,-69,-69,0
1502214209, '2D1032CDC2EC',3,27,-71,-72.92591858,1.174273491
,,,,,,
1502214269, '94DC6692F976',3,30,-54,-55.09999847,0.402577549
1502214269, '6392B6C5FB53',2,28,-67,-69.28572083,1.150108218
1502214269, '9A34ECDEA99E',2,30,-69,-69.06667328,0.25370872
1502214269, '2D1032CDC2EC',3,30,-70,-72.20000458,0.924755991
,,,,,,
1502214329, '94DC6692F976',3,30,-55,-55.46666336,0.507416248
1502214329, '6392B6C5FB53',2,30,-69,-70.20000458,0.664362669
1502214329, '9A34ECDEA99E',2,27,-68,-68.92591858,0.266880512
1502214329, '2D1032CDC2EC',3,29,-70,-70.99999237,0.845152974
,,,,,,
1502214389, '94DC6692F976',3,30,-55,-55.20000076,0.406838149
1502214389, '6392B6C5FB53',2,27,-68,-68.99999237,0.620171607
1502214389, '9A34ECDEA99E',2,29,-68,-69.13792419,0.515761554
1502214389, '2D1032CDC2EC',3,29,-69,-70.06896973,0.529894233
,,,,,,
1502214449, '94DC6692F976',3,29,-54,-55.10344696,0.488790512
1502214449, '6392B6C5FB53',2,28,-66,-68.5,1.374368191
1502214449, '2D1032CDC2EC',3,30,-66,-70.40000153,1.631585002
1502214449, 'F9632B2DFC58',2,20,-76,-80.29999542,2.735728264
,,,,,,
459F7A08D5D7,,,,,,
,,,,,,
time,hwid,type,samples,maxRSSI,mean,stddev
1502214569, '94DC6692F976',3,30,-54,-56.06667328,1.55215764
1502214569, '6392B6C5FB53',2,28,-66,-68.46430206,2.185512066
1502214569, '9A34ECDEA99E',2,29,-70,-71.72413635,2.068410158
1502214569, '2D1032CDC2EC',3,29,-67,-73.75861359,4.120114803
,,,,,,
1502214569, '94DC6692F976',3,30,-54,-56.06667328,1.55215764
1502214569, '6392B6C5FB53',2,28,-66,-68.46430206,2.185512066
1502214569, '9A34ECDEA99E',2,29,-70,-71.72413635,2.068410158
1502214569, '2D1032CDC2EC',3,29,-67,-73.75861359,4.120114803
,,,,,,
1502214629, '94DC6692F976',3,30,-55,-56.33333206,1.295438528
1502214629, '6392B6C5FB53',2,29,-66,-68.75862122,2.613908052
1502214629, '9A34ECDEA99E',2,30,-68,-70.93332672,0.907184839
1502214629, '2D1032CDC2EC',3,28,-66,-67.85714722,1.078897476
,,,,,,
1502214689, '94DC6692F976',3,30,-55,-55.70000458,0.466091365
1502214689, '6392B6C5FB53',2,30,-66,-67.33333588,1.295438766
1502214689, '9A34ECDEA99E',2,28,-69,-70.00000763,0.860663652
1502214689, '2D1032CDC2EC',3,28,-69,-71.67855835,2.450297832
,,,,,,
1502214749, '94DC6692F976',3,30,-55,-55.79999924,0.550861776
1502214749, '6392B6C5FB53',2,28,-66,-70.64286041,4.473908424
1502214749, '9A34ECDEA99E',2,29,-68,-69.93103027,0.703615069
1502214749, '2D1032CDC2EC',3,30,-66,-71.09999847,1.626292944
,,,,,,
1502214809, '94DC6692F976',3,30,-57,-57.96666718,0.764889598
1502214809, '6392B6C5FB53',2,30,-67,-71.00000763,2.505167246
1502214809, '9A34ECDEA99E',2,30,-67,-70.63334656,2.341284513
1502214809, '2D1032CDC2EC',3,29,-64,-65.37931824,0.902926505
,,,,,,
1502214869, '94DC6692F976',3,30,-56,-57.59999847,0.723972619
1502214869, '6392B6C5FB53',2,28,-68,-69.89286041,1.286375999
1502214869, '9A34ECDEA99E',2,28,-67,-70.57144165,1.069046736
1502214869, '2D1032CDC2EC',3,30,-65,-66.69999695,1.684617639
,,,,,,
1502214929, '94DC6692F976',3,30,-56,-56.03333664,0.182574525
1502214929, '6392B6C5FB53',2,30,-66,-67.96666718,1.098065495
1502214929, 'F9632B2DFC58',2,27,-77,-80.25925446,1.872733116
1502214929, 'DAD655CD510A',2,28,-66,-76.39286041,2.572493553
,,,,,,
1502214929, '94DC6692F976',3,30,-56,-56.03333664,0.182574525
1502214929, '6392B6C5FB53',2,30,-66,-67.96666718,1.098065495
1502214929, 'F9632B2DFC58',2,27,-77,-80.25925446,1.872733116
1502214929, 'DAD655CD510A',2,28,-66,-76.39286041,2.572493553
,,,,,,
1502214989, '94DC6692F976',3,30,-55,-56.76667023,1.330888152
1502214989, '6392B6C5FB53',2,29,-67,-68.41379547,1.658684134
1502214989, '9A34ECDEA99E',2,29,-69,-70.10345459,1.543298125
1502214989, '2D1032CDC2EC',3,28,-67,-68.99999237,1.825743675
,,,,,,
1502215049, '94DC6692F976',3,29,-57,-58.44827271,0.736121655
1502215049, '6392B6C5FB53',2,29,-68,-70.24137115,1.765851974
1502215049, '9A34ECDEA99E',2,29,-69,-70.72413635,0.648984909
1502215049, '2D1032CDC2EC',3,28,-68,-70.10712433,1.165531397
,,,,,,
1502215109, '94DC6692F976',3,30,-54,-56.26666641,1.337349534
1502215109, '6392B6C5FB53',2,28,-67,-72.57142639,2.559346914
1502215109, '9A34ECDEA99E',2,28,-70,-71.17856598,1.020298362
1502215109, '2D1032CDC2EC',3,27,-69,-74.88890076,5.638690948
,,,,,,
1502215169, '6392B6C5FB53',2,29,-66,-71.4138031,3.850020409
1502215169, '9A34ECDEA99E',2,30,-68,-71.46665955,1.357821584
1502215169, '2D1032CDC2EC',3,27,-66,-71.25926208,3.14511323
1502215169, 'F9632B2DFC58',2,24,-77,-79.66667175,2.078181744
,,,,,,
1502215229, '6392B6C5FB53',2,30,-67,-72.56666565,4.789954185
1502215229, '9A34ECDEA99E',2,27,-70,-72.37037659,1.779114366
1502215229, '2D1032CDC2EC',3,29,-62,-66,2.738612652
1502215229, 'F9632B2DFC58',2,26,-76,-81.49999237,2.874022961
,,,,,,
1502215289, '6392B6C5FB53',2,26,-69,-76.19230652,4.656344414
1502215289, '5D358CDAED0D',2,28,-64,-65.78570557,0.91720897
1502215289, '9A34ECDEA99E',2,30,-69,-71.96668243,1.607809424
1502215289, '2D1032CDC2EC',3,30,-64,-67.33332825,1.39786315
,,,,,,
1502215289, '6392B6C5FB53',2,26,-69,-76.19230652,4.656344414
1502215289, '5D358CDAED0D',2,28,-64,-65.78570557,0.91720897
1502215289, '9A34ECDEA99E',2,30,-69,-71.96668243,1.607809424
1502215289, '2D1032CDC2EC',3,30,-64,-67.33332825,1.39786315
,,,,,,
1502215289, '6392B6C5FB53',2,26,-69,-76.19230652,4.656344414
1502215289, '5D358CDAED0D',2,28,-64,-65.78570557,0.91720897
1502215289, '9A34ECDEA99E',2,30,-69,-71.96668243,1.607809424
1502215289, '2D1032CDC2EC',3,30,-64,-67.33332825,1.39786315
,,,,,,
1502215349, '6392B6C5FB53',2,25,-65,-72.27999878,6.301584721
1502215349, '9A34ECDEA99E',2,30,-70,-71.96666718,1.217214584
1502215349, 'DAD655CD510A',2,26,-65,-71.53846741,5.587345123
1502215349, '94DC6692F976',3,30,-56,-58.06667328,1.41258812
,,,,,,
1502215409, '6392B6C5FB53',2,30,-63,-67.39998627,2.883963108
1502215409, '9A34ECDEA99E',2,30,-68,-70.93334198,1.172478914
1502215409, '5D358CDAED0D',2,29,-62,-64.17240906,1.559967637
1502215409, 'DAD655CD510A',2,28,-67,-73.25,4.402229786
,,,,,,
1502215529, '6392B6C5FB53',2,29,-64,-67.96551514,1.936174154
1502215529, '9A34ECDEA99E',2,29,-67,-70.82758331,1.226755142
1502215529, '5D358CDAED0D',2,30,-63,-64.86667633,0.937102914
1502215529, 'DAD655CD510A',2,23,-66,-75.43478394,3.368652821
,,,,,,
1502215589, '6392B6C5FB53',2,28,-66,-67.32143402,1.156417251
1502215589, '9A34ECDEA99E',2,30,-69,-70.36667633,1.098065853
1502215589, '5D358CDAED0D',2,29,-63,-64.62070465,0.862464309
1502215589, 'DAD655CD510A',2,25,-67,-76.63999939,4.192055225
,,,,,,
1502215649, '6392B6C5FB53',2,31,-65,-66.51612854,1.091511369
1502215649, '9A34ECDEA99E',2,28,-68,-70.57142639,1.288943291
1502215649, '5D358CDAED0D',2,28,-62,-63.35713959,0.780041933
1502215649, 'DAD655CD510A',2,26,-66,-74.15383148,4.211341381
,,,,,,
1502215709, '9A34ECDEA99E',2,30,-68,-70.6333313,1.376735687
1502215709, '5D358CDAED0D',2,29,-60,-63.20689774,1.235756278
1502215709, 'DAD655CD510A',2,29,-65,-71.10344696,3.976222515
1502215709, '94DC6692F976',3,30,-58,-59.73333359,0.784915268
,,,,,,
1502215769, '9A34ECDEA99E',2,30,-69,-70.00000763,0.787840068
1502215769, '5D358CDAED0D',2,30,-62,-63.96666336,1.033351541
1502215769, 'DAD655CD510A',2,25,-70,-77.27999115,3.385262728
1502215769, '94DC6692F976',3,30,-58,-60.36666489,1.098064899
,,,,,,
1502215829, '9A34ECDEA99E',2,28,-69,-69.92856598,0.766356349
1502215829, '5D358CDAED0D',2,30,-63,-64.76668549,0.773852944
1502215829, '94DC6692F976',3,30,-60,-61.16666412,0.985527277
1502215829, '2D1032CDC2EC',3,29,-65,-66.9310379,1.066741228
,,,,,,
1502215889, '9A34ECDEA99E',2,29,-69,-70.58621216,0.732765019
1502215889, 'DAD655CD510A',2,26,-68,-74.19230652,3.059660912
1502215889, '94DC6692F976',3,30,-57,-60.63333511,1.351457238
1502215889, 'F9632B2DFC58',2,22,-79,-81.59091187,1.296850085
,,,,,,
1502215949, '9A34ECDEA99E',2,28,-68,-70.32144165,1.278124452
1502215949, '5D358CDAED0D',2,29,-63,-64,0.654654264
1502215949, 'DAD655CD510A',2,25,-71,-76.9200058,4.122297287
1502215949, '94DC6692F976',3,30,-60,-61.06666565,0.520830572
,,,,,,
1502216009, '9A34ECDEA99E',2,30,-67,-69.30001068,0.836661279
1502216009, '5D358CDAED0D',2,30,-62,-63.39999771,0.674663901
1502216009, 'DAD655CD510A',2,28,-65,-72.24998474,2.351120472
1502216009, '94DC6692F976',3,30,-59,-61.10000229,0.607425094
,,,,,,
1502216069, '9A34ECDEA99E',2,29,-69,-70.13792419,0.875221372
1502216069, '5D358CDAED0D',2,30,-63,-63.5,0.629722834
1502216069, 'DAD655CD510A',2,30,-65,-67.53333282,1.942858458
1502216069, '94DC6692F976',3,30,-59,-60.2666626,0.639683664
,,,,,,
1502216129, '9A34ECDEA99E',2,27,-69,-70.07408142,0.675157428
1502216129, '5D358CDAED0D',2,29,-62,-63.03447723,0.823008776
1502216129, 'DAD655CD510A',2,29,-64,-66.34481812,1.343659997
1502216129, '94DC6692F976',3,30,-59,-60.59999847,0.674664199
,,,,,,
1502216189, '9A34ECDEA99E',2,30,-69,-70.16666412,0.746639967
1502216189, '5D358CDAED0D',2,30,-63,-63.5,0.731084108
1502216189, 'DAD655CD510A',2,29,-67,-69.65517426,1.876086473
1502216189, '94DC6692F976',3,30,-59,-60.56666565,0.678910315
,,,,,,
1502216249, '9A34ECDEA99E',2,29,-69,-70.34481812,1.142553091
1502216249, '5D358CDAED0D',2,30,-61,-63.09999847,0.607425213
1502216249, '94DC6692F976',3,29,-60,-60.9310379,0.798705459
1502216249, 'DAD655CD510A',2,30,-67,-69.9666748,2.370553255
,,,,,,
1502216309, '9A34ECDEA99E',2,26,-69,-73.76922607,4.474889278
1502216309, '5D358CDAED0D',2,30,-63,-63.89999771,1.028892756
1502216309, '94DC6692F976',3,30,-59,-62.20000076,3.809244394
1502216309, 'DAD655CD510A',2,27,-65,-68.96296692,3.402281046
,,,,,,
1502216369, '5D358CDAED0D',2,29,-62,-63.31034851,0.806378543
1502216369, '9A34ECDEA99E',2,27,-70,-72.11110687,1.154700279
1502216369, '94DC6692F976',3,30,-59,-60.6333313,0.718395889
1502216369, 'DAD655CD510A',2,25,-66,-68.59999084,2.432419538
,,,,,,
1502216429, '5D358CDAED0D',2,29,-63,-64.24137878,1.057462096
1502216429, '9A34ECDEA99E',2,28,-70,-71.9642868,1.81520474
1502216429, '94DC6692F976',3,30,-60,-61.2333374,0.773853898
1502216429, 'DAD655CD510A',2,28,-66,-71.07142639,4.837572098
,,,,,,
1502216489, '5D358CDAED0D',2,29,-67,-70.13792419,2.735012531
1502216489, '9A34ECDEA99E',2,30,-68,-73.29999542,1.878185272
1502216489, '94DC6692F976',3,29,-61,-62.27585983,0.591399789
1502216489, 'DAD655CD510A',2,29,-65,-70.55172729,2.772135258
,,,,,,
1502216549, '5D358CDAED0D',2,30,-63,-65.90000916,1.807079315
1502216549, '9A34ECDEA99E',2,28,-68,-72.82143402,1.806441665
1502216549, '94DC6692F976',3,30,-60,-62.7333374,1.998850226
1502216549, 'DAD655CD510A',2,30,-64,-70.96666718,3.863921404
,,,,,,
1502216609, '5D358CDAED0D',2,30,-63,-64.93334198,0.691492319
1502216609, '9A34ECDEA99E',2,29,-69,-71.65518188,1.142547607
1502216609, '94DC6692F976',3,30,-60,-61.23333359,0.626062632
1502216609, 'DAD655CD510A',2,28,-66,-70.99999237,2.419061422
,,,,,,
1502216669, '5D358CDAED0D',2,29,-64,-65.20690155,0.726012468
1502216669, '9A34ECDEA99E',2,28,-71,-71.89286041,0.785955727
1502216669, '94DC6692F976',3,30,-60,-61.30000305,0.702212989
1502216669, 'DAD655CD510A',2,27,-67,-70.92591858,2.716417551
,,,,,,
1502216729, '5D358CDAED0D',2,30,-64,-65.6333313,0.889916778
1502216729, '9A34ECDEA99E',2,30,-70,-73.30000305,2.890532017
1502216729, '94DC6692F976',3,30,-59,-61.5,1.776280284
1502216729, 'DAD655CD510A',2,27,-64,-71.70368958,5.856060505
,,,,,,
1502216789, '5D358CDAED0D',2,29,-62,-64.96551514,1.375364542
1502216789, '9A34ECDEA99E',2,27,-69,-75.44445038,3.765566349
1502216789, '94DC6692F976',3,28,-58,-61.1428566,2.239614487
1502216789, 'DAD655CD510A',2,29,-61,-65.82759094,3.625986099
,,,,,,
1502216789, '5D358CDAED0D',2,29,-62,-64.96551514,1.375364542
1502216789, '9A34ECDEA99E',2,27,-69,-75.44445038,3.765566349
1502216789, '94DC6692F976',3,28,-58,-61.1428566,2.239614487
1502216789, 'DAD655CD510A',2,29,-61,-65.82759094,3.625986099
,,,,,,
1502216849, '9A34ECDEA99E',2,29,-67,-74.20688629,4.82833147
1502216849, '94DC6692F976',3,29,-60,-64.4827652,3.312537193
1502216849, 'DAD655CD510A',2,30,-61,-66,4.23450613
1502216849, 'F9632B2DFC58',2,26,-79,-82.88460541,3.39796257
,,,,,,
1502216909, '5D358CDAED0D',2,29,-64,-64.89654541,0.557085395
1502216909, '9A34ECDEA99E',2,29,-70,-71.03447723,0.944258034
1502216909, '94DC6692F976',3,30,-60,-60.6333313,0.490132332
1502216909, 'DAD655CD510A',2,28,-72,-74.07141876,2.53754878
,,,,,,
1502216969, '5D358CDAED0D',2,29,-64,-64.72413635,0.52756542
1502216969, '9A34ECDEA99E',2,30,-69,-70.56666565,0.727931261
1502216969, '94DC6692F976',3,30,-60,-60.56666565,0.626062095
1502216969, 'DAD655CD510A',2,27,-69,-75.40740967,2.634961128
,,,,,,
1502217029, '5D358CDAED0D',2,30,-64,-64.66665649,0.479464501
1502217029, '9A34ECDEA99E',2,30,-69,-70.43333435,0.727931321
1502217029, '94DC6692F976',3,30,-60,-60.56666946,0.504006326
1502217029, 'DAD655CD510A',2,27,-71,-74.59260559,2.240519524
,,,,,,
1502217089, '5D358CDAED0D',2,29,-64,-64.51725006,0.508546352
1502217089, '9A34ECDEA99E',2,30,-69,-69.93332672,0.63968277
1502217089, '94DC6692F976',3,30,-60,-60.83333588,0.379049629
1502217089, 'DAD655CD510A',2,24,-72,-76.04167175,1.781040192
,,,,,,
1502217149, '5D358CDAED0D',2,30,-64,-64.5,0.508546829
1502217149, '9A34ECDEA99E',2,27,-69,-70.44445038,0.751070678
1502217149, '94DC6692F976',3,30,-60,-60.7333374,0.449776471
1502217149, 'DAD655CD510A',2,25,-73,-76.75999451,1.507757068
,,,,,,
1502217209, '5D358CDAED0D',2,30,-64,-64.73332977,0.520830154
1502217209, '9A34ECDEA99E',2,30,-69,-70.6333313,0.614947736
1502217209, '94DC6692F976',3,30,-59,-60.23332596,0.504007757
1502217209, 'DAD655CD510A',2,30,-71,-73.8666687,2.285387516
,,,,,,
1502217269, '5D358CDAED0D',2,30,-64,-64.9666748,0.413840711
1502217269, '9A34ECDEA99E',2,30,-67,-70.00000763,1.050453782
1502217269, '94DC6692F976',3,30,-60,-60.7666626,0.430183113
1502217269, 'DAD655CD510A',2,25,-66,-76.80000305,2.598076582
,,,,,,
1502217329, '5D358CDAED0D',2,30,-64,-64.80000305,0.406838566
1502217329, '9A34ECDEA99E',2,28,-69,-70.00000763,0.720081627
1502217329, '94DC6692F976',3,30,-60,-60.96666718,0.556053877
1502217329, 'DAD655CD510A',2,25,-69,-76.12000275,3.099999905
,,,,,,
1502217389, '5D358CDAED0D',2,30,-64,-64.73332977,0.52083087
1502217389, '9A34ECDEA99E',2,29,-69,-69.51725006,0.687682629
1502217389, '94DC6692F976',3,30,-60,-60.76665878,0.430183947
1502217389, 'DAD655CD510A',2,27,-72,-75.33332825,1.732048273
,,,,,,
1502217449, '5D358CDAED0D',2,30,-63,-64.56668091,0.56832248
1502217449, '9A34ECDEA99E',2,29,-68,-69.37931824,0.561487734
1502217449, '94DC6692F976',3,28,-59,-60.71428299,0.534522474
1502217449, 'DAD655CD510A',2,28,-73,-75,1.154701591
,,,,,,
1502217509, '5D358CDAED0D',2,30,-63,-64.43333435,0.626061797
1502217509, '9A34ECDEA99E',2,21,-69,-74.76190186,3.884648323
1502217509, '94DC6692F976',3,30,-58,-60.7333374,1.311312079
1502217509, 'DAD655CD510A',2,29,-72,-75.24136353,1.379833817
,,,,,,
1502217569, '5D358CDAED0D',2,30,-64,-64.1333313,0.345744997
1502217569, '94DC6692F976',3,30,-57,-59.03333664,1.299426317
1502217569, '9A34ECDEA99E',2,23,-75,-78.08695984,1.345466495
1502217569, 'DAD655CD510A',2,27,-75,-78.14814758,1.747607946
,,,,,,
1502217629, '5D358CDAED0D',2,30,-64,-64.83333588,0.698931515
1502217629, '94DC6692F976',3,30,-56,-57.13333893,0.571346283
1502217629, '9A34ECDEA99E',2,29,-70,-74.68965149,1.774892211
1502217629, 'DAD655CD510A',2,18,-72,-79.66666412,3.955636263
,,,,,,
1502217689, '5D358CDAED0D',2,29,-64,-64.89653778,0.409251958
1502217689, '94DC6692F976',3,30,-55,-56.96666718,0.413841277
1502217689, '9A34ECDEA99E',2,29,-74,-77.17241669,1.104176998
1502217689, 'DAD655CD510A',2,18,-66,-78.55555725,4.829103947
,,,,,,
1502217749, '5D358CDAED0D',2,30,-63,-64.50000763,0.572351158
1502217749, '94DC6692F976',3,30,-56,-56.90000153,0.402577519
1502217749, '9A34ECDEA99E',2,29,-75,-76.55172729,0.631676078
1502217749, 'DAD655CD510A',2,14,-80,-83.85713959,2.476261616
,,,,,,
1502217809, '5D358CDAED0D',2,30,-63,-63.80000305,0.550861716
1502217809, '94DC6692F976',3,30,-56,-56.93333817,0.253707916
1502217809, '9A34ECDEA99E',2,29,-74,-75.51724243,1.153275371
1502217809, 'F9632B2DFC58',2,21,-80,-81.85713196,1.195228696
,,,,,,
1502217869, '5D358CDAED0D',2,30,-63,-64.3666687,0.850287557
1502217869, '94DC6692F976',3,30,-56,-57.16666412,0.64771992
1502217869, '9A34ECDEA99E',2,28,-72,-76.71427917,1.997353554
1502217869, '2D1032CDC2EC',3,29,-68,-72.65516663,2.52524209
,,,,,,
1502217929, '5D358CDAED0D',2,30,-63,-64.46666718,0.628811657
1502217929, '94DC6692F976',3,30,-56,-56.83333206,0.379049063
1502217929, '9A34ECDEA99E',2,28,-75,-77.35714722,1.809731126
1502217929, 'DAD655CD510A',2,23,-70,-74.69564819,2.976189852
,,,,,,
1502217989, '5D358CDAED0D',2,30,-63,-63.90000153,0.305128843
1502217989, '94DC6692F976',3,30,-56,-56.96666336,0.182574436
1502217989, '9A34ECDEA99E',2,24,-76,-78.41667938,2.796221733
1502217989, 'DAD655CD510A',2,28,-69,-75.32144165,3.019114733
,,,,,,
1502218049, '5D358CDAED0D',2,30,-63,-63.5,0.731083512
1502218049, '94DC6692F976',3,29,-56,-56.86206818,0.580894887
1502218049, '9A34ECDEA99E',2,30,-73,-77.66666412,2.468187094
1502218049, 'DAD655CD510A',2,23,-64,-74.95653534,4.050567627
,,,,,,
1502218109, '5D358CDAED0D',2,30,-63,-63.23332977,0.43018356
1502218109, '94DC6692F976',3,30,-56,-56.53333664,0.571346939
1502218109, 'DAD655CD510A',2,24,-75,-76.25,0.675663054
1502218109, '2D1032CDC2EC',3,28,-70,-71.5357132,0.692933142
,,,,,,
1502218169, '5D358CDAED0D',2,29,-63,-63.03448486,0.185695693
1502218169, '94DC6692F976',3,30,-56,-56.79999924,0.406838477
1502218169, '9A34ECDEA99E',2,28,-74,-75.39284515,1.133306026
1502218169, 'DAD655CD510A',2,27,-76,-77.22221375,1.154702544
,,,,,,
1502218229, '5D358CDAED0D',2,29,-62,-62.96551895,0.185695484
1502218229, '94DC6692F976',3,30,-57,-57,0
1502218229, '9A34ECDEA99E',2,29,-73,-74.31035614,0.760802448
1502218229, 'DAD655CD510A',2,22,-73,-79.18182373,1.991324782
,,,,,,
1502218289, '5D358CDAED0D',2,30,-63,-63.03333282,0.182574272
1502218289, '94DC6692F976',3,30,-56,-56.80000305,0.484234601
1502218289, '9A34ECDEA99E',2,30,-73,-74.16667175,1.053180575
1502218289, '2D1032CDC2EC',3,28,-70,-71.17857361,0.90486604
,,,,,,
1502218409, '5D358CDAED0D',2,30,-63,-63.69999695,0.534983397
1502218409, '94DC6692F976',3,30,-56,-56.06666946,0.253707916
1502218409, '9A34ECDEA99E',2,27,-74,-76.25926208,1.558910489
1502218409, 'DAD655CD510A',2,20,-65,-76.8500061,4.556950092
,,,,,,
1502218469, '6392B6C5FB53',2,29,-65,-65.86206818,0.742780685
1502218469, '5D358CDAED0D',2,30,-64,-64.1333313,0.571346164
1502218469, '94DC6692F976',3,30,-56,-56.73333359,0.520830572
1502218469, '9A34ECDEA99E',2,28,-76,-77.35714722,1.129218698
,,,,,,
1502218529, '6392B6C5FB53',2,29,-65,-65.58621216,0.501231074
1502218529, '5D358CDAED0D',2,30,-63,-64.1333313,0.507415771
1502218529, '94DC6692F976',3,30,-56,-57.3666687,1.650147676
1502218529, '9A34ECDEA99E',2,25,-75,-76.76000214,1.200002193
,,,,,,
1502218589, '6392B6C5FB53',2,30,-65,-66.33335114,0.922265768
1502218589, '5D358CDAED0D',2,30,-64,-64.6333313,0.55605489
1502218589, '94DC6692F976',3,30,-56,-58.76666641,1.524136543
1502218589, 'DAD655CD510A',2,22,-67,-76.50000763,3.997021675
,,,,,,
1502218649, '6392B6C5FB53',2,29,-65,-66.06895447,1.066739321
1502218649, '5D358CDAED0D',2,30,-63,-64.40000916,0.894425154
1502218649, '94DC6692F976',3,29,-58,-58.86206818,0.693033755
1502218649, 'DAD655CD510A',2,28,-69,-75.60713196,3.531225204
,,,,,,
1502218709, '6392B6C5FB53',2,30,-66,-66.7333374,0.639683902
1502218709, '5D358CDAED0D',2,30,-63,-64.16666412,0.985527456
1502218709, '94DC6692F976',3,30,-58,-58.96666718,1.098064542
1502218709, '9A34ECDEA99E',2,20,-80,-82.65000916,1.460894227
,,,,,,
1502218769, '6392B6C5FB53',2,30,-65,-66.6333313,0.88991791
1502218769, '5D358CDAED0D',2,30,-64,-64.7333374,0.691491425
1502218769, '94DC6692F976',3,30,-56,-57.93333435,1.311313868
1502218769, '9A34ECDEA99E',2,24,-75,-80.08332825,3.133502007
,,,,,,
1502218889, '6392B6C5FB53',2,29,-66,-69.62069702,2.769910097
1502218889, '5D358CDAED0D',2,29,-62,-64.82758331,1.002460003
1502218889, '2D1032CDC2EC',3,28,-66,-72.07142639,5.557301521
1502218889, '94DC6692F976',3,29,-55,-57.68965149,1.416822791
,,,,,,
1502218949, '6392B6C5FB53',2,31,-65,-73.70968628,6.138366699
1502218949, '5D358CDAED0D',2,27,-65,-70.40740967,3.565424919
1502218949, '94DC6692F976',3,30,-59,-61.33333206,1.124439955
1502218949, '9A34ECDEA99E',2,26,-71,-78.2307663,3.723522425
,,,,,,
1502219009, '5D358CDAED0D',2,29,-66,-71.4138031,4.436194897
1502219009, '94DC6692F976',3,30,-58,-60.26666641,1.740656495
1502219009, '9A34ECDEA99E',2,27,-73,-77.03704071,2.667201281
1502219009, '2D1032CDC2EC',3,30,-66,-69.86666107,3.401150942
,,,,,,
1502219069, '5D358CDAED0D',2,30,-66,-67.83333588,1.895245314
1502219069, '94DC6692F976',3,30,-59,-65.66667175,3.28353548
1502219069, '9A34ECDEA99E',2,26,-74,-78.7692337,4.013056278
1502219069, '2D1032CDC2EC',3,25,-67,-76.36000824,4.715930462
,,,,,,
1502219129, '5D358CDAED0D',2,30,-64,-67.40000916,1.610311866
1502219129, '94DC6692F976',3,30,-60,-64.66666412,2.411657572
1502219129, '9A34ECDEA99E',2,28,-73,-78.28572083,3.375918388
1502219129, '2D1032CDC2EC',3,29,-69,-75.13793945,3.690953493
,,,,,,
1502219189, '5D358CDAED0D',2,27,-65,-69.51851654,2.953102827
1502219189, '94DC6692F976',3,30,-60,-62.2333374,1.794309139
1502219189, '9A34ECDEA99E',2,24,-77,-82.58334351,4.735770702
1502219189, '2D1032CDC2EC',3,30,-66,-70.03333282,2.56613636
,,,,,,
1502219249, '5D358CDAED0D',2,28,-66,-68.82143402,2.931988239
1502219249, '94DC6692F976',3,28,-60,-61.96427917,1.10494411
1502219249, '9A34ECDEA99E',2,29,-72,-78.93103027,4.88387394
1502219249, '2D1032CDC2EC',3,29,-67,-71.68964386,2.892146587
,,,,,,
1502219309, '5D358CDAED0D',2,29,-65,-69.79309845,2.932322264
1502219309, '94DC6692F976',3,30,-60,-63.73333359,2.148509264
1502219309, '9A34ECDEA99E',2,24,-73,-80.20833588,5.064619064
1502219309, '2D1032CDC2EC',3,30,-65,-70.8999939,3.283712149
,,,,,,
1502219369, '5D358CDAED0D',2,30,-65,-70.20001221,3.89871788
1502219369, '94DC6692F976',3,30,-60,-63.03332901,1.188546062
1502219369, '9A34ECDEA99E',2,20,-74,-82.54999542,4.673273087
1502219369, '2D1032CDC2EC',3,29,-67,-73.37931824,4.419225216
,,,,,,
1502219429, '5D358CDAED0D',2,29,-66,-68.10344696,2.058863163
1502219429, '94DC6692F976',3,29,-58,-61.79310226,1.42375946
1502219429, '9A34ECDEA99E',2,30,-74,-78.76665497,2.416657209
1502219429, 'F9632B2DFC58',2,24,-78,-82.29167175,3.290025473
,,,,,,
1502219429, '5D358CDAED0D',2,29,-66,-68.10344696,2.058863163
1502219429, '94DC6692F976',3,29,-58,-61.79310226,1.42375946
1502219429, '9A34ECDEA99E',2,30,-74,-78.76665497,2.416657209
1502219429, 'F9632B2DFC58',2,24,-78,-82.29167175,3.290025473
,,,,,,
1502219489, '5D358CDAED0D',2,30,-65,-71.5,3.848422527
1502219489, '94DC6692F976',3,30,-60,-61.89999771,1.626292348
1502219489, '9A34ECDEA99E',2,22,-76,-82.36363983,4.326498508
1502219489, '2D1032CDC2EC',3,28,-67,-70.75000763,2.170936108
,,,,,,
1502219549, '5D358CDAED0D',2,28,-67,-69.7857132,2.766963005
1502219549, '94DC6692F976',3,30,-60,-62.53332901,1.10588944
1502219549, '9A34ECDEA99E',2,21,-78,-85.38095856,4.641941547
1502219549, '2D1032CDC2EC',3,30,-67,-69.3666687,1.711690187
,,,,,,
1502219609, '5D358CDAED0D',2,30,-70,-73.59999847,2.313379526
1502219609, '94DC6692F976',3,30,-61,-63.86667252,1.074253321
1502219609, '2D1032CDC2EC',3,29,-66,-70.17241669,3.128997803
1502219609, 'DAD655CD510A',2,28,-66,-70.32141113,3.839883089
,,,,,,
1502219669, '5D358CDAED0D',2,28,-70,-74.99999237,3.185614347
1502219669, '94DC6692F976',3,30,-62,-64.93333435,2.227313995
1502219669, '9A34ECDEA99E',2,22,-76,-83.27271271,4.355418205
1502219669, '2D1032CDC2EC',3,30,-66,-68.5,1.502872944
,,,,,,
1502219729, '5D358CDAED0D',2,28,-68,-74.46427917,3.920338869
1502219729, '94DC6692F976',3,30,-60,-64.19999695,1.882770896
1502219729, '9A34ECDEA99E',2,21,-77,-83.42857361,3.34023118
1502219729, '2D1032CDC2EC',3,30,-65,-70.43334198,3.682986736
,,,,,,
1502219789, '5D358CDAED0D',2,30,-69,-74.20000458,3.889863968
1502219789, '94DC6692F976',3,30,-60,-62.56666565,1.330888629
1502219789, '9A34ECDEA99E',2,27,-73,-77.81481934,3.961713552
1502219789, '2D1032CDC2EC',3,30,-67,-69.03333282,1.828572869
,,,,,,
1502219849, '5D358CDAED0D',2,29,-68,-70.96551514,1.841637254
1502219849, '94DC6692F976',3,29,-61,-61.93103409,1.066738367
1502219849, '9A34ECDEA99E',2,26,-74,-79,2.154064894
1502219849, '2D1032CDC2EC',3,30,-66,-68.56667328,1.524134636
,,,,,,
1502219909, '5D358CDAED0D',2,26,-68,-71.6153717,2.899335861
1502219909, '94DC6692F976',3,29,-60,-64.20689392,4.530683994
1502219909, '9A34ECDEA99E',2,27,-74,-78.29629517,3.528072357
1502219909, 'F9632B2DFC58',2,25,-77,-79.68000031,2.322355509
,,,,,,
1502219969, '5D358CDAED0D',2,30,-64,-67.46665192,3.37059164
1502219969, '94DC6692F976',3,30,-58,-61.33332825,2.669535637
1502219969, '9A34ECDEA99E',2,26,-72,-76.38460541,4.118997574
1502219969, '2D1032CDC2EC',3,26,-66,-78.80769348,6.7172575
,,,,,,
1502220029, '5D358CDAED0D',2,28,-63,-65.96429443,2.045450211
1502220029, '94DC6692F976',3,30,-54,-58.93333435,1.740656734
1502220029, '9A34ECDEA99E',2,28,-73,-76.03572083,2.395707607
1502220029, '2D1032CDC2EC',3,28,-69,-73.5357132,4.509105206
,,,,,,
1502220029, '5D358CDAED0D',2,28,-63,-65.96429443,2.045450211
1502220029, '94DC6692F976',3,30,-54,-58.93333435,1.740656734
1502220029, '9A34ECDEA99E',2,28,-73,-76.03572083,2.395707607
1502220029, '2D1032CDC2EC',3,28,-69,-73.5357132,4.509105206
,,,,,,
1502220089, '5D358CDAED0D',2,29,-62,-64.75862885,1.327056646
1502220089, '94DC6692F976',3,29,-57,-59.03448105,1.148997903
1502220089, '9A34ECDEA99E',2,30,-71,-75.06665802,2.59885025
1502220089, '2D1032CDC2EC',3,28,-68,-73.96427917,3.891891003
,,,,,,
1502220149, '5D358CDAED0D',2,29,-63,-65.37930298,1.082778096
1502220149, '94DC6692F976',3,30,-57,-58.79999924,1.063500881
1502220149, '9A34ECDEA99E',2,28,-72,-78.24999237,3.295620441
1502220149, '2D1032CDC2EC',3,28,-68,-74.71429443,5.155774117
,,,,,,
1502220209, '5D358CDAED0D',2,30,-61,-62.29999924,0.702212393
1502220209, '94DC6692F976',3,30,-55,-56.5,0.629722357
1502220209, '9A34ECDEA99E',2,27,-76,-78.88889313,1.804552555
1502220209, '2D1032CDC2EC',3,30,-69,-72.86665344,1.716717958
,,,,,,
459F7A08D5D7,,,,,,
,,,,,,
time,hwid,type,samples,maxRSSI,mean,stddev
1502234189, '2D1032CDC2EC',3,27,-67,-71.07407379,2.200105667
1502234189, '9A34ECDEA99E',2,30,-70,-70.73331451,0.520834208
1502234189, '5D358CDAED0D',2,30,-71,-72.09999084,1.213429689
1502234189, '94DC6692F976',3,30,-61,-61.6333313,0.490132421
,,,,,,
1502234309, '2D1032CDC2EC',3,29,-67,-69.68965912,1.794906139
1502234309, 'F9632B2DFC58',2,25,-86,-87.23999786,0.830663562
1502234309, '5D358CDAED0D',2,29,-69,-70.27587891,0.6489833
1502234309, '9A34ECDEA99E',2,29,-70,-70.82758331,0.384426534
