Report file for Node 5D358CDAED0D,,,,,,,,
,,,,,,,,
4 Nodes with strongest RSSIs per Test Step:,,,,,,,,
,,,,,,,,
END, 459F7A08D5D7,-75.10346222,  DAD655CD510A,-57.39999771,0,0,  6392B6C5FB53,-53.46665955
MOVE 1, 459F7A08D5D7,-72,  94DC6692F976,-49.0689621,  6392B6C5FB53,-52.59999847,  F9632B2DFC58,-84.40000153
START, 2D1032CDC2EC,-49.58621216,  DAD655CD510A,-56.10000229,  9A34ECDEA99E,-70.81481171,  F9632B2DFC58,-84.40000153
MOVE 3, 459F7A08D5D7,-72.22222137,  6392B6C5FB53,-53.46665955,  F9632B2DFC58,-84.40000153,  2D1032CDC2EC,-67.39286041
MOVE 2, 6392B6C5FB53,-53.46665955,  F9632B2DFC58,-84.40000153,  459F7A08D5D7,-72,  2D1032CDC2EC,-67.39286041
MOVE 5, 2D1032CDC2EC,-67.93103027,  6392B6C5FB53,-53.46665955,  F9632B2DFC58,-84.40000153,  459F7A08D5D7,-72.22222137
MOVE 4, DAD655CD510A,-56.43333435,  6392B6C5FB53,-53.46665955,  F9632B2DFC58,-84.40000153,  459F7A08D5D7,-72.22222137
MOVE 7, 9A34ECDEA99E,-71.86207581,  6392B6C5FB53,-53.46665955,  2D1032CDC2EC,-67.93103027,  DAD655CD510A,-56.43333435
MOVE 6, DAD655CD510A,-56.43333435,  2D1032CDC2EC,-67.93103027,  6392B6C5FB53,-53.46665955,  F9632B2DFC58,-84.40000153
MOVE 9, 9A34ECDEA99E,-72.25925446,  DAD655CD510A,-57.39999771,  94DC6692F976,-65.51725006,  459F7A08D5D7,-74.34481812
MOVE 8, 6392B6C5FB53,-53.46665955,  DAD655CD510A,-56.81481552,  459F7A08D5D7,-74.34481812,  94DC6692F976,-65.51725006
MOVE 10, 2D1032CDC2EC,-67.93103027,  94DC6692F976,-65.51725006,  9A34ECDEA99E,-72.25925446,  F9632B2DFC58,-84.40000153
,,,,,,,,
,,,,,,,,
 Raw Data:,,,,,,,,
,,,,,,,,
time,hwid,type,samples,maxRSSI,mean,stddev,Change,Event
,,,,,,,,
1502202028 F9632B2DFC58229-75-77.724136352.136361599,,,,,,,,
1502202028 9A34ECDEA99E227-66-66.740730290.655894578,,,,,,,,
1502202028 DAD655CD510A228-54-54.714282990.460043252,,,,,,,,
1502202028 2D1032CDC2EC330-47-47.566665650.504006624,,,,,,,,
1502202088 F9632B2DFC58226-78-80.884613041.751043439*START,,,,,,,,
1502202088 9A34ECDEA99E229-65-66.931022640.923159301*START,,,,,,,,
1502202088 DAD655CD510A229-55-55.034484860.185695484*START,,,,,,,,
1502202088 2D1032CDC2EC330-46-470.587221146*START,,,,,,,,
1502202148 9A34ECDEA99E230-65-66.900009161.061882496Node ChangedSTART,,,,,,,,
1502202148 DAD655CD510A230-54-55.13333130.507416785Node ChangedSTART,,,,,,,,
1502202148 2D1032CDC2EC329-47-48.655174261.316810131Node ChangedSTART,,,,,,,,
1502202148 459F7A08D5D7228-68-69.535705571.346660256Node ChangedSTART,,,,,,,,
1502202208 F9632B2DFC58229-73-80.379310612.956998825Node ChangedSTART,,,,,,,,
1502202208 9A34ECDEA99E230-65-67.666679381.768167019Node ChangedSTART,,,,,,,,
1502202208 2D1032CDC2EC330-44-46.399997710.674664617*START,,,,,,,,
1502202208 459F7A08D5D7228-67-69.928573611.358881593*START,,,,,,,,
1502202268 DAD655CD510A230-54-55.333328250.606477797Node ChangedSTART,,,,,,,,
1502202268 2D1032CDC2EC330-46-46.366672520.764888823Node ChangedSTART,,,,,,,,
1502202268 459F7A08D5D7229-69-721.511853933Node ChangedSTART,,,,,,,,
1502202268 94DC6692F976330-44-44.566673280.897631645Node ChangedSTART,,,,,,,,
1502202328 F9632B2DFC58225-68-82.39999394.890465736Node ChangedSTART,,,,,,,,
1502202328 9A34ECDEA99E229-65-67.103454590.939028859Node ChangedSTART,,,,,,,,
1502202328 DAD655CD510A227-54-55.074077610.474416286Node ChangedSTART,,,,,,,,
1502202328 2D1032CDC2EC329-46-48.896556851.012238026Node ChangedSTART,,,,,,,,
1502202388 F9632B2DFC58229-67-80.448272713.531351328*START,,,,,,,,
1502202388 9A34ECDEA99E226-66-66.730773930.666795135*START,,,,,,,,
1502202388 DAD655CD510A230-54-55.099998470.480660349*START,,,,,,,,
1502202388 2D1032CDC2EC329-48-49.586212160.568032742*START,,,,,,,,
1502202448 F9632B2DFC58228-78-82.107147222.166056156*START,,,,,,,,
1502202448 9A34ECDEA99E228-66-66.500007630.638287246*START,,,,,,,,
1502202448 DAD655CD510A229-53-540.755928934*START,,,,,,,,
1502202448 2D1032CDC2EC330-43-46.399997711.302518129*START,,,,,,,,
1502202508 F9632B2DFC58225-79-82.39999392.614063263*START,,,,,,,,
1502202508 9A34ECDEA99E228-63-66.642860410.911421001*START,,,,,,,,
1502202508 DAD655CD510A229-54-54.93103790.752663374*START,,,,,,,,
1502202508 2D1032CDC2EC329-45-46.551727290.631675363*START,,,,,,,,
1502202568 F9632B2DFC58220-81-84.400001532.798492908*START,,,,,,,,
1502202568 9A34ECDEA99E227-65-65.740745540.594370961*START,,,,,,,,
1502202568 DAD655CD510A230-55-55.533332820.507416308*START,,,,,,,,
1502202568 2D1032CDC2EC330-47-47.36666870.490132421*START,,,,,,,,
1502202628 9A34ECDEA99E230-65-66.50.682285607Node ChangedSTART,,,,,,,,
1502202628 DAD655CD510A228-55-55.714282990.460042119Node ChangedSTART,,,,,,,,
1502202628 2D1032CDC2EC330-47-47.23333740.430183202Node ChangedSTART,,,,,,,,
1502202628 459F7A08D5D7230-68-69.10000610.607425034Node ChangedSTART,,,,,,,,
1502202688 9A34ECDEA99E230-66-68.966667181.650145054*START,,,,,,,,
1502202688 DAD655CD510A230-54-55.566673280.77385509*START,,,,,,,,
1502202688 2D1032CDC2EC330-46-46.600002290.62145865*START,,,,,,,,
1502202688 459F7A08D5D7228-66-67.928581241.152411222*START,,,,,,,,
1502202748 F9632B2DFC58229-70-72.241394041.122980952Node ChangedSTART,,,,,,,,
1502202748 9A34ECDEA99E227-68-70.814811711.359779239Node ChangedSTART,,,,,,,,
1502202748 DAD655CD510A230-54-54.833332060.379049689Node ChangedSTART,,,,,,,,
1502202748 2D1032CDC2EC330-45-46.13333130.434172571Node ChangedSTART,,,,,,,,
1502202808 F9632B2DFC58229-71-72.448287961.241725445*START,,,,,,,,
1502202808 9A34ECDEA99E229-67-69.206893921.081643105*START,,,,,,,,
1502202808 DAD655CD510A229-54-55.551727290.631675959*START,,,,,,,,
1502202808 2D1032CDC2EC330-45-46.100002290.711966455*START,,,,,,,,
1502202868 F9632B2DFC58227-70-72.518508911.672641277*START,,,,,,,,
1502202868 9A34ECDEA99E229-65-66.896553041.496300697*START,,,,,,,,
1502202868 DAD655CD510A229-55-55.620693210.676851153*START,,,,,,,,
1502202868 2D1032CDC2EC330-46-46.733333590.449776769*START,,,,,,,,
1502202928 F9632B2DFC58229-74-76.137939451.57489562*START,,,,,,,,
1502202928 9A34ECDEA99E229-66-66.724136350.751026154*START,,,,,,,,
1502202928 DAD655CD510A230-55-55.866664890.776079357*START,,,,,,,,
1502202928 2D1032CDC2EC330-45-46.433330540.678910792*START,,,,,,,,
1502202988 F9632B2DFC58230-71-77.03332523.378260851*START,,,,,,,,
1502202988 9A34ECDEA99E228-66-66.53571320.999338686*START,,,,,,,,
1502202988 DAD655CD510A229-54-55.068965911.066737652*START,,,,,,,,
1502202988 2D1032CDC2EC329-46-46.31034470.470823199*START,,,,,,,,
1502203048 F9632B2DFC58226-75-79.115402222.178569078*START,,,,,,,,
1502203048 9A34ECDEA99E229-65-66.310340881.038662314*START,,,,,,,,
1502203048 DAD655CD510A230-53-54.266666410.52083087*START,,,,,,,,
1502203048 2D1032CDC2EC330-45-46.599994660.621455014*START,,,,,,,,
1502203108 F9632B2DFC58226-70-77.576919562.610334635*START,,,,,,,,
1502203108 DAD655CD510A230-54-54.666667940.546672046Node ChangedSTART,,,,,,,,
1502203108 2D1032CDC2EC329-45-46.482757570.57449913Node ChangedSTART,,,,,,,,
1502203108 459F7A08D5D7230-67-68.466659550.681443155Node ChangedSTART,,,,,,,,
1502203168 9A34ECDEA99E229-65-66.06896210.457557231Node ChangedSTART,,,,,,,,
1502203168 DAD655CD510A230-55-56.100002290.711967885*START,,,,,,,,
1502203168 2D1032CDC2EC330-46-46.266670230.449777216*START,,,,,,,,
1502203168 94DC6692F976330-45-45.066665650.253708184Node ChangedSTART,,,,,,,,
1502203168 9A34ECDEA99E229-65-66.06896210.457557231*START,,,,,,,,
1502203168 DAD655CD510A230-55-56.100002290.711967885*START,,,,,,,,
1502203168 2D1032CDC2EC330-46-46.266670230.449777216*START,,,,,,,,
1502203168 94DC6692F976330-45-45.066665650.253708184*START,,,,,,,,
1502203228 9A34ECDEA99E229-65-65.620697020.727705956*START,,,,,,,,
1502203228 DAD655CD510A230-54-54.966667180.889917552*START,,,,,,,,
1502203228 F9632B2DFC58225-74-75.840003971.106044412Node ChangedSTART,,,,,,,,
1502203228 2D1032CDC2EC330-44-46.199996950.664363742Node ChangedSTART,,,,,,,,
1502203288 9A34ECDEA99E228-66-66.46428680.637247324*START,,,,,,,,
1502203288 DAD655CD510A230-54-55.400001530.674665153*START,,,,,,,,
1502203288 2D1032CDC2EC328-46-46.21428680.417854428Node ChangedSTART,,,,,,,,
1502203288 459F7A08D5D7229-66-66.896545410.488790601Node ChangedSTART,,,,,,,,
1502203348 9A34ECDEA99E226-66-67.115379331.070581317*START,,,,,,,,
1502203348 F9632B2DFC58230-71-77.000007632.197177172Node ChangedSTART,,,,,,,,
1502203348 DAD655CD510A230-54-54.966667180.614947557Node ChangedSTART,,,,,,,,
1502203348 2D1032CDC2EC330-45-45.566665650.678910434Node ChangedSTART,,,,,,,,
1502203408 9A34ECDEA99E228-64-65.714294430.712695718*START,,,,,,,,
1502203408 F9632B2DFC58228-70-76.428581242.754504442*START,,,,,,,,
1502203408 DAD655CD510A229-55-55.448272710.572350681*START,,,,,,,,
1502203408 2D1032CDC2EC330-45-45.39999390.498271674*START,,,,,,,,
1502203468 F9632B2DFC58227-74-76.037040711.720499516Node ChangedSTART,,,,,,,,
1502203468 DAD655CD510A230-55-55.233341220.504006147Node ChangedSTART,,,,,,,,
1502203468 9A34ECDEA99E230-65-66.066665650.691492498Node ChangedSTART,,,,,,,,
1502203468 2D1032CDC2EC330-45-45.099998470.305128008*START,,,,,,,,
1502203528 F9632B2DFC58230-74-76.03332521.217214584*START,,,,,,,,
1502203528 DAD655CD510A230-55-55.833335880.461132586*START,,,,,,,,
1502203528 9A34ECDEA99E227-66-66.481483460.642733574*START,,,,,,,,
1502203528 2D1032CDC2EC330-44-44.799999240.610257328*START,,,,,,,,
1502203588 F9632B2DFC58226-74-76.615394592.001536608*START,,,,,,,,
1502203588 DAD655CD510A230-54-54.866664890.860367119*START,,,,,,,,
1502203588 9A34ECDEA99E229-65-65.965515140.325440288*START,,,,,,,,
1502203588 2D1032CDC2EC329-44-45.93103790.703614771*START,,,,,,,,
1502203648 F9632B2DFC58224-75-77.375007632.222656727*START,,,,,,,,
1502203648 DAD655CD510A229-53-55.275867460.882228374*START,,,,,,,,
1502203648 9A34ECDEA99E229-63-66.137924190.990099013*START,,,,,,,,
1502203648 2D1032CDC2EC330-45-45.433330540.504006565*START,,,,,,,,
1502203648 F9632B2DFC58224-75-77.375007632.222656727*START,,,,,,,,
1502203648 DAD655CD510A229-53-55.275867460.882228374*START,,,,,,,,
1502203648 9A34ECDEA99E229-63-66.137924190.990099013*START,,,,,,,,
1502203648 2D1032CDC2EC330-45-45.433330540.504006565*START,,,,,,,,
1502203708 F9632B2DFC58228-76-78.571434021.642685652*START,,,,,,,,
1502203708 DAD655CD510A230-53-54.966659550.49013266*START,,,,,,,,
1502203708 9A34ECDEA99E227-66-66.407409670.572395623*START,,,,,,,,
1502203708 2D1032CDC2EC329-45-460.377964586*START,,,,,,,,
1502203768 F9632B2DFC58230-69-75.233329772.344226837*START,,,,,,,,
1502203768 9A34ECDEA99E229-66-68.827590941.513486743Node ChangedSTART,,,,,,,,
1502203768 2D1032CDC2EC330-45-45.36666870.490132511Node ChangedSTART,,,,,,,,
1502203768 459F7A08D5D7229-66-67.413787841.052794576Node ChangedSTART,,,,,,,,
1502203828 F9632B2DFC58227-72-73.555549621.187541842*START,,,,,,,,
1502203828 DAD655CD510A230-54-55.366672520.668673813Node ChangedSTART,,,,,,,,
1502203828 2D1032CDC2EC330-46-46.23333740.4301835*START,,,,,,,,
1502203828 459F7A08D5D7230-67-68.89999390.844863713*START,,,,,,,,
1502203888 F9632B2DFC58226-73-74.692314151.010709882*START,,,,,,,,
1502203888 9A34ECDEA99E228-66-66.250.518186629Node ChangedSTART,,,,,,,,
1502203888 DAD655CD510A230-55-55.500003810.572351277Node ChangedSTART,,,,,,,,
1502203888 2D1032CDC2EC330-46-46.166664120.379048616Node ChangedSTART,,,,,,,,
1502203948 F9632B2DFC58229-73-75.999992372.251984358*START,,,,,,,,
1502203948 9A34ECDEA99E229-65-67.103454591.113066435*START,,,,,,,,
1502203948 DAD655CD510A230-55-55.966670990.718394995*START,,,,,,,,
1502203948 2D1032CDC2EC330-46-46.166664120.37904942*START,,,,,,,,
1502204008 9A34ECDEA99E228-65-67.821418761.248805165Node ChangedSTART,,,,,,,,
1502204008 DAD655CD510A227-55-55.666671750.554701388Node ChangedSTART,,,,,,,,
1502204008 2D1032CDC2EC330-44-46.333328250.844181538Node ChangedSTART,,,,,,,,
1502204008 459F7A08D5D7228-66-67.857139591.23870635Node ChangedSTART,,,,,,,,
1502204068 DAD655CD510A229-54-55.448276520.631675601Node ChangedSTART,,,,,,,,
1502204068 2D1032CDC2EC330-45-46.300003050.595963955Node ChangedSTART,,,,,,,,
1502204068 459F7A08D5D7230-67-67.966659551.299425006Node ChangedSTART,,,,,,,,
1502204068 F9632B2DFC58226-76-81.961540223.446515083Node ChangedSTART,,,,,,,,
1502204128 9A34ECDEA99E229-65-65.931045530.65087831Node ChangedSTART,,,,,,,,
1502204128 DAD655CD510A230-50-55.000003811.14470315Node ChangedSTART,,,,,,,,
1502204128 2D1032CDC2EC330-46-46.933338170.365148276Node ChangedSTART,,,,,,,,
1502204128 459F7A08D5D7229-67-68.413787840.779982209Node ChangedSTART,,,,,,,,
1502204188 9A34ECDEA99E228-66-68.035720831.688346267*START,,,,,,,,
1502204188 DAD655CD510A227-54-55.074073790.384901673*START,,,,,,,,
1502204188 2D1032CDC2EC330-46-46.133338930.345746815*START,,,,,,,,
1502204188 459F7A08D5D7227-66-67.259262080.812998891*START,,,,,,,,
1502204248 9A34ECDEA99E230-68-69.900009160.711968243*START,,,,,,,,
1502204248 DAD655CD510A229-55-55.241378780.435494393*START,,,,,,,,
1502204248 2D1032CDC2EC330-44-45.466667180.681445718*START,,,,,,,,
1502204248 94DC6692F976330-45-46.566665650.568320513Node ChangedSTART,,,,,,,,
1502204308 9A34ECDEA99E227-67-68.629638670.926039159*START,,,,,,,,
1502204308 DAD655CD510A229-55-55.206897740.412249058*START,,,,,,,,
1502204308 2D1032CDC2EC329-44-44.724143980.648984015*START,,,,,,,,
1502204308 94DC6692F976329-46-46.482757570.574499726*START,,,,,,,,
1502204368 9A34ECDEA99E228-64-67.071434021.184108853*START,,,,,,,,
1502204368 DAD655CD510A229-54-55.000007630.462911576*START,,,,,,,,
1502204368 2D1032CDC2EC330-44-45.700004580.53498286*START,,,,,,,,
1502204368 94DC6692F976330-46-46.900001530.547722459*START,,,,,,,,
1502204428 9A34ECDEA99E228-66-67.107147221.257256031*START,,,,,,,,
1502204428 DAD655CD510A230-54-54.899997710.402577281*START,,,,,,,,
1502204428 2D1032CDC2EC329-45-47.275859831.278854132*START,,,,,,,,
1502204428 94DC6692F976329-45-46.344825740.768851578*START,,,,,,,,
1502204488 94DC6692F976330-47-470Node ChangedSTART,,,,,,,,
1502204488 F9632B2DFC58230-71-73.099998471.470395446Node ChangedSTART,,,,,,,,
1502204488 6392B6C5FB53230-50-50.933334351.048259139Node ChangedSTART,,,,,,,,
1502204488 9A34ECDEA99E228-66-67.535720831.070896745Node ChangedSTART,,,,,,,,
1502204548 94DC6692F976329-47-47.724140170.797162294*START,,,,,,,,
1502204548 F9632B2DFC58230-72-73.333335881.124440432*START,,,,,,,,
1502204548 6392B6C5FB53229-50-50.827583310.601723194*START,,,,,,,,
1502204548 459F7A08D5D7229-67-68.931045530.961065292Node ChangedSTART,,,,,,,,
1502204608 94DC6692F976329-47-49.06896211.099711537*START,,,,,,,,
1502204608 F9632B2DFC58229-72-74.172424321.037474155*START,,,,,,,,
1502204608 6392B6C5FB53230-50-50.533332820.730295956*START,,,,,,,,
1502204608 459F7A08D5D7229-69-70.172409060.848063707*START,,,,,,,,
1502204668 94DC6692F976330-48-48.733333590.739679992*START,,,,,,,,
1502204668 F9632B2DFC58226-72-73.576919560.856646955*START,,,,,,,,
1502204668 6392B6C5FB53230-50-50.500003810.629722774*START,,,,,,,,
1502204668 459F7A08D5D7228-68-70.035720831.170065045*START,,,,,,,,
1502204728 94DC6692F976330-46-47.200000760.610256076*START,,,,,,,,
1502204728 F9632B2DFC58229-71-72.896545411.633243442*START,,,,,,,,
1502204728 6392B6C5FB53229-49-50.482753750.7377913*START,,,,,,,,
1502204728 459F7A08D5D7220-66-691.337712049*START,,,,,,,,
1502204788 94DC6692F976329-47-47.344829560.552647114*MOVE 1,,,,,,,,
1502204788 F9632B2DFC58230-71-72.966659551.299426079*MOVE 1,,,,,,,,
1502204788 6392B6C5FB53230-49-50.566669460.858359814*MOVE 1,,,,,,,,
1502204788 9A34ECDEA99E228-67-68.857147221.208436728Node ChangedMOVE 1,,,,,,,,
1502204908 F9632B2DFC58228-69-74.321418763.2891891Node ChangedMOVE 1,,,,,,,,
1502204908 6392B6C5FB53230-51-51.63333130.556053221Node ChangedMOVE 1,,,,,,,,
1502204908 459F7A08D5D7227-67-68.370368960.68770057Node ChangedMOVE 1,,,,,,,,
1502204908 9A34ECDEA99E228-67-69.392852781.640671492*MOVE 1,,,,,,,,
1502204968 94DC6692F976330-47-47.166664120.379048884Node ChangedMOVE 1,,,,,,,,
1502204968 F9632B2DFC58228-71-71.892852781.100142002Node ChangedMOVE 1,,,,,,,,
1502204968 6392B6C5FB53229-50-51.31034470.5413903Node ChangedMOVE 1,,,,,,,,
1502204968 459F7A08D5D7230-68-690.982606649Node ChangedMOVE 1,,,,,,,,
1502205028 94DC6692F976330-44-46.933338170.583292842*MOVE 1,,,,,,,,
1502205028 F9632B2DFC58228-71-71.928573610.604217887*MOVE 1,,,,,,,,
1502205028 6392B6C5FB53229-52-52.413795470.501230061*MOVE 1,,,,,,,,
1502205028 459F7A08D5D7227-67-67.444442750.577351093*MOVE 1,,,,,,,,
1502205088 94DC6692F976330-46-46.933338170.253708661*MOVE 1,,,,,,,,
1502205088 F9632B2DFC58229-71-72.482749940.911069989*MOVE 1,,,,,,,,
1502205088 6392B6C5FB53230-51-52.599998470.563242316*MOVE 1,,,,,,,,
1502205088 459F7A08D5D7229-67-68.275863650.591400743*MOVE 1,,,,,,,,
1502205148 94DC6692F976328-47-470*MOVE 1,,,,,,,,
1502205148 F9632B2DFC58228-68-72.821426391.743846893*MOVE 1,,,,,,,,
1502205148 6392B6C5FB53230-52-52.100002290.30512777*MOVE 1,,,,,,,,
1502205148 459F7A08D5D7230-68-69.666671751.561018944*MOVE 1,,,,,,,,
1502205208 94DC6692F976330-46-47.099998470.547724307*MOVE 1,,,,,,,,
1502205208 F9632B2DFC58229-72-73.517250061.021926403*MOVE 1,,,,,,,,
1502205208 6392B6C5FB53230-51-52.166667940.592094719*MOVE 1,,,,,,,,
1502205208 459F7A08D5D7227-68-70.777778631.050030708*MOVE 1,,,,,,,,
1502205268 94DC6692F976329-43-46.896545411.113065362*MOVE 1,,,,,,,,
1502205268 F9632B2DFC58228-67-73.107147221.969002604*MOVE 1,,,,,,,,
1502205268 6392B6C5FB53229-50-51.275856020.921819627*MOVE 1,,,,,,,,
1502205268 459F7A08D5D7228-68-69.28571320.896790087*MOVE 1,,,,,,,,
1502205328 94DC6692F976330-46-46.233333590.430182338*MOVE 1,,,,,,,,
1502205328 F9632B2DFC58229-70-73.655166631.395808578*MOVE 1,,,,,,,,
1502205328 6392B6C5FB53230-51-51.366672520.614947975*MOVE 1,,,,,,,,
1502205328 459F7A08D5D7229-68-69.689659121.072497845*MOVE 1,,,,,,,,
1502205388 94DC6692F976330-46-48.099998471.155198216*MOVE 1,,,,,,,,
1502205388 F9632B2DFC58227-72-73.851852420.907393873*MOVE 1,,,,,,,,
1502205388 6392B6C5FB53229-51-51.999996190.462910891*MOVE 1,,,,,,,,
1502205388 459F7A08D5D7229-66-67.965507511.085048318*MOVE 1,,,,,,,,
1502205448 94DC6692F976329-45-46.655174260.93640101*MOVE 1,,,,,,,,
1502205448 F9632B2DFC58227-71-72.185173030.878681898*MOVE 1,,,,,,,,
1502205448 6392B6C5FB53230-51-52.433330540.678910255*MOVE 1,,,,,,,,
1502205448 459F7A08D5D7228-66-67.107154850.56694746*MOVE 1,,,,,,,,
1502205508 94DC6692F976329-45-46.103446960.61787802*MOVE 1,,,,,,,,
1502205508 F9632B2DFC58227-71-72.222213750.506372571*MOVE 1,,,,,,,,
1502205508 6392B6C5FB53229-51-51.758621220.510962546*MOVE 1,,,,,,,,
1502205508 9A34ECDEA99E228-67-69.357131961.161549807Node ChangedMOVE 1,,,,,,,,
1502205568 94DC6692F976330-45-47.300006870.952308595*MOVE 1,,,,,,,,
1502205568 F9632B2DFC58229-71-72.931030271.099708796*MOVE 1,,,,,,,,
1502205568 6392B6C5FB53230-50-51.666664120.711158633*MOVE 1,,,,,,,,
1502205568 459F7A08D5D7228-67-67.535720830.692935109Node ChangedMOVE 1,,,,,,,,
1502205628 94DC6692F976330-46-46.933338170.907185018*MOVE 1,,,,,,,,
1502205628 F9632B2DFC58227-71-72.222221370.640511334*MOVE 1,,,,,,,,
1502205628 6392B6C5FB53230-52-52.599998470.563241363*MOVE 1,,,,,,,,
1502205628 459F7A08D5D7230-67-67.500007630.572349966*MOVE 1,,,,,,,,
1502205688 94DC6692F976330-46-47.066669460.583292723*MOVE 1,,,,,,,,
1502205688 F9632B2DFC58229-71-71.758628850.78627497*MOVE 1,,,,,,,,
1502205688 6392B6C5FB53230-51-52.199996950.550861776*MOVE 1,,,,,,,,
1502205688 459F7A08D5D7230-67-67.566673280.504007936*MOVE 1,,,,,,,,
1502205748 94DC6692F976330-46-46.466667180.507415652*MOVE 1,,,,,,,,
1502205748 6392B6C5FB53229-51-52.275871280.527564883Node ChangedMOVE 1,,,,,,,,
1502205748 459F7A08D5D7229-67-67.655174260.552646637Node ChangedMOVE 1,,,,,,,,
1502205748 9A34ECDEA99E228-67-68.178573610.547962964Node ChangedMOVE 1,,,,,,,,
1502205808 94DC6692F976330-46-46.766666410.430183113*MOVE 1,,,,,,,,
1502205808 6392B6C5FB53229-51-51.793106080.559293628*MOVE 1,,,,,,,,
1502205808 459F7A08D5D7228-67-67.857139590.524530709*MOVE 1,,,,,,,,
1502205808 9A34ECDEA99E230-68-68.50.776817203*MOVE 1,,,,,,,,
1502205868 94DC6692F976330-46-46.766666410.678910017*MOVE 1,,,,,,,,
1502205868 F9632B2DFC58227-70-71.296287540.72402519Node ChangedMOVE 1,,,,,,,,
1502205868 6392B6C5FB53230-51-51.833332060.461133391Node ChangedMOVE 1,,,,,,,,
1502205868 459F7A08D5D7228-68-68.214279170.498675406Node ChangedMOVE 1,,,,,,,,
1502205928 94DC6692F976330-45-46.866661071.00801301*MOVE 2,,,,,,,,
1502205928 F9632B2DFC58229-69-70.448280330.631676495*MOVE 2,,,,,,,,
1502205928 6392B6C5FB53229-48-50.999996191.101946712*MOVE 2,,,,,,,,
1502205928 459F7A08D5D7229-69-70.379318240.941649497*MOVE 2,,,,,,,,
1502205988 94DC6692F976330-43-47.766670231.906128526*MOVE 2,,,,,,,,
1502205988 F9632B2DFC58225-69-72.319992072.853657246*MOVE 2,,,,,,,,
1502205988 6392B6C5FB53229-49-50.137928011.025537729*MOVE 2,,,,,,,,
1502205988 459F7A08D5D7222-70-70.954536440.898528874*MOVE 2,,,,,,,,
1502206048 94DC6692F976329-44-47.68965531.416823506*MOVE 2,,,,,,,,
1502206048 F9632B2DFC58230-69-74.900001532.856935263*MOVE 2,,,,,,,,
1502206048 6392B6C5FB53229-50-50.862068180.789399683*MOVE 2,,,,,,,,
1502206048 459F7A08D5D7229-68-69.413795470.824501514*MOVE 2,,,,,,,,
1502206108 94DC6692F976329-45-46.344821930.856729746*MOVE 2,,,,,,,,
1502206108 F9632B2DFC58227-71-77.11111455.970011711*MOVE 2,,,,,,,,
1502206108 6392B6C5FB53230-50-50.766666410.773854971*MOVE 2,,,,,,,,
1502206108 459F7A08D5D7228-69-70.500007631.37436831*MOVE 2,,,,,,,,
1502206168 94DC6692F976331-45-45.612899780.803218901*MOVE 2,,,,,,,,
1502206168 F9632B2DFC58229-73-76.827590943.433749199*MOVE 2,,,,,,,,
1502206168 6392B6C5FB53228-50-51.285720830.896790326*MOVE 2,,,,,,,,
1502206168 459F7A08D5D7227-68-68.629631040.687701821*MOVE 2,,,,,,,,
1502206228 F9632B2DFC58228-72-77.999992373.990731478Node ChangedMOVE 2,,,,,,,,
1502206228 6392B6C5FB53230-51-51.266666410.583292723Node ChangedMOVE 2,,,,,,,,
1502206228 459F7A08D5D7228-68-69.03571320.69293654Node ChangedMOVE 2,,,,,,,,
1502206228 DAD655CD510A230-55-55.63333130.490132064Node ChangedMOVE 2,,,,,,,,
1502206288 F9632B2DFC58228-72-74.607147221.133309722*MOVE 2,,,,,,,,
1502206288 6392B6C5FB53230-50-51.033329010.490132928*MOVE 2,,,,,,,,
1502206288 459F7A08D5D7230-67-68.366676330.808716416*MOVE 2,,,,,,,,
1502206288 DAD655CD510A230-55-56.433334350.678910255*MOVE 2,,,,,,,,
1502206348 F9632B2DFC58227-74-77.259262083.10820961*MOVE 2,,,,,,,,
1502206348 6392B6C5FB53230-51-51.233333590.430183291*MOVE 2,,,,,,,,
1502206348 459F7A08D5D7229-67-68.448287960.783136666*MOVE 2,,,,,,,,
1502206348 DAD655CD510A230-55-56.033332820.413841337*MOVE 2,,,,,,,,
1502206408 F9632B2DFC58228-73-78.499992373.156414747*MOVE 2,,,,,,,,
1502206408 6392B6C5FB53229-50-51.137935640.693034053*MOVE 2,,,,,,,,
1502206408 DAD655CD510A229-55-55.827587130.804849267Node ChangedMOVE 2,,,,,,,,
1502206408 9A34ECDEA99E230-66-68.300003050.987857521Node ChangedMOVE 2,,,,,,,,
1502206468 F9632B2DFC58228-72-76.357147221.809734464*MOVE 2,,,,,,,,
1502206468 6392B6C5FB53229-50-51.103446960.409252256*MOVE 2,,,,,,,,
1502206468 459F7A08D5D7229-67-69.379295351.293221474Node ChangedMOVE 2,,,,,,,,
1502206468 DAD655CD510A229-53-54.344825740.552646279Node ChangedMOVE 2,,,,,,,,
1502206528 F9632B2DFC58230-72-74.966659551.29942894*MOVE 2,,,,,,,,
1502206528 6392B6C5FB53230-50-50.899997710.305129766*MOVE 2,,,,,,,,
1502206528 459F7A08D5D7229-67-69.241378781.503690839*MOVE 2,,,,,,,,
1502206528 DAD655CD510A230-54-55.100002290.547723114*MOVE 2,,,,,,,,
1502206588 F9632B2DFC58229-72-76.448265082.213372469*MOVE 2,,,,,,,,
1502206588 6392B6C5FB53230-50-51.033332820.556053519*MOVE 2,,,,,,,,
1502206588 459F7A08D5D7229-69-70.724136351.386066675*MOVE 2,,,,,,,,
1502206588 DAD655CD510A230-54-54.933338170.253707737*MOVE 2,,,,,,,,
1502206648 F9632B2DFC58230-71-75.733345033.016425848*MOVE 2,,,,,,,,
1502206648 6392B6C5FB53229-50-51.448276521.12078476*MOVE 2,,,,,,,,
1502206648 2D1032CDC2EC330-66-66.833328250.461133361Node ChangedMOVE 2,,,,,,,,
1502206648 459F7A08D5D7225-69-70.599990840.912871659Node ChangedMOVE 2,,,,,,,,
1502206708 F9632B2DFC58227-73-75.925918582.47954917*MOVE 2,,,,,,,,
1502206708 6392B6C5FB53230-52-53.466659550.819308817*MOVE 2,,,,,,,,
1502206708 2D1032CDC2EC330-66-66.333320620.479465485*MOVE 2,,,,,,,,
1502206708 459F7A08D5D7229-69-70.793090820.86103183*MOVE 2,,,,,,,,
1502206768 F9632B2DFC58230-73-75.966667181.711691499*MOVE 2,,,,,,,,
1502206768 6392B6C5FB53230-51-52.633335110.850287855*MOVE 2,,,,,,,,
1502206768 2D1032CDC2EC327-66-66.740745540.812999606*MOVE 2,,,,,,,,
1502206768 459F7A08D5D7228-68-69.714294431.181869984*MOVE 2,,,,,,,,
1502206828 F9632B2DFC58228-73-77.642868043.898849487*MOVE 2,,,,,,,,
1502206828 6392B6C5FB53230-51-51.799999240.484234273*MOVE 2,,,,,,,,
1502206828 2D1032CDC2EC329-65-66.586212160.627765477*MOVE 2,,,,,,,,
1502206828 459F7A08D5D7226-68-70.115379330.863804877*MOVE 2,,,,,,,,
1502206888 F9632B2DFC58230-77-81.766670231.959648848*MOVE 2,,,,,,,,
1502206888 6392B6C5FB53230-51-51.833339690.592092752*MOVE 2,,,,,,,,
1502206888 2D1032CDC2EC328-63-67.392860411.3427248*MOVE 2,,,,,,,,
1502206888 459F7A08D5D7228-67-68.964294431.261460185*MOVE 2,,,,,,,,
1502206948 F9632B2DFC58224-73-79.791664122.501810789*MOVE 2,,,,,,,,
1502206948 6392B6C5FB53229-51-52.517238620.828969479*MOVE 2,,,,,,,,
1502206948 2D1032CDC2EC329-66-66.310333250.470824778*MOVE 2,,,,,,,,
1502206948 459F7A08D5D7228-67-68.714279170.762896001*MOVE 2,,,,,,,,
1502207008 F9632B2DFC58229-66-75.586212162.897256374*MOVE 2,,,,,,,,
1502207008 6392B6C5FB53229-52-52.655174260.552646518*MOVE 2,,,,,,,,
1502207008 2D1032CDC2EC330-64-67.099998470.758855224*MOVE 2,,,,,,,,
1502207008 459F7A08D5D7228-67-68.892868041.133315086*MOVE 2,,,,,,,,
1502207068 F9632B2DFC58229-74-77.379302981.934902906*MOVE 2,,,,,,,,
1502207068 6392B6C5FB53230-52-52.900001530.547722399*MOVE 2,,,,,,,,
1502207068 2D1032CDC2EC329-66-66.413795470.501230538*MOVE 2,,,,,,,,
1502207068 459F7A08D5D7227-68-69.074073790.474417567*MOVE 2,,,,,,,,
1502207128 F9632B2DFC58228-72-76.285720832.401495695*MOVE 2,,,,,,,,
1502207128 6392B6C5FB53230-52-53.333332060.660894573*MOVE 2,,,,,,,,
1502207128 2D1032CDC2EC330-63-66.433334350.817200541*MOVE 2,,,,,,,,
1502207128 DAD655CD510A230-54-54.966663360.182574332Node ChangedMOVE 2,,,,,,,,
1502207188 F9632B2DFC58227-74-76.222221371.450021148*MOVE 3,,,,,,,,
1502207188 6392B6C5FB53230-51-52.86666871.479359865*MOVE 3,,,,,,,,
1502207188 2D1032CDC2EC328-66-66.749992370.64549607*MOVE 3,,,,,,,,
1502207188 459F7A08D5D7230-68-69.699996950.79437542Node ChangedMOVE 3,,,,,,,,
1502207248 F9632B2DFC58228-73-76.892860412.935597181*MOVE 3,,,,,,,,
1502207248 6392B6C5FB53229-49-51.931034090.883622169*MOVE 3,,,,,,,,
1502207248 2D1032CDC2EC329-66-66.931030270.593477905*MOVE 3,,,,,,,,
1502207248 459F7A08D5D7228-67-68.392868040.916488647*MOVE 3,,,,,,,,
1502207308 F9632B2DFC58228-75-77.251.236033559*MOVE 3,,,,,,,,
1502207308 2D1032CDC2EC329-66-66.482749940.508547902Node ChangedMOVE 3,,,,,,,,
1502207308 459F7A08D5D7230-68-68.633338930.490132153Node ChangedMOVE 3,,,,,,,,
1502207308 DAD655CD510A230-54-55.13333130.434172183Node ChangedMOVE 3,,,,,,,,
1502207368 F9632B2DFC58225-75-78.119995121.641137004*MOVE 3,,,,,,,,
1502207368 6392B6C5FB53230-52-52.733333591.112106562Node ChangedMOVE 3,,,,,,,,
1502207368 2D1032CDC2EC328-66-66.964279170.792661488Node ChangedMOVE 3,,,,,,,,
1502207368 459F7A08D5D7229-67-68.137924190.693033218Node ChangedMOVE 3,,,,,,,,
1502207428 F9632B2DFC58226-75-76.192306521.327229381*MOVE 3,,,,,,,,
1502207428 6392B6C5FB53230-50-51.399997711.037238121*MOVE 3,,,,,,,,
1502207428 2D1032CDC2EC329-66-66.551719670.506120086*MOVE 3,,,,,,,,
1502207428 459F7A08D5D7229-68-68.862075810.875222504*MOVE 3,,,,,,,,
1502207488 F9632B2DFC58229-74-75.931030271.131719947*MOVE 3,,,,,,,,
1502207488 6392B6C5FB53229-50-50.862064360.35093075*MOVE 3,,,,,,,,
1502207488 2D1032CDC2EC329-65-66.103454590.409252197*MOVE 3,,,,,,,,
1502207488 459F7A08D5D7229-67-68.241386411.21464777*MOVE 3,,,,,,,,
1502207548 F9632B2DFC58229-73-77.310348512.037216425*MOVE 3,,,,,,,,
1502207548 6392B6C5FB53229-50-52.103450781.496300936*MOVE 3,,,,,,,,
1502207548 2D1032CDC2EC329-65-66.344825740.613880396*MOVE 3,,,,,,,,
1502207548 459F7A08D5D7230-66-68.566658020.897638023*MOVE 3,,,,,,,,
1502207608 6392B6C5FB53228-52-52.89285660.416269779Node ChangedMOVE 3,,,,,,,,
1502207608 2D1032CDC2EC329-66-66.758621220.435495317Node ChangedMOVE 3,,,,,,,,
1502207608 459F7A08D5D7230-69-70.266670230.739679635Node ChangedMOVE 3,,,,,,,,
1502207608 DAD655CD510A230-55-55.399997710.498272777Node ChangedMOVE 3,,,,,,,,
1502207668 F9632B2DFC58229-73-74.758613591.18487978Node ChangedMOVE 3,,,,,,,,
1502207668 6392B6C5FB53230-52-52.966670990.614948153Node ChangedMOVE 3,,,,,,,,
1502207668 2D1032CDC2EC329-66-66.965507510.565859377Node ChangedMOVE 3,,,,,,,,
1502207668 459F7A08D5D7227-69-70.481483461.155932903Node ChangedMOVE 3,,,,,,,,
1502207728 F9632B2DFC58229-71-72.241378780.830455065*MOVE 3,,,,,,,,
1502207728 6392B6C5FB53230-50-51.800003051.242910862*MOVE 3,,,,,,,,
1502207728 2D1032CDC2EC330-66-66.46667480.507417142*MOVE 3,,,,,,,,
1502207728 459F7A08D5D7228-69-69.857147220.931517482*MOVE 3,,,,,,,,
1502207788 F9632B2DFC58230-71-73.000015261.259438634*MOVE 3,,,,,,,,
1502207788 6392B6C5FB53229-51-51.896553040.409252614*MOVE 3,,,,,,,,
1502207788 2D1032CDC2EC329-65-66.172409060.601722598*MOVE 3,,,,,,,,
1502207788 459F7A08D5D7229-68-70.034477230.905646026*MOVE 3,,,,,,,,
1502207848 F9632B2DFC58230-72-75.666671751.582953215*MOVE 3,,,,,,,,
1502207848 6392B6C5FB53230-51-51.766670230.678909719*MOVE 3,,,,,,,,
1502207848 459F7A08D5D7227-67-68.370376590.629292071Node ChangedMOVE 3,,,,,,,,
1502207848 DAD655CD510A230-55-55.50.508548141Node ChangedMOVE 3,,,,,,,,
1502207908 F9632B2DFC58226-75-77.115394591.107316613*MOVE 3,,,,,,,,
1502207908 6392B6C5FB53229-52-52.413791660.501229763*MOVE 3,,,,,,,,
1502207908 459F7A08D5D7228-67-67.678558351.334822655*MOVE 3,,,,,,,,
1502207908 DAD655CD510A230-55-56.100002290.40257901*MOVE 3,,,,,,,,
1502207968 F9632B2DFC58228-76-77.321434020.904867709*MOVE 3,,,,,,,,
1502207968 6392B6C5FB53230-52-52.666660310.546673179*MOVE 3,,,,,,,,
1502207968 2D1032CDC2EC328-65-66.21428680.498675317Node ChangedMOVE 3,,,,,,,,
1502207968 459F7A08D5D7230-67-67.699996950.534984052Node ChangedMOVE 3,,,,,,,,
1502208028 F9632B2DFC58229-72-76.620689392.808330297*MOVE 3,,,,,,,,
1502208028 6392B6C5FB53230-52-53.166675570.530667603*MOVE 3,,,,,,,,
1502208028 2D1032CDC2EC330-66-66.199996950.406837702*MOVE 3,,,,,,,,
1502208028 459F7A08D5D7230-67-68.73333740.868343592*MOVE 3,,,,,,,,
1502208088 F9632B2DFC58227-73-76.111099241.739436269*MOVE 3,,,,,,,,
1502208088 6392B6C5FB53228-51-52.107147220.916488469*MOVE 3,,,,,,,,
1502208088 2D1032CDC2EC330-65-66.033332820.3198421*MOVE 3,,,,,,,,
1502208088 459F7A08D5D7228-68-69.50.838870227*MOVE 3,,,,,,,,
1502208148 F9632B2DFC58227-72-74.851852421.657235384*MOVE 3,,,,,,,,
1502208148 6392B6C5FB53229-50-51.275867460.527565718*MOVE 3,,,,,,,,
1502208148 2D1032CDC2EC329-66-66.206893920.412250251*MOVE 3,,,,,,,,
1502208148 459F7A08D5D7227-70-72.222221371.717183471*MOVE 3,,,,,,,,
1502208208 F9632B2DFC58227-73-76.111106872.846500397*MOVE 3,,,,,,,,
1502208208 6392B6C5FB53229-50-50.999996190.377964735*MOVE 3,,,,,,,,
1502208208 2D1032CDC2EC330-66-66.26666260.520832419*MOVE 3,,,,,,,,
1502208208 459F7A08D5D7227-70-70.777763370.577349126*MOVE 3,,,,,,,,
1502208268 F9632B2DFC58229-69-73.965515142.36768198*MOVE 3,,,,,,,,
1502208268 6392B6C5FB53230-51-51.299999240.466091037*MOVE 3,,,,,,,,
1502208268 2D1032CDC2EC329-66-66.310348510.470823646*MOVE 3,,,,,,,,
1502208268 459F7A08D5D7228-68-69.749992370.700526536*MOVE 3,,,,,,,,
1502208328 F9632B2DFC58223-73-77.260864262.434919834*MOVE 3,,,,,,,,
1502208328 6392B6C5FB53229-48-50.517246251.021928787*MOVE 3,,,,,,,,
1502208328 2D1032CDC2EC330-66-66.63333130.490132689*MOVE 3,,,,,,,,
1502208328 459F7A08D5D7227-67-68.592590330.747264743*MOVE 3,,,,,,,,
1502208508 F9632B2DFC58229-71-73.103454591.345490098*MOVE 3,,,,,,,,
1502208508 6392B6C5FB53228-51-52.071426390.766356468*MOVE 3,,,,,,,,
1502208508 2D1032CDC2EC329-65-66.172409060.601722062*MOVE 3,,,,,,,,
1502208508 459F7A08D5D7227-66-67.444442751.219501615*MOVE 3,,,,,,,,
1502208568 F9632B2DFC58230-70-71.166671750.461132884*MOVE 3,,,,,,,,
1502208568 6392B6C5FB53230-51-51.900001530.547723293*MOVE 3,,,,,,,,
1502208568 2D1032CDC2EC328-66-66.107147220.31496942*MOVE 3,,,,,,,,
1502208568 459F7A08D5D7230-67-68.666664120.7580989*MOVE 3,,,,,,,,
1502208628 F9632B2DFC58227-69-70.740737920.712124944*MOVE 3,,,,,,,,
1502208628 6392B6C5FB53229-50-51.172409060.658405185*MOVE 3,,,,,,,,
1502208628 459F7A08D5D7228-67-68.428565980.634126365Node ChangedMOVE 3,,,,,,,,
1502208628 9A34ECDEA99E230-66-66.833335880.874279678Node ChangedMOVE 3,,,,,,,,
1502208688 F9632B2DFC58228-66-71.107131962.671376944*MOVE 3,,,,,,,,
1502208688 6392B6C5FB53230-51-51.566669460.504006863*MOVE 3,,,,,,,,
1502208688 2D1032CDC2EC328-66-67.21428680.568110943Node ChangedMOVE 3,,,,,,,,
1502208688 459F7A08D5D7230-67-69.36666870.927859187Node ChangedMOVE 3,,,,,,,,
1502208748 F9632B2DFC58227-71-74.074081421.730407119*MOVE 3,,,,,,,,
1502208748 6392B6C5FB53229-49-51.241378781.479748249*MOVE 3,,,,,,,,
1502208748 2D1032CDC2EC329-66-67.000007630.654654562*MOVE 3,,,,,,,,
1502208748 459F7A08D5D7230-66-68.166656490.698932946*MOVE 3,,,,,,,,
1502208808 F9632B2DFC58228-71-72.750007631.294577003*MOVE 4,,,,,,,,
1502208808 6392B6C5FB53229-48-50.379314421.399329305*MOVE 4,,,,,,,,
1502208808 459F7A08D5D7230-67-68.39999391.328730226Node ChangedMOVE 4,,,,,,,,
1502208808 DAD655CD510A230-52-52.63333130.668675184Node ChangedMOVE 4,,,,,,,,
1502208868 6392B6C5FB53230-50-51.200000760.961321115Node ChangedMOVE 4,,,,,,,,
1502208868 2D1032CDC2EC330-66-66.533332820.571346641Node ChangedMOVE 4,,,,,,,,
1502208868 F9632B2DFC58230-69-71.066665650.98026371Node ChangedMOVE 4,,,,,,,,
1502208868 DAD655CD510A230-53-54.166664120.698932469*MOVE 4,,,,,,,,
1502208928 6392B6C5FB53230-50-50.466667180.507416129*MOVE 4,,,,,,,,
1502208928 2D1032CDC2EC328-65-66.678565980.669635117*MOVE 4,,,,,,,,
1502208928 F9632B2DFC58228-68-69.500015261.170633912*MOVE 4,,,,,,,,
1502208928 459F7A08D5D7224-69-71.416671751.348642826Node ChangedMOVE 4,,,,,,,,
1502208988 6392B6C5FB53230-50-50.233333590.430183679*MOVE 4,,,,,,,,
1502208988 2D1032CDC2EC329-67-67.275871280.454856128*MOVE 4,,,,,,,,
1502208988 F9632B2DFC58228-68-69.357131961.061596274*MOVE 4,,,,,,,,
1502208988 459F7A08D5D7226-69-70.346160890.561591268*MOVE 4,,,,,,,,
1502209048 2D1032CDC2EC328-66-66.500007630.638284802Node ChangedMOVE 4,,,,,,,,
1502209048 F9632B2DFC58230-69-70.266670230.639685154Node ChangedMOVE 4,,,,,,,,
1502209048 6392B6C5FB53228-49-50.035717010.331343561Node ChangedMOVE 4,,,,,,,,
1502209048 DAD655CD510A228-53-54.85714340.448395222Node ChangedMOVE 4,,,,,,,,
1502209108 2D1032CDC2EC329-66-67.172401430.539110422*MOVE 4,,,,,,,,
1502209108 F9632B2DFC58229-69-70.724143981.130628228*MOVE 4,,,,,,,,
1502209108 6392B6C5FB53229-50-50.172416690.384425372*MOVE 4,,,,,,,,
1502209108 459F7A08D5D7229-69-70.000007630.654654562Node ChangedMOVE 4,,,,,,,,
1502209168 2D1032CDC2EC325-66-67.160003660.746100247*MOVE 4,,,,,,,,
1502209168 F9632B2DFC58229-68-70.413795471.086186051*MOVE 4,,,,,,,,
1502209168 6392B6C5FB53230-49-50.833332060.592093587*MOVE 4,,,,,,,,
1502209168 459F7A08D5D7229-69-70.241386410.830454469*MOVE 4,,,,,,,,
1502209228 2D1032CDC2EC329-67-67.931030270.529893994*MOVE 4,,,,,,,,
1502209228 F9632B2DFC58228-68-68.928565980.662687957*MOVE 4,,,,,,,,
1502209228 6392B6C5FB53230-50-50.833335880.461132944*MOVE 4,,,,,,,,
1502209228 459F7A08D5D7230-69-70.033332820.718395293*MOVE 4,,,,,,,,
1502209288 2D1032CDC2EC328-67-67.749992370.518186688*MOVE 4,,,,,,,,
1502209288 F9632B2DFC58229-66-67.862075810.742783666*MOVE 4,,,,,,,,
1502209288 6392B6C5FB53230-50-50.399997710.563241959*MOVE 4,,,,,,,,
1502209288 459F7A08D5D7228-70-70.464294430.50787431*MOVE 4,,,,,,,,
1502209348 F9632B2DFC58229-66-67.896553040.724312961Node ChangedMOVE 4,,,,,,,,
1502209348 6392B6C5FB53230-50-50.566669460.56832099Node ChangedMOVE 4,,,,,,,,
1502209348 459F7A08D5D7228-69-70.142852780.705231488Node ChangedMOVE 4,,,,,,,,
1502209348 DAD655CD510A230-54-54.766666410.430183381Node ChangedMOVE 4,,,,,,,,
1502209408 F9632B2DFC58229-68-70.655174261.369980812*MOVE 4,,,,,,,,
1502209408 6392B6C5FB53230-50-50.733333590.784915388*MOVE 4,,,,,,,,
1502209408 459F7A08D5D7229-67-69.827575680.966172457*MOVE 4,,,,,,,,
1502209408 DAD655CD510A226-53-54.769226070.651625097*MOVE 4,,,,,,,,
1502209468 2D1032CDC2EC330-46-52.333335886.768759251Node ChangedMOVE 5,,,,,,,,
1502209468 F9632B2DFC58227-66-69.222221371.086040735Node ChangedMOVE 5,,,,,,,,
1502209468 6392B6C5FB53229-48-50.68965530.806378663Node ChangedMOVE 5,,,,,,,,
1502209468 459F7A08D5D7230-66-69.333335881.422317743Node ChangedMOVE 5,,,,,,,,
1502209528 2D1032CDC2EC328-47-51.03571322.008908033*MOVE 5,,,,,,,,
1502209528 F9632B2DFC58230-68-69.933326721.014832377*MOVE 5,,,,,,,,
1502209528 6392B6C5FB53230-50-50.599998470.498272955*MOVE 5,,,,,,,,
1502209528 459F7A08D5D7229-67-67.999992370.96362257*MOVE 5,,,,,,,,
1502209588 2D1032CDC2EC329-46-46.586208340.982607603*MOVE 5,,,,,,,,
1502209588 F9632B2DFC58230-68-69.066665650.868343651*MOVE 5,,,,,,,,
1502209588 6392B6C5FB53230-49-50.566669460.678909779*MOVE 5,,,,,,,,
1502209588 459F7A08D5D7225-67-68.239997860.969536841*MOVE 5,,,,,,,,
1502209648 2D1032CDC2EC330-46-49.066669461.284745812*MOVE 5,,,,,,,,
1502209648 F9632B2DFC58229-68-69.586212161.118584156*MOVE 5,,,,,,,,
1502209648 6392B6C5FB53230-50-51.133335110.628810167*MOVE 5,,,,,,,,
1502209648 DAD655CD510A230-54-54.433334350.504006863Node ChangedMOVE 5,,,,,,,,
1502209708 2D1032CDC2EC330-48-50.13333131.525265932*MOVE 5,,,,,,,,
1502209708 F9632B2DFC58229-68-70.241386411.243702888*MOVE 5,,,,,,,,
1502209708 6392B6C5FB53230-50-50.300003050.534983695*MOVE 5,,,,,,,,
1502209708 459F7A08D5D7228-67-68.178573610.862964809Node ChangedMOVE 5,,,,,,,,
1502209768 2D1032CDC2EC330-48-51.266666411.41258657*MOVE 5,,,,,,,,
1502209768 6392B6C5FB53229-49-50.413787840.86673516Node ChangedMOVE 5,,,,,,,,
1502209768 459F7A08D5D7228-67-68.035705570.63724649Node ChangedMOVE 5,,,,,,,,
1502209768 DAD655CD510A228-54-54.39285660.497347325Node ChangedMOVE 5,,,,,,,,
1502209828 2D1032CDC2EC328-49-51.71428681.583644509*MOVE 5,,,,,,,,
1502209828 F9632B2DFC58224-66-73.083335886.296419621Node ChangedMOVE 5,,,,,,,,
1502209828 6392B6C5FB53230-49-49.933334350.365148246Node ChangedMOVE 5,,,,,,,,
1502209828 459F7A08D5D7229-66-68.448287961.182796955Node ChangedMOVE 5,,,,,,,,
1502209888 2D1032CDC2EC330-41-46.933334354.322621822*MOVE 5,,,,,,,,
1502209888 F9632B2DFC58228-68-69.142868041.044003844*MOVE 5,,,,,,,,
1502209888 6392B6C5FB53230-50-51.466667180.973204732*MOVE 5,,,,,,,,
1502209888 459F7A08D5D7229-67-68.655174260.973797917*MOVE 5,,,,,,,,
1502210008 2D1032CDC2EC329-52-57.034481053.005741119*MOVE 5,,,,,,,,
1502210008 F9632B2DFC58229-66-68.965522770.981352687*MOVE 5,,,,,,,,
1502210008 6392B6C5FB53230-50-50.63333130.556054473*MOVE 5,,,,,,,,
1502210008 459F7A08D5D7229-66-67.413795470.682285666*MOVE 5,,,,,,,,
1502210068 2D1032CDC2EC330-48-52.066665653.722563028*MOVE 5,,,,,,,,
1502210068 F9632B2DFC58228-69-70.035705570.881166399*MOVE 5,,,,,,,,
1502210068 6392B6C5FB53230-48-50.399997711.037237406*MOVE 5,,,,,,,,
1502210068 459F7A08D5D7229-67-68.793106080.861034334*MOVE 5,,,,,,,,
1502210128 2D1032CDC2EC330-45-50.566669463.047704935*MOVE 5,,,,,,,,
1502210128 F9632B2DFC58230-68-70.533332821.960530877*MOVE 5,,,,,,,,
1502210128 6392B6C5FB53229-49-50.103446960.772048712*MOVE 5,,,,,,,,
1502210128 459F7A08D5D7220-67-69.800018313.071088076*MOVE 5,,,,,,,,
1502210188 2D1032CDC2EC329-52-55.448276523.257805824*MOVE 6,,,,,,,,
1502210188 F9632B2DFC58228-71-73.357147221.928620577*MOVE 6,,,,,,,,
1502210188 6392B6C5FB53229-50-50.137935640.350932121*MOVE 6,,,,,,,,
1502210188 459F7A08D5D7229-69-69.93103790.798705935*MOVE 6,,,,,,,,
1502210248 2D1032CDC2EC329-46-49.724143983.092579365*MOVE 6,,,,,,,,
1502210248 F9632B2DFC58225-70-72.320007321.519869804*MOVE 6,,,,,,,,
1502210248 6392B6C5FB53229-50-50.655166630.720905304*MOVE 6,,,,,,,,
1502210248 DAD655CD510A229-54-55.172412870.539110899Node ChangedMOVE 6,,,,,,,,
1502210248 2D1032CDC2EC329-46-49.724143983.092579365*MOVE 6,,,,,,,,
1502210248 F9632B2DFC58225-70-72.320007321.519869804*MOVE 6,,,,,,,,
1502210248 6392B6C5FB53229-50-50.655166630.720905304*MOVE 6,,,,,,,,
1502210248 DAD655CD510A229-54-55.172412870.539110899*MOVE 6,,,,,,,,
1502210308 2D1032CDC2EC330-45-46.400001530.674665689*MOVE 6,,,,,,,,
1502210308 F9632B2DFC58228-70-71.821426391.492041469*MOVE 6,,,,,,,,
1502210308 6392B6C5FB53229-51-51.241386410.435494393*MOVE 6,,,,,,,,
1502210308 DAD655CD510A230-55-55.766666410.43018204*MOVE 6,,,,,,,,
1502210368 2D1032CDC2EC329-46-47.206893920.726012111*MOVE 6,,,,,,,,
1502210368 F9632B2DFC58229-71-71.931053160.923161566*MOVE 6,,,,,,,,
1502210368 6392B6C5FB53229-50-51.137931820.515761733*MOVE 6,,,,,,,,
1502210368 DAD655CD510A230-55-56.299995420.595962286*MOVE 6,,,,,,,,
1502210428 2D1032CDC2EC330-47-47.566669460.626062632*MOVE 6,,,,,,,,
1502210428 6392B6C5FB53230-50-51.200000760.550861537Node ChangedMOVE 6,,,,,,,,
1502210428 DAD655CD510A230-55-55.900001530.480660528Node ChangedMOVE 6,,,,,,,,
1502210428 9A34ECDEA99E229-69-71.862075811.884599328Node ChangedMOVE 6,,,,,,,,
1502210488 2D1032CDC2EC329-47-47.827587130.468200475*MOVE 6,,,,,,,,
1502210488 F9632B2DFC58230-70-71.833335880.912869573Node ChangedMOVE 6,,,,,,,,
1502210488 6392B6C5FB53230-50-50.900005340.402577013Node ChangedMOVE 6,,,,,,,,
1502210488 DAD655CD510A229-55-55.93103790.257880479Node ChangedMOVE 6,,,,,,,,
1502210548 2D1032CDC2EC330-47-48.733329771.201531649*MOVE 6,,,,,,,,
1502210548 F9632B2DFC58226-65-68.923080443.211520672*MOVE 6,,,,,,,,
1502210548 6392B6C5FB53228-50-510.272165388*MOVE 6,,,,,,,,
1502210548 DAD655CD510A229-55-55.655166630.552646875*MOVE 6,,,,,,,,
1502210608 2D1032CDC2EC330-45-48.333328251.184188604*MOVE 6,,,,,,,,
1502210608 F9632B2DFC58226-66-67.000007630.632456422*MOVE 6,,,,,,,,
1502210608 6392B6C5FB53229-51-51.551731110.506120265*MOVE 6,,,,,,,,
1502210608 DAD655CD510A229-55-55.724136350.454858512*MOVE 6,,,,,,,,
1502210668 2D1032CDC2EC329-47-49.793102261.264326215*MOVE 6,,,,,,,,
1502210668 F9632B2DFC58228-66-67.142852780.803431749*MOVE 6,,,,,,,,
1502210668 DAD655CD510A227-55-55.962959290.517500103Node ChangedMOVE 6,,,,,,,,
1502210668 9A34ECDEA99E228-68-69.78571321.343217134Node ChangedMOVE 6,,,,,,,,
1502210728 F9632B2DFC58229-66-67.793098450.773642719Node ChangedMOVE 6,,,,,,,,
1502210728 6392B6C5FB53228-49-50.50.693889081Node ChangedMOVE 6,,,,,,,,
1502210728 2D1032CDC2EC330-49-49.466667180.730296493Node ChangedMOVE 6,,,,,,,,
1502210728 DAD655CD510A229-55-55.827583310.384425014Node ChangedMOVE 6,,,,,,,,
1502210788 F9632B2DFC58229-66-67.551727290.685887456*MOVE 6,,,,,,,,
1502210788 6392B6C5FB53230-49-50.86666870.628810406*MOVE 6,,,,,,,,
1502210788 2D1032CDC2EC330-45-47.933334351.855715394*MOVE 6,,,,,,,,
1502210788 DAD655CD510A230-55-55.600002290.49827221*MOVE 6,,,,,,,,
1502210848 F9632B2DFC58230-66-67.03332520.71839267*MOVE 7,,,,,,,,
1502210848 6392B6C5FB53229-47-49.827587130.889178336*MOVE 7,,,,,,,,
1502210848 2D1032CDC2EC330-50-53.099998472.856933594*MOVE 7,,,,,,,,
1502210848 DAD655CD510A229-54-55.137924190.58089298*MOVE 7,,,,,,,,
1502210908 F9632B2DFC58229-66-66.620689390.676851511*MOVE 7,,,,,,,,
1502210908 6392B6C5FB53227-50-51.222221370.577352107*MOVE 7,,,,,,,,
1502210908 2D1032CDC2EC330-53-58.400001532.749294281*MOVE 7,,,,,,,,
1502210908 DAD655CD510A230-53-54.999992370.454860628*MOVE 7,,,,,,,,
1502210968 6392B6C5FB53230-50-51.200004580.484234542Node ChangedMOVE 7,,,,,,,,
1502210968 2D1032CDC2EC329-52-54.827583312.172372818Node ChangedMOVE 7,,,,,,,,
1502210968 DAD655CD510A227-55-55.518520360.509175599Node ChangedMOVE 7,,,,,,,,
1502210968 9A34ECDEA99E229-68-70.724143981.161791801Node ChangedMOVE 7,,,,,,,,
1502211028 6392B6C5FB53230-49-51.233333591.104328036*MOVE 7,,,,,,,,
1502211028 2D1032CDC2EC329-44-51.103450784.2957201*MOVE 7,,,,,,,,
1502211028 DAD655CD510A230-53-55.333328250.66089505*MOVE 7,,,,,,,,
1502211028 459F7A08D5D7227-68-69.888877871.339730263Node ChangedMOVE 7,,,,,,,,
1502211088 F9632B2DFC58229-66-67.275871280.996295691Node ChangedMOVE 7,,,,,,,,
1502211088 6392B6C5FB53229-50-51.448276521.055129647Node ChangedMOVE 7,,,,,,,,
1502211088 2D1032CDC2EC330-44-45.033329010.490133852Node ChangedMOVE 7,,,,,,,,
1502211088 DAD655CD510A230-55-55.700004580.46608901Node ChangedMOVE 7,,,,,,,,
1502211148 F9632B2DFC58229-67-68.51723480.737793386*MOVE 7,,,,,,,,
1502211148 6392B6C5FB53230-50-52.000003810.6948089*MOVE 7,,,,,,,,
1502211148 2D1032CDC2EC330-45-46.433334352.062528372*MOVE 7,,,,,,,,
1502211148 DAD655CD510A230-55-55.566665650.504007041*MOVE 7,,,,,,,,
1502211208 F9632B2DFC58229-66-67.758621220.786275089*MOVE 7,,,,,,,,
1502211208 6392B6C5FB53230-50-50.833328250.698932827*MOVE 7,,,,,,,,
1502211208 2D1032CDC2EC329-49-49.344825740.483725458*MOVE 7,,,,,,,,
1502211208 DAD655CD510A228-54-55.10714340.416268587*MOVE 7,,,,,,,,
1502211268 6392B6C5FB53230-50-50.866661070.628810883Node ChangedMOVE 7,,,,,,,,
1502211268 F9632B2DFC58228-67-68.21428680.629941106Node ChangedMOVE 7,,,,,,,,
1502211268 2D1032CDC2EC330-48-49.13333130.819308281*MOVE 7,,,,,,,,
1502211268 DAD655CD510A230-55-550*MOVE 7,,,,,,,,
1502211328 6392B6C5FB53229-47-50.931030270.883621633*MOVE 7,,,,,,,,
1502211328 F9632B2DFC58229-67-68.413795470.866736591*MOVE 7,,,,,,,,
1502211328 2D1032CDC2EC329-49-50.51723480.828970611*MOVE 7,,,,,,,,
1502211328 DAD655CD510A230-54-55.066665650.449776471*MOVE 7,,,,,,,,
1502211388 6392B6C5FB53230-50-51.73333740.784915745*MOVE 8,,,,,,,,
1502211388 F9632B2DFC58228-67-68.678565981.123933434*MOVE 8,,,,,,,,
1502211388 2D1032CDC2EC330-48-49.933330541.680175662*MOVE 8,,,,,,,,
1502211388 DAD655CD510A228-54-54.750.518187881*MOVE 8,,,,,,,,
1502211448 6392B6C5FB53230-50-51.366664890.808716953*MOVE 8,,,,,,,,
1502211448 F9632B2DFC58228-67-69.678573611.540888786*MOVE 8,,,,,,,,
1502211448 2D1032CDC2EC330-47-50.89999391.971344948*MOVE 8,,,,,,,,
1502211448 DAD655CD510A230-54-54.700004580.794374466*MOVE 8,,,,,,,,
1502211508 6392B6C5FB53230-50-51.599998470.894427657*MOVE 8,,,,,,,,
1502211508 F9632B2DFC58229-67-68.758621221.327057481*MOVE 8,,,,,,,,
1502211508 2D1032CDC2EC329-48-49.482761381.089584589*MOVE 8,,,,,,,,
1502211508 DAD655CD510A229-54-55.655166630.613878906*MOVE 8,,,,,,,,
1502211568 6392B6C5FB53229-51-51.620693210.493803471*MOVE 8,,,,,,,,
1502211568 F9632B2DFC58228-68-68.928573610.716401815*MOVE 8,,,,,,,,
1502211568 2D1032CDC2EC329-49-49.482757570.508546829*MOVE 8,,,,,,,,
1502211568 DAD655CD510A229-54-54.620689390.493803561*MOVE 8,,,,,,,,
1502211628 6392B6C5FB53230-51-51.700004580.466090053*MOVE 8,,,,,,,,
1502211628 F9632B2DFC58226-68-69.307701110.735893726*MOVE 8,,,,,,,,
1502211628 2D1032CDC2EC330-48-49.099998470.480660379*MOVE 8,,,,,,,,
1502211628 DAD655CD510A230-54-54.23333740.430183202*MOVE 8,,,,,,,,
1502211688 2D1032CDC2EC327-49-49.481483460.509174407Node ChangedMOVE 8,,,,,,,,
1502211688 DAD655CD510A229-54-54.206897740.412249923Node ChangedMOVE 8,,,,,,,,
1502211688 6392B6C5FB53230-50-51.933334350.691491604Node ChangedMOVE 8,,,,,,,,
1502211688 459F7A08D5D7228-68-70.785705571.197436571Node ChangedMOVE 8,,,,,,,,
1502211748 2D1032CDC2EC329-49-52.586208343.775079966*MOVE 8,,,,,,,,
1502211748 DAD655CD510A230-53-54.833335880.698931038*MOVE 8,,,,,,,,
1502211748 6392B6C5FB53230-50-51.333328251.061337113*MOVE 8,,,,,,,,
1502211748 459F7A08D5D7226-66-70.230773933.829440594*MOVE 8,,,,,,,,
1502211808 2D1032CDC2EC330-54-58.366664891.607812047*MOVE 8,,,,,,,,
1502211808 DAD655CD510A230-53-54.86666870.507416785*MOVE 8,,,,,,,,
1502211808 6392B6C5FB53230-51-52.333332060.711161554*MOVE 8,,,,,,,,
1502211808 459F7A08D5D7229-70-74.344818122.931064129*MOVE 8,,,,,,,,
1502211868 2D1032CDC2EC330-53-56.966667181.607811451*MOVE 8,,,,,,,,
1502211868 DAD655CD510A230-54-55.466663360.681445539*MOVE 8,,,,,,,,
1502211868 6392B6C5FB53230-49-51.633338930.889918745*MOVE 8,,,,,,,,
1502211868 459F7A08D5D7230-66-68.500007631.196258545*MOVE 8,,,,,,,,
1502211928 2D1032CDC2EC330-47-55.500007633.839450836*MOVE 8,,,,,,,,
1502211928 DAD655CD510A229-55-55.68965530.541390121*MOVE 8,,,,,,,,
1502211928 6392B6C5FB53228-50-51.28571320.658682406*MOVE 8,,,,,,,,
1502211928 459F7A08D5D7229-67-68.655166630.973792911*MOVE 8,,,,,,,,
1502211988 2D1032CDC2EC329-48-52.275859833.358322382*MOVE 8,,,,,,,,
1502211988 DAD655CD510A230-55-55.933338170.583292186*MOVE 8,,,,,,,,
1502211988 6392B6C5FB53229-49-50.275863650.840771616*MOVE 8,,,,,,,,
1502211988 459F7A08D5D7229-66-67.586204531.086186171*MOVE 8,,,,,,,,
1502212048 2D1032CDC2EC329-54-54.965515140.905649006*MOVE 8,,,,,,,,
1502212048 6392B6C5FB53230-50-500Node ChangedMOVE 8,,,,,,,,
1502212048 459F7A08D5D7230-66-66.86666870.571346223Node ChangedMOVE 8,,,,,,,,
1502212048 9A34ECDEA99E229-66-67.034484861.179672003Node ChangedMOVE 8,,,,,,,,
1502212108 2D1032CDC2EC330-53-56.333332062.963377714*MOVE 8,,,,,,,,
1502212108 6392B6C5FB53230-50-50.766670231.040004015*MOVE 8,,,,,,,,
1502212108 459F7A08D5D7226-67-68.846160892.110776424*MOVE 8,,,,,,,,
1502212108 DAD655CD510A228-55-55.321434020.611831784Node ChangedMOVE 8,,,,,,,,
1502212168 2D1032CDC2EC330-54-59.23333743.616851568*MOVE 8,,,,,,,,
1502212168 6392B6C5FB53230-50-50.733333590.784915268*MOVE 8,,,,,,,,
1502212168 459F7A08D5D7230-69-70.999992370.94686389*MOVE 8,,,,,,,,
1502212168 DAD655CD510A229-55-55.965515140.680479944*MOVE 8,,,,,,,,
1502212228 2D1032CDC2EC330-53-56.566669463.202190638*MOVE 8,,,,,,,,
1502212228 6392B6C5FB53229-50-50.965518950.625799417*MOVE 8,,,,,,,,
1502212228 459F7A08D5D7230-69-71.73333741.484015226*MOVE 8,,,,,,,,
1502212228 DAD655CD510A230-55-55.066661830.253708065*MOVE 8,,,,,,,,
1502212288 2D1032CDC2EC328-49-53.14285662.46026516*MOVE 8,,,,,,,,
1502212288 6392B6C5FB53230-50-50.533332820.571346879*MOVE 8,,,,,,,,
1502212288 459F7A08D5D7228-69-70.357147221.02611506*MOVE 8,,,,,,,,
1502212288 DAD655CD510A226-55-55.961540220.823687792*MOVE 8,,,,,,,,
1502212348 2D1032CDC2EC329-50-52.965518953.005741119*MOVE 8,,,,,,,,
1502212348 6392B6C5FB53229-50-51.06896210.703615248*MOVE 8,,,,,,,,
1502212348 459F7A08D5D7228-69-70.78571320.956735075*MOVE 8,,,,,,,,
1502212348 DAD655CD510A228-54-55.999996190.942809224*MOVE 8,,,,,,,,
1502212408 6392B6C5FB53230-50-51.50.900192678Node ChangedMOVE 8,,,,,,,,
1502212408 459F7A08D5D7228-69-70.03571321.201299787Node ChangedMOVE 8,,,,,,,,
1502212408 DAD655CD510A229-53-55.172412870.759181082Node ChangedMOVE 8,,,,,,,,
1502212408 9A34ECDEA99E230-66-66.900001530.547722757Node ChangedMOVE 8,,,,,,,,
1502212468 6392B6C5FB53230-52-52.933338170.52082932*MOVE 8,,,,,,,,
1502212468 459F7A08D5D7229-68-69.344825740.669533253*MOVE 8,,,,,,,,
1502212468 DAD655CD510A229-54-54.931030270.2578803*MOVE 8,,,,,,,,
1502212468 9A34ECDEA99E229-66-66.758605960.510961175*MOVE 8,,,,,,,,
1502212528 6392B6C5FB53229-52-52.896553040.673202991*MOVE 8,,,,,,,,
1502212528 459F7A08D5D7229-69-70.724143980.959781647*MOVE 8,,,,,,,,
1502212528 DAD655CD510A230-54-55.299995420.749711812*MOVE 8,,,,,,,,
1502212528 9A34ECDEA99E228-66-66.714279170.658682406*MOVE 8,,,,,,,,
1502212588 DAD655CD510A230-55-55.666667940.606478155Node ChangedMOVE 8,,,,,,,,
1502212588 9A34ECDEA99E230-66-67.099998471.09387219Node ChangedMOVE 8,,,,,,,,
1502212588 94DC6692F976328-55-61.252.976762533Node ChangedMOVE 8,,,,,,,,
1502212588 2D1032CDC2EC330-50-50.666664120.546672404Node ChangedMOVE 8,,,,,,,,
1502212648 6392B6C5FB53230-51-52.50.629722774Node ChangedMOVE 8,,,,,,,,
1502212648 459F7A08D5D7230-69-70.733329771.048262954Node ChangedMOVE 8,,,,,,,,
1502212648 DAD655CD510A229-55-55.75861740.435494483Node ChangedMOVE 8,,,,,,,,
1502212648 9A34ECDEA99E230-66-67.499992370.861032784Node ChangedMOVE 8,,,,,,,,
1502212708 6392B6C5FB53230-52-52.766666410.568321109*MOVE 8,,,,,,,,
1502212708 459F7A08D5D7230-69-70.566673280.971430302*MOVE 8,,,,,,,,
1502212708 DAD655CD510A229-55-55.586212160.568030596*MOVE 8,,,,,,,,
1502212708 9A34ECDEA99E229-66-66.758621220.576639414*MOVE 8,,,,,,,,
1502212768 6392B6C5FB53230-50-52.466659551.479361176*MOVE 8,,,,,,,,
1502212768 459F7A08D5D7230-69-70.733329771.080655456*MOVE 8,,,,,,,,
1502212768 DAD655CD510A230-54-54.799999240.484234393*MOVE 8,,,,,,,,
1502212768 9A34ECDEA99E228-66-68.464279171.666272163*MOVE 8,,,,,,,,
1502212828 6392B6C5FB53229-52-52.724140170.64898479*MOVE 8,,,,,,,,
1502212828 459F7A08D5D7229-68-69.172409061.00246048*MOVE 8,,,,,,,,
1502212828 DAD655CD510A230-54-55.466663360.730297506*MOVE 8,,,,,,,,
1502212828 9A34ECDEA99E229-67-68.379318241.115275502*MOVE 8,,,,,,,,
1502212888 6392B6C5FB53230-51-51.799999240.66436404*MOVE 8,,,,,,,,
1502212888 459F7A08D5D7230-67-69.900001531.061878085*MOVE 8,,,,,,,,
1502212888 DAD655CD510A227-54-54.703701020.541707754*MOVE 8,,,,,,,,
1502212888 9A34ECDEA99E230-66-67.933334350.944432557*MOVE 8,,,,,,,,
1502212948 6392B6C5FB53230-50-51.366664890.808716953*MOVE 8,,,,,,,,
1502212948 459F7A08D5D7229-69-70.448280331.152208805*MOVE 8,,,,,,,,
1502212948 DAD655CD510A230-54-55.099998470.607425213*MOVE 8,,,,,,,,
1502212948 9A34ECDEA99E229-66-67.931030270.883621991*MOVE 8,,,,,,,,
1502213008 6392B6C5FB53230-52-52.666667940.47946319*MOVE 8,,,,,,,,
1502213008 459F7A08D5D7228-68-70.464294431.318868279*MOVE 8,,,,,,,,
1502213008 DAD655CD510A230-54-55.066665650.365148455*MOVE 8,,,,,,,,
1502213008 94DC6692F976330-57-58.033329010.850287676Node ChangedMOVE 8,,,,,,,,
1502213068 6392B6C5FB53229-51-52.172412870.601721466*MOVE 8,,,,,,,,
1502213068 DAD655CD510A230-54-55.033329010.319842875Node ChangedMOVE 8,,,,,,,,
1502213068 9A34ECDEA99E230-66-67.333335880.922265947Node ChangedMOVE 8,,,,,,,,
1502213068 94DC6692F976329-55-59.448280332.599259615*MOVE 8,,,,,,,,
1502213128 6392B6C5FB53229-50-51.655178070.768854678*MOVE 8,,,,,,,,
1502213128 459F7A08D5D7230-68-69.63333130.808716416Node ChangedMOVE 8,,,,,,,,
1502213128 DAD655CD510A229-55-55.137931820.350931138Node ChangedMOVE 8,,,,,,,,
1502213128 9A34ECDEA99E229-65-66.206893920.559292376Node ChangedMOVE 8,,,,,,,,
1502213188 6392B6C5FB53230-50-51.366661070.668678641*MOVE 8,,,,,,,,
1502213188 459F7A08D5D7230-70-70.766654970.817199349*MOVE 8,,,,,,,,
1502213188 DAD655CD510A230-55-55.033332820.182574183*MOVE 8,,,,,,,,
1502213188 9A34ECDEA99E227-66-66.222221370.423659354*MOVE 8,,,,,,,,
1502213248 6392B6C5FB53230-52-52.13333130.345745713*MOVE 8,,,,,,,,
1502213248 459F7A08D5D7228-69-70.035705570.692934692*MOVE 8,,,,,,,,
1502213248 DAD655CD510A230-55-55.13333130.345745623*MOVE 8,,,,,,,,
1502213248 9A34ECDEA99E229-66-66.310356140.470823258*MOVE 8,,,,,,,,
1502213308 6392B6C5FB53230-52-52.033336640.182574272*MOVE 8,,,,,,,,
1502213308 459F7A08D5D7230-69-70.599998470.894425869*MOVE 8,,,,,,,,
1502213308 DAD655CD510A229-55-55.689651490.470823199*MOVE 8,,,,,,,,
1502213308 9A34ECDEA99E228-65-66.107147220.737327456*MOVE 8,,,,,,,,
1502213368 6392B6C5FB53229-51-51.448276520.572351456*MOVE 8,,,,,,,,
1502213368 459F7A08D5D7230-68-70.599998471.476250052*MOVE 8,,,,,,,,
1502213368 DAD655CD510A230-55-56.033336640.319841981*MOVE 8,,,,,,,,
1502213368 94DC6692F976330-56-59.099994661.539144158Node ChangedMOVE 8,,,,,,,,
1502213428 6392B6C5FB53229-50-51.758621220.576638579*MOVE 8,,,,,,,,
1502213428 459F7A08D5D7229-69-69.551712040.685889304*MOVE 8,,,,,,,,
1502213428 DAD655CD510A230-55-56.066665650.583292782*MOVE 8,,,,,,,,
1502213428 9A34ECDEA99E227-66-67.88888551.502133608Node ChangedMOVE 8,,,,,,,,
1502213488 6392B6C5FB53229-51-51.586208340.501229763*MOVE 8,,,,,,,,
1502213488 459F7A08D5D7229-67-690.886405885*MOVE 8,,,,,,,,
1502213488 DAD655CD510A227-55-55.666660310.554699004*MOVE 8,,,,,,,,
1502213488 9A34ECDEA99E230-67-68.033332820.927858114*MOVE 8,,,,,,,,
1502213548 6392B6C5FB53230-48-51.533332820.81930697*MOVE 8,,,,,,,,
1502213548 DAD655CD510A230-55-55.566669460.568318844Node ChangedMOVE 8,,,,,,,,
1502213548 9A34ECDEA99E229-66-68.827590940.966176689Node ChangedMOVE 8,,,,,,,,
1502213548 94DC6692F976329-56-60.75861742.262350321Node ChangedMOVE 8,,,,,,,,
1502213608 6392B6C5FB53228-51-51.499996190.509173393*MOVE 8,,,,,,,,
1502213608 DAD655CD510A230-55-56.033336640.413840979*MOVE 8,,,,,,,,
1502213608 9A34ECDEA99E230-66-68.400001531.220515966*MOVE 8,,,,,,,,
1502213608 94DC6692F976330-57-62.433330542.17641449*MOVE 8,,,,,,,,
1502213668 DAD655CD510A227-55-56.296291350.541710138Node ChangedMOVE 8,,,,,,,,
1502213668 9A34ECDEA99E229-68-69.827590940.889178395Node ChangedMOVE 8,,,,,,,,
1502213668 94DC6692F976330-55-57.600002292.010318041Node ChangedMOVE 8,,,,,,,,
1502213668 6392B6C5FB53230-50-50.533332820.507416904Node ChangedMOVE 8,,,,,,,,
1502213728 DAD655CD510A227-56-56.814815520.483340651*MOVE 8,,,,,,,,
1502213728 94DC6692F976330-55-56.10000610.959525645Node ChangedMOVE 8,,,,,,,,
1502213728 6392B6C5FB53230-50-50.099998470.305128515Node ChangedMOVE 8,,,,,,,,
1502213728 9A34ECDEA99E227-67-69.851852421.099081039Node ChangedMOVE 8,,,,,,,,
1502213788 DAD655CD510A230-56-56.26666260.449774802*MOVE 8,,,,,,,,
1502213788 94DC6692F976328-55-55.749996190.518187881*MOVE 8,,,,,,,,
1502213788 6392B6C5FB53230-50-50.466667180.50741595*MOVE 8,,,,,,,,
1502213788 459F7A08D5D7228-68-69.285720830.937179267Node ChangedMOVE 8,,,,,,,,
1502213848 DAD655CD510A229-55-55.931030270.257880241*MOVE 8,,,,,,,,
1502213848 94DC6692F976329-55-624.326001644*MOVE 8,,,,,,,,
1502213848 6392B6C5FB53230-50-51.133335110.730296671*MOVE 8,,,,,,,,
1502213848 459F7A08D5D7229-69-71.172416691.691764474*MOVE 8,,,,,,,,
1502213908 DAD655CD510A229-55-55.931034090.257880449*MOVE 8,,,,,,,,
1502213908 94DC6692F976329-61-65.517250062.181429863*MOVE 8,,,,,,,,
1502213908 6392B6C5FB53229-50-50.620685580.493804365*MOVE 8,,,,,,,,
1502213908 459F7A08D5D7227-69-69.592590330.693889856*MOVE 8,,,,,,,,
1502213968 DAD655CD510A230-55-55.966663360.182574391*MOVE 8,,,,,,,,
1502213968 94DC6692F976330-56-58.533332821.995396495*MOVE 8,,,,,,,,
1502213968 6392B6C5FB53230-49-49.899997710.803011119*MOVE 8,,,,,,,,
1502213968 459F7A08D5D7228-69-70.107154850.956047475*MOVE 8,,,,,,,,
1502214028 DAD655CD510A230-56-56.233333590.430183113*MOVE 8,,,,,,,,
1502214028 94DC6692F976330-59-61.066665651.529780388*MOVE 8,,,,,,,,
1502214028 6392B6C5FB53229-49-51.034484860.731081069*MOVE 8,,,,,,,,
1502214028 9A34ECDEA99E227-69-70.185180660.833760977Node ChangedMOVE 8,,,,,,,,
1502214088 DAD655CD510A229-55-56.068965910.37139073*MOVE 8,,,,,,,,
1502214088 94DC6692F976330-59-60.36666870.668675303*MOVE 8,,,,,,,,
1502214088 6392B6C5FB53229-50-51.137931820.515761435*MOVE 8,,,,,,,,
1502214088 459F7A08D5D7229-68-69.068969730.529893637Node ChangedMOVE 8,,,,,,,,
1502214148 DAD655CD510A230-56-56.166664120.37904951*MOVE 8,,,,,,,,
1502214148 94DC6692F976329-59-63.068965912.914632797*MOVE 8,,,,,,,,
1502214148 6392B6C5FB53230-50-51.166667940.530668974*MOVE 8,,,,,,,,
1502214148 459F7A08D5D7229-67-68.689651490.96744895*MOVE 8,,,,,,,,
1502214208 DAD655CD510A230-55-56.066661830.365148515*MOVE 8,,,,,,,,
1502214208 94DC6692F976329-54-60.517242431.703372478*MOVE 8,,,,,,,,
1502214208 6392B6C5FB53229-50-50.999996190.267261773*MOVE 8,,,,,,,,
1502214208 9A34ECDEA99E227-69-72.259254461.583385944Node ChangedMOVE 8,,,,,,,,
1502214268 DAD655CD510A228-56-56.21428680.417854786*MOVE 8,,,,,,,,
1502214268 94DC6692F976329-56-59.344829561.470565438*MOVE 8,,,,,,,,
1502214268 6392B6C5FB53229-50-51.000003810.377964795*MOVE 8,,,,,,,,
1502214268 459F7A08D5D7224-68-69.000007630.294884831Node ChangedMOVE 8,,,,,,,,
1502214328 DAD655CD510A228-56-56.03571320.188982233*MOVE 8,,,,,,,,
1502214328 94DC6692F976328-54-59.178573611.389207006*MOVE 8,,,,,,,,
1502214328 6392B6C5FB53230-50-50.933338170.253707975*MOVE 8,,,,,,,,
1502214328 459F7A08D5D7229-68-68.793098450.491307765*MOVE 8,,,,,,,,
1502214388 DAD655CD510A230-56-56.066665650.253708422*MOVE 8,,,,,,,,
1502214388 94DC6692F976330-58-59.266666411.080655575*MOVE 8,,,,,,,,
1502214388 6392B6C5FB53230-51-51.733333590.449776202*MOVE 8,,,,,,,,
1502214388 459F7A08D5D7229-68-68.862060550.350928187*MOVE 8,,,,,,,,
1502214448 DAD655CD510A229-55-56.68965530.603764474*MOVE 8,,,,,,,,
1502214448 94DC6692F976327-56-60.14815142.143033981*MOVE 8,,,,,,,,
1502214448 6392B6C5FB53229-51-51.965515140.325440228*MOVE 8,,,,,,,,
1502214448 459F7A08D5D7227-68-69.111106870.800642669*MOVE 8,,,,,,,,
1502214568 DAD655CD510A230-55-56.033332820.556052804*MOVE 8,,,,,,,,
1502214568 94DC6692F976330-52-56.233333593.234334946*MOVE 8,,,,,,,,
1502214568 6392B6C5FB53229-50-50.862068180.44111371*MOVE 8,,,,,,,,
1502214568 459F7A08D5D7229-68-69.551719671.270158291*MOVE 8,,,,,,,,
1502214628 DAD655CD510A229-55-55.482757570.508548558*MOVE 8,,,,,,,,
1502214628 94DC6692F976327-50-57.740745544.1286273*MOVE 8,,,,,,,,
1502214628 6392B6C5FB53229-50-50.965518950.421117306*MOVE 8,,,,,,,,
1502214628 459F7A08D5D7229-67-68.48276520.737791777*MOVE 8,,,,,,,,
1502214688 DAD655CD510A228-55-55.321434020.475594938*MOVE 8,,,,,,,,
1502214688 94DC6692F976329-57-58.413795471.476415515*MOVE 8,,,,,,,,
1502214688 6392B6C5FB53230-51-51.399997710.49827224*MOVE 8,,,,,,,,
1502214688 459F7A08D5D7226-68-68.615394590.752432883*MOVE 8,,,,,,,,
1502214748 DAD655CD510A229-55-55.172409060.468201607*MOVE 8,,,,,,,,
1502214748 94DC6692F976329-49-58.068969732.034190655*MOVE 8,,,,,,,,
1502214748 6392B6C5FB53228-50-51.107139590.416269064*MOVE 8,,,,,,,,
1502214748 459F7A08D5D7229-66-68.137931821.025536776*MOVE 8,,,,,,,,
1502214808 DAD655CD510A228-55-56.428573610.572749853*MOVE 8,,,,,,,,
1502214808 94DC6692F976330-52-54.366664891.129031062*MOVE 8,,,,,,,,
1502214808 6392B6C5FB53230-50-51.10000610.402577192*MOVE 8,,,,,,,,
1502214808 459F7A08D5D7228-65-69.678558351.678923726*MOVE 8,,,,,,,,
1502214868 DAD655CD510A229-54-55.827587130.658405304*MOVE 8,,,,,,,,
1502214868 94DC6692F976329-53-54.482757570.828971088*MOVE 8,,,,,,,,
1502214868 6392B6C5FB53227-51-51.444446560.80064106*MOVE 8,,,,,,,,
1502214868 459F7A08D5D7229-68-69.482749940.737789035*MOVE 8,,,,,,,,
1502214928 DAD655CD510A230-54-54.800003050.406838566*MOVE 8,,,,,,,,
1502214928 94DC6692F976328-54-54.50.50917542*MOVE 8,,,,,,,,
1502214928 6392B6C5FB53230-52-52.266670230.449776322*MOVE 8,,,,,,,,
1502214928 459F7A08D5D7229-68-690.707106888*MOVE 8,,,,,,,,
1502214988 DAD655CD510A230-54-54.999996190.946865559*MOVE 8,,,,,,,,
1502214988 94DC6692F976330-54-59.333328255.319668293*MOVE 8,,,,,,,,
1502214988 6392B6C5FB53230-52-52.633338930.556052268*MOVE 8,,,,,,,,
1502214988 459F7A08D5D7229-67-69.103446961.970221519*MOVE 8,,,,,,,,
1502215048 DAD655CD510A229-56-56.206897740.412250996*MOVE 8,,,,,,,,
1502215048 94DC6692F976329-54-63.896549224.011988163*MOVE 8,,,,,,,,
1502215048 6392B6C5FB53230-50-52.26666260.739678919*MOVE 8,,,,,,,,
1502215048 459F7A08D5D7229-67-69.103454591.01224041*MOVE 8,,,,,,,,
1502215108 DAD655CD510A228-55-55.89285660.416269064*MOVE 8,,,,,,,,
1502215108 94DC6692F976327-53-58.777778634.917263508*MOVE 8,,,,,,,,
1502215108 6392B6C5FB53229-50-51.06896210.703614354*MOVE 8,,,,,,,,
1502215108 459F7A08D5D7229-67-69.137931821.355521202*MOVE 8,,,,,,,,
1502215168 DAD655CD510A230-55-56.133335110.434172571*MOVE 8,,,,,,,,
1502215168 94DC6692F976330-50-57.133338936.683657169*MOVE 8,,,,,,,,
1502215168 6392B6C5FB53230-49-50.066669460.691491604*MOVE 8,,,,,,,,
1502215168 459F7A08D5D7228-67-68.571426391.66508019*MOVE 8,,,,,,,,
1502215199 00000000000000000Node ChangedMOVE 8,,,,,,,,
1502215199 00000000000000000Node ChangedMOVE 8,,,,,,,,
1502215199 00000000000000000Node ChangedMOVE 8,,,,,,,,
1502215199 00000000000000000Node ChangedMOVE 8,,,,,,,,
1502215259 DAD655CD510A230-51-51.900001530.305128574Node ChangedMOVE 9,,,,,,,,
1502215259 94DC6692F976330-49-52.099998471.028893232Node ChangedMOVE 9,,,,,,,,
1502215259 F9632B2DFC58227-71-73.296295171.23459065Node ChangedMOVE 9,,,,,,,,
1502215259 6392B6C5FB53230-44-44.766670230.430184066Node ChangedMOVE 9,,,,,,,,
1502215319 9A34ECDEA99E230-58-58.866664890.345745891Node ChangedMOVE 9,,,,,,,,
1502215319 2D1032CDC2EC330-51-52.533332822.255007505Node ChangedMOVE 9,,,,,,,,
1502215319 DAD655CD510A230-52-51.966663360.182574347Node ChangedMOVE 9,,,,,,,,
1502215319 94DC6692F976330-51-52.266666410.739678085Node ChangedMOVE 9,,,,,,,,
1502215379 459F7A08D5D7228-62-63.46428681.170063019Node ChangedMOVE 9,,,,,,,,
1502215379 9A34ECDEA99E230-56-59.099998471.583317995Node ChangedMOVE 9,,,,,,,,
1502215379 DAD655CD510A230-51-52.566665650.626062334*MOVE 9,,,,,,,,
1502215379 94DC6692F976329-45-50.517238623.680257559*MOVE 9,,,,,,,,
1502215439 459F7A08D5D7230-62-64.36666871.098065138*MOVE 9,,,,,,,,
1502215439 9A34ECDEA99E230-56-57.833332061.743625045*MOVE 9,,,,,,,,
1502215439 DAD655CD510A230-49-52.133327480.97320354*MOVE 9,,,,,,,,
1502215439 94DC6692F976329-45-48.965518952.291018724*MOVE 9,,,,,,,,
1502215499 459F7A08D5D7230-63-64.433319091.135127306*MOVE 9,,,,,,,,
1502215499 9A34ECDEA99E230-56-58.600002291.328725696*MOVE 9,,,,,,,,
1502215499 DAD655CD510A230-51-51.966670990.614947617*MOVE 9,,,,,,,,
1502215499 94DC6692F976330-46-48.466663361.814373612*MOVE 9,,,,,,,,
1502215559 9A34ECDEA99E230-56-56.766670230.971430838Node ChangedMOVE 9,,,,,,,,
1502215559 459F7A08D5D7228-63-64.53571320.744467556Node ChangedMOVE 9,,,,,,,,
1502215559 DAD655CD510A230-51-51.833339690.53066808*MOVE 9,,,,,,,,
1502215559 94DC6692F976330-46-47.399997710.72397387*MOVE 9,,,,,,,,
1502215619 9A34ECDEA99E229-57-57.724136350.591399848*MOVE 9,,,,,,,,
1502215619 459F7A08D5D7227-62-63.629627231.005681157*MOVE 9,,,,,,,,
1502215619 DAD655CD510A230-51-51.50.508547604*MOVE 9,,,,,,,,
1502215619 94DC6692F976327-48-49.555557250.847318053*MOVE 9,,,,,,,,
1502215679 459F7A08D5D7230-62-63.133338930.730295956Node ChangedMOVE 9,,,,,,,,
1502215679 94DC6692F976327-47-48.629634860.741522729Node ChangedMOVE 9,,,,,,,,
1502215679 F9632B2DFC58228-74-78.535705573.225846052Node ChangedMOVE 9,,,,,,,,
1502215679 2D1032CDC2EC330-54-58.53332522.788315773Node ChangedMOVE 9,,,,,,,,
1502215739 9A34ECDEA99E230-57-58.566669461.006302476Node ChangedMOVE 9,,,,,,,,
1502215739 459F7A08D5D7229-62-63.51723481.326130867Node ChangedMOVE 9,,,,,,,,
1502215739 DAD655CD510A230-51-52.36666871.401558995Node ChangedMOVE 9,,,,,,,,
1502215739 94DC6692F976330-47-48.733329770.907186925Node ChangedMOVE 9,,,,,,,,
1502215799 9A34ECDEA99E230-58-59.233341221.006298423*MOVE 9,,,,,,,,
1502215799 459F7A08D5D7230-61-64.033332820.999425888*MOVE 9,,,,,,,,
1502215799 DAD655CD510A229-50-51.137931820.693033338*MOVE 9,,,,,,,,
1502215799 94DC6692F976329-46-481.309307337*MOVE 9,,,,,,,,
1502215859 459F7A08D5D7226-62-64.192314150.938902795Node ChangedMOVE 9,,,,,,,,
1502215859 DAD655CD510A230-51-53.133335110.899553359Node ChangedMOVE 9,,,,,,,,
1502215859 94DC6692F976328-46-46.89285661.030615568Node ChangedMOVE 9,,,,,,,,
1502215859 F9632B2DFC58229-71-75.172416692.53643465Node ChangedMOVE 9,,,,,,,,
1502215919 9A34ECDEA99E230-58-59.199996950.664362788Node ChangedMOVE 9,,,,,,,,
1502215919 459F7A08D5D7229-63-63.931026460.752661884Node ChangedMOVE 9,,,,,,,,
1502215919 DAD655CD510A229-53-54.379306790.902924001Node ChangedMOVE 9,,,,,,,,
1502215919 94DC6692F976330-45-46.799999240.550861537Node ChangedMOVE 9,,,,,,,,
1502215979 9A34ECDEA99E229-58-590.801783442*MOVE 9,,,,,,,,
1502215979 459F7A08D5D7228-63-63.96428680.576203823*MOVE 9,,,,,,,,
1502215979 DAD655CD510A229-53-54.310348510.603764653*MOVE 9,,,,,,,,
1502215979 94DC6692F976329-46-46.551727290.506120503*MOVE 9,,,,,,,,
1502216039 9A34ECDEA99E229-59-59.448272710.736119151*MOVE 9,,,,,,,,
1502216039 459F7A08D5D7229-62-63.06896210.798706293*MOVE 9,,,,,,,,
1502216039 DAD655CD510A230-52-54.63333130.927858412*MOVE 9,,,,,,,,
1502216039 94DC6692F976330-46-46.50.572351336*MOVE 9,,,,,,,,
1502216099 9A34ECDEA99E226-58-59.576923370.64330858*MOVE 9,,,,,,,,
1502216099 DAD655CD510A230-54-54.833328250.592092633Node ChangedMOVE 9,,,,,,,,
1502216099 94DC6692F976329-46-46.827583310.539110899Node ChangedMOVE 9,,,,,,,,
1502216099 F9632B2DFC58227-79-83.370376592.339431763Node ChangedMOVE 9,,,,,,,,
1502216159 9A34ECDEA99E229-58-58.586208340.501230359*MOVE 9,,,,,,,,
1502216159 459F7A08D5D7230-62-63.36666870.927857637Node ChangedMOVE 9,,,,,,,,
1502216159 DAD655CD510A230-53-53.733333590.739678919Node ChangedMOVE 9,,,,,,,,
1502216159 94DC6692F976330-47-47.26666260.449776679Node ChangedMOVE 9,,,,,,,,
1502216219 9A34ECDEA99E230-58-58.566669460.504006982*MOVE 9,,,,,,,,
1502216219 459F7A08D5D7230-61-63.066665650.583292305*MOVE 9,,,,,,,,
1502216219 DAD655CD510A230-53-53.199996950.406838655*MOVE 9,,,,,,,,
1502216219 94DC6692F976329-47-470*MOVE 9,,,,,,,,
1502216279 9A34ECDEA99E230-58-58.833335880.698932171*MOVE 9,,,,,,,,
1502216279 459F7A08D5D7225-62-63.159992220.800001681*MOVE 9,,,,,,,,
1502216279 94DC6692F976328-42-46.571430210.997350574Node ChangedMOVE 9,,,,,,,,
1502216279 DAD655CD510A230-52-53.466667180.681445122Node ChangedMOVE 9,,,,,,,,
1502216339 459F7A08D5D7229-62-63.758621221.023131013Node ChangedMOVE 9,,,,,,,,
1502216339 9A34ECDEA99E228-58-58.821430210.611833334Node ChangedMOVE 9,,,,,,,,
1502216339 94DC6692F976329-46-46.379310610.493803859*MOVE 9,,,,,,,,
1502216339 DAD655CD510A227-54-55.11111450.506370485*MOVE 9,,,,,,,,
1502216399 459F7A08D5D7228-63-63.999996191.054093122*MOVE 9,,,,,,,,
1502216399 9A34ECDEA99E228-55-58.428573611.230133176*MOVE 9,,,,,,,,
1502216399 94DC6692F976329-45-46.896553040.772047579*MOVE 9,,,,,,,,
1502216399 DAD655CD510A228-51-54.285717011.536159992*MOVE 9,,,,,,,,
1502216459 459F7A08D5D7229-63-67.241378783.236566305*MOVE 9,,,,,,,,
1502216459 9A34ECDEA99E230-58-60.133327481.382983565*MOVE 9,,,,,,,,
1502216459 94DC6692F976329-45-48.620685581.399331808*MOVE 9,,,,,,,,
1502216459 DAD655CD510A230-52-54.933334351.928611636*MOVE 9,,,,,,,,
1502216519 459F7A08D5D7228-64-68.142852782.336730242*MOVE 9,,,,,,,,
1502216519 9A34ECDEA99E229-59-60.275867460.64898622*MOVE 9,,,,,,,,
1502216519 DAD655CD510A229-54-54.896553040.309933811Node ChangedMOVE 9,,,,,,,,
1502216519 F9632B2DFC58230-69-70.433319090.897633016Node ChangedMOVE 9,,,,,,,,
1502216579 459F7A08D5D7227-63-64.962966921.091274142*MOVE 9,,,,,,,,
1502216579 9A34ECDEA99E230-59-59.666667940.802295268*MOVE 9,,,,,,,,
1502216579 94DC6692F976329-46-49.068965911.602031469Node ChangedMOVE 9,,,,,,,,
1502216579 DAD655CD510A230-52-57.166660312.085803747Node ChangedMOVE 9,,,,,,,,
1502216639 459F7A08D5D7229-63-64.724128720.701862037*MOVE 9,,,,,,,,
1502216639 9A34ECDEA99E228-59-59.178569790.475594938*MOVE 9,,,,,,,,
1502216639 94DC6692F976329-48-48.24138260.435494334*MOVE 9,,,,,,,,
1502216639 DAD655CD510A230-55-57.399997710.770132124*MOVE 9,,,,,,,,
1502216699 459F7A08D5D7230-64-65.63333130.999425232*MOVE 9,,,,,,,,
1502216699 9A34ECDEA99E229-59-59.75861740.510963559*MOVE 9,,,,,,,,
1502216699 94DC6692F976329-48-480*MOVE 9,,,,,,,,
1502216699 DAD655CD510A230-57-57.199996950.406837463*MOVE 9,,,,,,,,
1502216759 459F7A08D5D7229-63-65.103454591.012239337*MOVE 9,,,,,,,,
1502216759 9A34ECDEA99E230-59-59.599998470.563241959*MOVE 9,,,,,,,,
1502216759 94DC6692F976329-45-47.965518950.625799954*MOVE 9,,,,,,,,
1502216759 DAD655CD510A228-57-57.214282990.498675704*MOVE 9,,,,,,,,
1502216819 459F7A08D5D7228-62-66.178573612.019420147*MOVE 9,,,,,,,,
1502216819 9A34ECDEA99E229-59-59.413795470.501229644*MOVE 9,,,,,,,,
1502216819 94DC6692F976328-48-48.107147220.314969897*MOVE 9,,,,,,,,
1502216819 DAD655CD510A229-55-56.75861740.786272705*MOVE 9,,,,,,,,
1502216879 459F7A08D5D7228-64-65.535697940.999337494*MOVE 9,,,,,,,,
1502216879 94DC6692F976330-48-48.76666260.430183381Node ChangedMOVE 9,,,,,,,,
1502216879 DAD655CD510A230-54-56.233333590.935261309Node ChangedMOVE 9,,,,,,,,
1502216879 F9632B2DFC58228-70-72.428565981.103145838Node ChangedMOVE 9,,,,,,,,
1502216939 459F7A08D5D7228-64-64.71428680.658682585*MOVE 9,,,,,,,,
1502216939 9A34ECDEA99E229-58-58.999996190.59761411Node ChangedMOVE 9,,,,,,,,
1502216939 94DC6692F976330-49-49.333335880.479463607Node ChangedMOVE 9,,,,,,,,
1502216939 DAD655CD510A230-54-55.566673281.072648406Node ChangedMOVE 9,,,,,,,,
1502216999 459F7A08D5D7229-64-64.551712040.572351754*MOVE 9,,,,,,,,
1502216999 9A34ECDEA99E230-59-59.766666410.727931798*MOVE 9,,,,,,,,
1502216999 94DC6692F976329-49-490*MOVE 9,,,,,,,,
1502216999 DAD655CD510A229-55-56.034484860.625799716*MOVE 9,,,,,,,,
1502217059 459F7A08D5D7228-64-64.642860410.487949014*MOVE 9,,,,,,,,
1502217059 9A34ECDEA99E230-59-60.099998470.402577907*MOVE 9,,,,,,,,
1502217059 94DC6692F976329-49-49.103446960.30993405*MOVE 9,,,,,,,,
1502217059 DAD655CD510A230-55-55.666664120.479461372*MOVE 9,,,,,,,,
1502217119 459F7A08D5D7230-63-64.366676330.614950299*MOVE 9,,,,,,,,
1502217119 9A34ECDEA99E228-59-59.464282990.507873595*MOVE 9,,,,,,,,
1502217119 94DC6692F976329-49-490*MOVE 9,,,,,,,,
1502217119 DAD655CD510A230-55-55.233329770.430183321*MOVE 9,,,,,,,,
1502217179 459F7A08D5D7225-64-64.439994810.506623089*MOVE 9,,,,,,,,
1502217179 9A34ECDEA99E230-59-59.333339690.479463458*MOVE 9,,,,,,,,
1502217179 94DC6692F976329-49-490*MOVE 9,,,,,,,,
1502217179 DAD655CD510A230-55-55.333332060.546671689*MOVE 9,,,,,,,,
1502217239 459F7A08D5D7229-64-64.689643860.470825195*MOVE 9,,,,,,,,
1502217239 9A34ECDEA99E230-58-59.533332820.681445658*MOVE 9,,,,,,,,
1502217239 94DC6692F976329-48-48.862068180.350931138*MOVE 9,,,,,,,,
1502217239 DAD655CD510A229-53-54.827583310.539109528*MOVE 9,,,,,,,,
1502217299 9A34ECDEA99E229-60-60.206897740.412251264Node ChangedMOVE 9,,,,,,,,
1502217299 94DC6692F976329-49-490Node ChangedMOVE 9,,,,,,,,
1502217299 DAD655CD510A229-55-55.793102260.491303742Node ChangedMOVE 9,,,,,,,,
1502217299 F9632B2DFC58228-74-75.428573611.168366194Node ChangedMOVE 9,,,,,,,,
1502217359 459F7A08D5D7229-64-64.517242430.574499309Node ChangedMOVE 9,,,,,,,,
1502217359 9A34ECDEA99E229-60-60.517242430.508547366Node ChangedMOVE 9,,,,,,,,
1502217359 94DC6692F976330-48-48.833335880.379049063Node ChangedMOVE 9,,,,,,,,
1502217359 DAD655CD510A229-55-55.758621220.435494214Node ChangedMOVE 9,,,,,,,,
1502217359 459F7A08D5D7229-64-64.517242430.574499309*MOVE 9,,,,,,,,
1502217359 9A34ECDEA99E229-60-60.517242430.508547366*MOVE 9,,,,,,,,
1502217359 94DC6692F976330-48-48.833335880.379049063*MOVE 9,,,,,,,,
1502217359 DAD655CD510A229-55-55.758621220.435494214*MOVE 9,,,,,,,,
1502217419 459F7A08D5D7229-63-64.620689390.676851869*MOVE 9,,,,,,,,
1502217419 9A34ECDEA99E228-59-60.142852780.524530232*MOVE 9,,,,,,,,
1502217419 94DC6692F976329-48-48.896553040.673201978*MOVE 9,,,,,,,,
1502217419 DAD655CD510A229-54-55.758621220.830455363*MOVE 9,,,,,,,,
1502217479 459F7A08D5D7227-64-64.370368960.492102623*MOVE 9,,,,,,,,
1502217479 9A34ECDEA99E223-59-60.478260041.562910438*MOVE 9,,,,,,,,
1502217479 94DC6692F976330-49-49.13333130.345745236*MOVE 9,,,,,,,,
1502217479 DAD655CD510A230-55-55.533336640.507416427*MOVE 9,,,,,,,,
1502217599 94DC6692F976329-50-51.172416690.601720214Node ChangedMOVE 10,,,,,,,,
1502217599 9A34ECDEA99E229-60-61.241378780.635561049*MOVE 10,,,,,,,,
1502217599 DAD655CD510A230-55-55.399997710.770131826Node ChangedMOVE 10,,,,,,,,
1502217599 F9632B2DFC58227-69-70.777778630.847319007Node ChangedMOVE 10,,,,,,,,
1502217659 9A34ECDEA99E229-59-60.413795470.682286859Node ChangedMOVE 10,,,,,,,,
1502217659 DAD655CD510A228-55-56.96428680.922240973Node ChangedMOVE 10,,,,,,,,
1502217659 F9632B2DFC58229-69-70.931030270.842238426Node ChangedMOVE 10,,,,,,,,
1502217659 2D1032CDC2EC328-50-52.50.745355904Node ChangedMOVE 10,,,,,,,,
1502217719 94DC6692F976329-50-51.75861740.576638997Node ChangedMOVE 10,,,,,,,,
1502217719 9A34ECDEA99E230-60-60.800003050.406838298Node ChangedMOVE 10,,,,,,,,
1502217719 DAD655CD510A230-56-56.966659550.49013254Node ChangedMOVE 10,,,,,,,,
1502217719 F9632B2DFC58227-70-71.000007630.277351677Node ChangedMOVE 10,,,,,,,,
1502217779 94DC6692F976330-50-50.799999240.610257566*MOVE 10,,,,,,,,
1502217779 9A34ECDEA99E229-60-610.597615182*MOVE 10,,,,,,,,
1502217779 DAD655CD510A230-55-55.63333130.764890134*MOVE 10,,,,,,,,
1502217779 F9632B2DFC58229-71-72.137931820.833415151*MOVE 10,,,,,,,,
1502217839 94DC6692F976329-50-50.413791660.501229644*MOVE 10,,,,,,,,
1502217839 9A34ECDEA99E230-60-61.333332060.711158931*MOVE 10,,,,,,,,
1502217839 DAD655CD510A230-54-55.300003050.534982502*MOVE 10,,,,,,,,
1502217839 F9632B2DFC58224-71-71.541671750.779025733*MOVE 10,,,,,,,,
1502217899 94DC6692F976327-50-50.370368960.492102414*MOVE 10,,,,,,,,
1502217899 9A34ECDEA99E229-61-61.655166630.483725309*MOVE 10,,,,,,,,
1502217899 F9632B2DFC58229-69-70.137939450.580895364Node ChangedMOVE 10,,,,,,,,
1502217899 2D1032CDC2EC330-51-51.23333740.430183291Node ChangedMOVE 10,,,,,,,,
1502217959 94DC6692F976330-51-51.433330540.568320751*MOVE 10,,,,,,,,
1502217959 9A34ECDEA99E230-60-61.266666410.691491961*MOVE 10,,,,,,,,
1502217959 DAD655CD510A230-56-56.733333590.583291173Node ChangedMOVE 10,,,,,,,,
1502217959 2D1032CDC2EC330-51-51.566665650.504006743*MOVE 10,,,,,,,,
1502218019 94DC6692F976329-51-51.413791660.568031609*MOVE 10,,,,,,,,
1502218019 DAD655CD510A229-56-56.655170440.483724982Node ChangedMOVE 10,,,,,,,,
1502218019 F9632B2DFC58230-68-70.166656491.261730313Node ChangedMOVE 10,,,,,,,,
1502218019 2D1032CDC2EC330-50-51.166671750.530670226*MOVE 10,,,,,,,,
1502218079 94DC6692F976330-50-51.466667180.628810346*MOVE 10,,,,,,,,
1502218079 9A34ECDEA99E230-58-60.166667940.874281168Node ChangedMOVE 10,,,,,,,,
1502218079 DAD655CD510A230-56-56.766666410.430181861Node ChangedMOVE 10,,,,,,,,
1502218079 F9632B2DFC58227-68-70.925918581.465658903Node ChangedMOVE 10,,,,,,,,
1502218139 94DC6692F976328-50-50.714282990.599824548*MOVE 10,,,,,,,,
1502218139 9A34ECDEA99E229-60-60.724140170.52756393*MOVE 10,,,,,,,,
1502218139 DAD655CD510A229-56-56.482757570.508547425*MOVE 10,,,,,,,,
1502218139 F9632B2DFC58229-70-71.310340881.03866291*MOVE 10,,,,,,,,
1502218199 94DC6692F976330-50-50.799999240.550861776*MOVE 10,,,,,,,,
1502218199 9A34ECDEA99E228-60-60.964279170.507872999*MOVE 10,,,,,,,,
1502218199 DAD655CD510A229-55-55.758621220.739459455*MOVE 10,,,,,,,,
1502218199 2D1032CDC2EC330-50-50.333332060.479462355Node ChangedMOVE 10,,,,,,,,
1502218259 94DC6692F976330-50-50.966663360.668676138*MOVE 10,,,,,,,,
1502218259 9A34ECDEA99E230-60-61.366672520.614948094*MOVE 10,,,,,,,,
1502218259 DAD655CD510A230-55-56.266666410.520830214*MOVE 10,,,,,,,,
1502218259 2D1032CDC2EC329-50-50.448276520.506119847*MOVE 10,,,,,,,,
1502218319 94DC6692F976330-50-50.900001530.480660588*MOVE 10,,,,,,,,
1502218319 9A34ECDEA99E230-60-60.900001530.607425332*MOVE 10,,,,,,,,
1502218319 DAD655CD510A229-55-55.551723480.736119509*MOVE 10,,,,,,,,
1502218319 2D1032CDC2EC329-51-51.24138260.43549332*MOVE 10,,,,,,,,
1502218379 94DC6692F976330-50-50.333332060.479463011*MOVE 10,,,,,,,,
1502218379 DAD655CD510A229-55-55.172409060.384427458Node ChangedMOVE 10,,,,,,,,
1502218379 2D1032CDC2EC328-50-51.750.518188298Node ChangedMOVE 10,,,,,,,,
1502218379 F9632B2DFC58230-67-71.133338931.591645837Node ChangedMOVE 10,,,,,,,,
1502218439 94DC6692F976330-50-50.63333130.668675661*MOVE 10,,,,,,,,
1502218439 9A34ECDEA99E228-61-62.10714340.685256124Node ChangedMOVE 10,,,,,,,,
1502218439 DAD655CD510A229-55-56.068969730.650880158Node ChangedMOVE 10,,,,,,,,
1502218439 2D1032CDC2EC329-51-51.827587130.468200207Node ChangedMOVE 10,,,,,,,,
1502218499 94DC6692F976329-50-50.413791660.50123024*MOVE 10,,,,,,,,
1502218499 9A34ECDEA99E229-60-61.75861740.635563672*MOVE 10,,,,,,,,
1502218499 DAD655CD510A230-55-55.866664890.434172541*MOVE 10,,,,,,,,
1502218499 2D1032CDC2EC330-51-51.666664120.479462951*MOVE 10,,,,,,,,
1502218559 94DC6692F976330-50-53.333335882.106366396*MOVE 10,,,,,,,,
1502218559 DAD655CD510A228-56-56.928573610.53944844Node ChangedMOVE 10,,,,,,,,
1502218559 2D1032CDC2EC328-52-58.78571324.475092411Node ChangedMOVE 10,,,,,,,,
1502218559 F9632B2DFC58227-70-71.40741730.843945861Node ChangedMOVE 10,,,,,,,,
1502218619 9A34ECDEA99E229-60-60.448272710.506120384Node ChangedMOVE 10,,,,,,,,
1502218619 DAD655CD510A229-56-56.93103790.257880598*MOVE 10,,,,,,,,
1502218619 2D1032CDC2EC330-53-55.700000763.271086931*MOVE 10,,,,,,,,
1502218619 F9632B2DFC58228-70-71.321426391.020295143*MOVE 10,,,,,,,,
1502218679 459F7A08D5D7228-63-64.714279170.896788597Node ChangedMOVE 10,,,,,,,,
1502218679 94DC6692F976330-49-51.966667181.425949693Node ChangedMOVE 10,,,,,,,,
1502218679 9A34ECDEA99E229-59-60.034481050.498766541Node ChangedMOVE 10,,,,,,,,
1502218679 DAD655CD510A229-56-56.965518950.498767078Node ChangedMOVE 10,,,,,,,,
1502218739 459F7A08D5D7230-63-64.066665650.784914672*MOVE 10,,,,,,,,
1502218739 94DC6692F976330-51-53.533332821.431982756*MOVE 10,,,,,,,,
1502218739 9A34ECDEA99E227-59-601.03774941*MOVE 10,,,,,,,,
1502218739 DAD655CD510A230-54-56.300006870.65125829*MOVE 10,,,,,,,,
1502218799 94DC6692F976330-49-50.799999240.924755096Node ChangedMOVE 10,,,,,,,,
1502218799 9A34ECDEA99E230-59-60.033336640.85028851Node ChangedMOVE 10,,,,,,,,
1502218799 DAD655CD510A231-56-57.258064270.630753398Node ChangedMOVE 10,,,,,,,,
1502218799 2D1032CDC2EC328-50-51.71428680.937179685Node ChangedMOVE 10,,,,,,,,
1502218859 459F7A08D5D7230-63-65.299995420.987856746Node ChangedMOVE 10,,,,,,,,
1502218859 2D1032CDC2EC330-49-50.833335881.391680837Node ChangedMOVE 10,,,,,,,,
1502218859 94DC6692F976330-49-50.266666410.827682316Node ChangedMOVE 10,,,,,,,,
1502218859 9A34ECDEA99E228-59-59.50.509174526Node ChangedMOVE 10,,,,,,,,
1502218919 459F7A08D5D7229-63-66.172431951.891118646*MOVE 10,,,,,,,,
1502218919 2D1032CDC2EC328-50-52.71428682.191857815*MOVE 10,,,,,,,,
1502218919 94DC6692F976330-50-51.066665650.907186925*MOVE 10,,,,,,,,
1502218919 9A34ECDEA99E228-58-59.642860411.339272499*MOVE 10,,,,,,,,
1502218979 459F7A08D5D7227-66-71.88888554.06044054*MOVE 10,,,,,,,,
1502218979 94DC6692F976329-50-50.931030270.529894471Node ChangedMOVE 10,,,,,,,,
1502218979 9A34ECDEA99E229-58-59.344829560.613878727Node ChangedMOVE 10,,,,,,,,
1502218979 2D1032CDC2EC330-49-52.000003811.050449014Node ChangedMOVE 10,,,,,,,,
1502219039 459F7A08D5D7228-65-69.035720833.706673861*MOVE 10,,,,,,,,
1502219039 94DC6692F976329-49-50.655174261.142548561*MOVE 10,,,,,,,,
1502219039 2D1032CDC2EC330-50-52.200004581.494817257Node ChangedMOVE 10,,,,,,,,
1502219039 F9632B2DFC58228-68-69.535705570.922241092Node ChangedMOVE 10,,,,,,,,
1502219099 459F7A08D5D7229-65-67.310348511.312127113*MOVE 10,,,,,,,,
1502219099 94DC6692F976330-49-51.899997710.803012013*MOVE 10,,,,,,,,
1502219099 9A34ECDEA99E229-59-59.896553040.557085454Node ChangedMOVE 10,,,,,,,,
1502219099 2D1032CDC2EC330-52-55.100002291.626293063Node ChangedMOVE 10,,,,,,,,
1502219159 459F7A08D5D7228-64-67.821426392.055769205*MOVE 10,,,,,,,,
1502219159 94DC6692F976330-49-51.233333591.165107131*MOVE 10,,,,,,,,
1502219159 9A34ECDEA99E230-59-60.299995421.055364609*MOVE 10,,,,,,,,
1502219159 2D1032CDC2EC329-49-54.827583312.952831507*MOVE 10,,,,,,,,
1502219219 459F7A08D5D7229-66-69.793098453.609303951*MOVE 10,,,,,,,,
1502219219 94DC6692F976327-51-51.518516540.64273268*MOVE 10,,,,,,,,
1502219219 9A34ECDEA99E229-58-58.896553040.939027667*MOVE 10,,,,,,,,
1502219219 2D1032CDC2EC330-51-52.699996950.702212691*MOVE 10,,,,,,,,
1502219279 459F7A08D5D7227-66-70.296295173.517148018*MOVE 10,,,,,,,,
1502219279 94DC6692F976328-51-51.892852780.314971745*MOVE 10,,,,,,,,
1502219279 9A34ECDEA99E230-58-58.833335880.379048914*MOVE 10,,,,,,,,
1502219279 2D1032CDC2EC330-52-52.733333590.739679515*MOVE 10,,,,,,,,
1502219339 459F7A08D5D7226-64-70.461540224.081479073*MOVE 10,,,,,,,,
1502219339 94DC6692F976329-51-51.931034090.529894948*MOVE 10,,,,,,,,
1502219339 9A34ECDEA99E229-58-59.034477230.905647695*MOVE 10,,,,,,,,
1502219339 2D1032CDC2EC330-51-53.200004580.886682928*MOVE 10,,,,,,,,
1502219399 459F7A08D5D7230-64-68.066665652.420222044*MOVE 10,,,,,,,,
1502219399 94DC6692F976330-49-51.200004580.886683226*MOVE 10,,,,,,,,
1502219399 9A34ECDEA99E230-58-59.133335111.332184315*MOVE 10,,,,,,,,
1502219399 2D1032CDC2EC330-51-52.50.973794281*MOVE 10,,,,,,,,
1502219459 459F7A08D5D7226-66-70.346153263.148872852*MOVE 10,,,,,,,,
1502219459 94DC6692F976328-50-50.321426390.547964036*MOVE 10,,,,,,,,
1502219459 9A34ECDEA99E230-58-58.900001530.305128783*MOVE 10,,,,,,,,
1502219459 2D1032CDC2EC329-51-53.241378780.68947053*MOVE 10,,,,,,,,
1502219519 459F7A08D5D7227-65-68.851860052.626837015*MOVE 10,,,,,,,,
1502219519 94DC6692F976330-47-50.033332820.718394995*MOVE 10,,,,,,,,
1502219519 9A34ECDEA99E229-58-58.586208340.501230001*MOVE 10,,,,,,,,
1502219519 2D1032CDC2EC329-51-52.689651490.541389883*MOVE 10,,,,,,,,
1502219579 459F7A08D5D7228-67-71.678581242.842184544*MOVE 10,,,,,,,,
1502219579 94DC6692F976330-50-50.299995420.53498286*MOVE 10,,,,,,,,
1502219579 9A34ECDEA99E227-58-58.740737920.446576118*MOVE 10,,,,,,,,
1502219579 2D1032CDC2EC330-51-52.366661070.718396783*MOVE 10,,,,,,,,
1502219639 459F7A08D5D7227-72-74.370376592.021958828*MOVE 10,,,,,,,,
1502219639 94DC6692F976330-47-49.63333130.999423683*MOVE 10,,,,,,,,
1502219639 9A34ECDEA99E229-58-58.93103790.257880747*MOVE 10,,,,,,,,
1502219639 2D1032CDC2EC330-49-52.400005342.027397871*MOVE 10,,,,,,,,
1502219699 459F7A08D5D7229-68-74.551727293.878385305*MOVE 10,,,,,,,,
1502219699 94DC6692F976330-49-49.799999240.664363563*MOVE 10,,,,,,,,
1502219699 9A34ECDEA99E229-58-58.793102260.412251294*MOVE 10,,,,,,,,
1502219699 2D1032CDC2EC329-49-52.620689391.840299726*MOVE 10,,,,,,,,
1502219759 459F7A08D5D7229-68-75.103462224.056254864*MOVE 10,,,,,,,,
1502219759 94DC6692F976329-48-49.103446960.488791049*MOVE 10,,,,,,,,
1502219759 9A34ECDEA99E230-58-58.466663360.50741601*MOVE 10,,,,,,,,
1502219759 2D1032CDC2EC329-51-53.620697021.236754179*MOVE 10,,,,,,,,
1502219819 459F7A08D5D7230-68-72.533340453.501068354*MOVE 10,,,,,,,,
1502219819 94DC6692F976328-47-48.178573610.475595474*MOVE 10,,,,,,,,
1502219819 9A34ECDEA99E229-58-58.862068180.350931108*MOVE 10,,,,,,,,
1502219819 2D1032CDC2EC329-51-51.482757570.508547723*MOVE 10,,,,,,,,
1502219879 459F7A08D5D7226-68-71.999984743.989985943*MOVE 10,,,,,,,,
1502219879 94DC6692F976329-47-47.965515140.185695276*MOVE 10,,,,,,,,
1502219879 9A34ECDEA99E228-58-58.535717010.50787437*MOVE 10,,,,,,,,
1502219879 2D1032CDC2EC330-50-51.166664120.461133361*MOVE 10,,,,,,,,
1502219939 94DC6692F976329-48-49.206893920.901560426Node ChangedMOVE 10,,,,,,,,
1502219939 9A34ECDEA99E230-55-58.50.86103344Node ChangedMOVE 10,,,,,,,,
1502219939 2D1032CDC2EC328-49-50.85714340.803431988Node ChangedMOVE 10,,,,,,,,
1502219939 F9632B2DFC58227-68-69.148147580.662379026Node ChangedMOVE 10,,,,,,,,
1502219999 459F7A08D5D7226-64-66.076927191.547206044Node ChangedMOVE 10,,,,,,,,
1502219999 94DC6692F976330-48-49.266670230.739680648Node ChangedMOVE 10,,,,,,,,
1502219999 9A34ECDEA99E230-57-59.200000761.126484156Node ChangedMOVE 10,,,,,,,,
1502219999 2D1032CDC2EC329-49-51.137928011.186958432Node ChangedMOVE 10,,,,,,,,
1502220059 459F7A08D5D7230-63-64.800003051.297211766*MOVE 10,,,,,,,,
1502220059 94DC6692F976328-49-50.60714340.956045151*MOVE 10,,,,,,,,
1502220059 2D1032CDC2EC329-50-52.586204532.244314909Node ChangedMOVE 10,,,,,,,,
1502220059 F9632B2DFC58228-70-72.03571320.792658567Node ChangedMOVE 10,,,,,,,,
1502220059 459F7A08D5D7230-63-64.800003051.297211766*MOVE 10,,,,,,,,
1502220059 94DC6692F976328-49-50.60714340.956045151*MOVE 10,,,,,,,,
1502220059 2D1032CDC2EC329-50-52.586204532.244314909*MOVE 10,,,,,,,,
1502220059 F9632B2DFC58228-70-72.03571320.792658567*MOVE 10,,,,,,,,
1502220119 459F7A08D5D7230-63-65.300003051.235953808*MOVE 10,,,,,,,,
1502220119 94DC6692F976328-49-50.60714340.916485846*MOVE 10,,,,,,,,
1502220119 9A34ECDEA99E230-58-59.200000760.610257328Node ChangedMOVE 10,,,,,,,,
1502220119 2D1032CDC2EC328-53-58.571426392.741025925Node ChangedMOVE 10,,,,,,,,
1502220179 459F7A08D5D7228-61-63.464282991.551153541*MOVE 10,,,,,,,,
1502220179 94DC6692F976330-49-50.599998470.563241839*MOVE 10,,,,,,,,
1502220179 9A34ECDEA99E228-58-58.78571320.498675495*MOVE 10,,,,,,,,
1502220179 2D1032CDC2EC330-52-56.766666414.296616554*MOVE 10,,,,,,,,
1502234159 F9632B2DFC58227-68-68.999992370.480383813Node Changed,,,,,,,,
