Report file for Node 6392B6C5FB53,,,,,,,,
,,,,,,,,
4 Nodes with strongest RSSIs per Test Step:,,,,,,,,
,,,,,,,,
END, 9A34ECDEA99E,-68.37929535,  2D1032CDC2EC,-68.79310608,  F9632B2DFC58,-83.5, ,
MOVE 1, DAD655CD510A,-57.37931061,  2D1032CDC2EC,-46.39999771,  94DC6692F976,-62.34483337,  5D358CDAED0D,-52.5
START, 2D1032CDC2EC,-46.39999771,  94DC6692F976,-62.34483337,  459F7A08D5D7,-74.96296692,  5D358CDAED0D,-52.5
MOVE 3, 5D358CDAED0D,-52.86206818,  DAD655CD510A,-57.5333252,  94DC6692F976,-68.67857361,  F9632B2DFC58,-83.5
MOVE 2, 94DC6692F976,-62.34483337,  F9632B2DFC58,-80.2857132,  9A34ECDEA99E,-63.44444275,  2D1032CDC2EC,-68.79310608
MOVE 5, 94DC6692F976,-70.11539459,  DAD655CD510A,-57.5333252,  5D358CDAED0D,-52.86206818,  9A34ECDEA99E,-66.55173492
MOVE 4, 9A34ECDEA99E,-66.55173492,  2D1032CDC2EC,-68.79310608,  5D358CDAED0D,-52.86206818,  DAD655CD510A,-57.5333252
MOVE 7, 9A34ECDEA99E,-68.37929535,  DAD655CD510A,-57.5333252,  94DC6692F976,-73.66666412,  459F7A08D5D7,-74.96296692
MOVE 6, 459F7A08D5D7,-74.96296692,  9A34ECDEA99E,-66.55173492,  DAD655CD510A,-57.5333252,  94DC6692F976,-73.66666412
MOVE 9, 9A34ECDEA99E,-68.37929535,  94DC6692F976,-73.66666412,  5D358CDAED0D,-57.1428566,  459F7A08D5D7,-75.17391205
MOVE 8, 5D358CDAED0D,-52.86206818,  DAD655CD510A,-57.8666687,  F9632B2DFC58,-83.5,  459F7A08D5D7,-74.96296692
MOVE 10, 5D358CDAED0D,-57.1428566,  94DC6692F976,-73.66666412,  459F7A08D5D7,-75.17391205,  DAD655CD510A,-57.8666687
,,,,,,,,
,,,,,,,,
 Raw Data:,,,,,,,,
,,,,,,,,
time,hwid,type,samples,maxRSSI,mean,stddev,Change,Event
,,,,,,,,
1502202033 DAD655CD510A228-55-56.35714340.621485353,,,,,,,,
1502202033 2D1032CDC2EC330-44-45.533332821.105888724,,,,,,,,
1502202033 459F7A08D5D7229-67-68.965515140.981353223,,,,,,,,
1502202033 94DC6692F976330-49-52.566669463.41076684,,,,,,,,
1502202093 DAD655CD510A230-55-55.866661070.681443989*START,,,,,,,,
1502202093 2D1032CDC2EC330-44-45.933330540.944431782*START,,,,,,,,
1502202093 459F7A08D5D7227-67-69.222221371.050030351*START,,,,,,,,
1502202093 94DC6692F976328-46-54.03571324.89506197*START,,,,,,,,
1502202153 2D1032CDC2EC330-43-44.333335880.802296102Node ChangedSTART,,,,,,,,
1502202153 459F7A08D5D7228-66-68.071418761.653916478Node ChangedSTART,,,,,,,,
1502202153 94DC6692F976330-46-503.280032635Node ChangedSTART,,,,,,,,
1502202153 5D358CDAED0D230-49-49.933334350.691491008Node ChangedSTART,,,,,,,,
1502202213 2D1032CDC2EC330-43-44.599994660.813676357*START,,,,,,,,
1502202213 459F7A08D5D7230-66-67.766677861.135123849*START,,,,,,,,
1502202213 94DC6692F976330-45-47.166664121.341211438*START,,,,,,,,
1502202213 5D358CDAED0D230-49-50.50.776818573*START,,,,,,,,
1502202273 2D1032CDC2EC330-42-43.866676330.97320497*START,,,,,,,,
1502202273 459F7A08D5D7228-64-682.160248756*START,,,,,,,,
1502202273 94DC6692F976330-45-47.86666872.255006313*START,,,,,,,,
1502202273 5D358CDAED0D229-49-50.206901550.773642063*START,,,,,,,,
1502202333 2D1032CDC2EC330-44-44.433330540.727932274*START,,,,,,,,
1502202333 459F7A08D5D7227-66-67.925926212.673601627*START,,,,,,,,
1502202333 94DC6692F976329-49-51.482757571.59509635*START,,,,,,,,
1502202333 5D358CDAED0D230-48-49.066665650.583292365*START,,,,,,,,
1502202393 2D1032CDC2EC330-43-44.166667940.64771986*START,,,,,,,,
1502202393 459F7A08D5D7228-66-67.821426391.415616155*START,,,,,,,,
1502202393 94DC6692F976330-48-49.63333131.542128801*START,,,,,,,,
1502202393 5D358CDAED0D228-49-49.821430210.547963977*START,,,,,,,,
1502202453 2D1032CDC2EC330-40-42.466667181.041660786*START,,,,,,,,
1502202453 459F7A08D5D7227-67-70.481483461.39698422*START,,,,,,,,
1502202453 94DC6692F976330-44-50.366661073.605391502*START,,,,,,,,
1502202453 5D358CDAED0D229-50-52.344829561.36998117*START,,,,,,,,
1502202513 2D1032CDC2EC329-41-43.241378781.090713501*START,,,,,,,,
1502202513 459F7A08D5D7227-69-71.777786251.739438176*START,,,,,,,,
1502202513 94DC6692F976329-48-49.620689390.727706969*START,,,,,,,,
1502202513 F9632B2DFC58225-77-80.280006412.010801792Node ChangedSTART,,,,,,,,
1502202573 2D1032CDC2EC330-42-42.966663360.182574347*START,,,,,,,,
1502202573 459F7A08D5D7227-70-74.962966923.379590988*START,,,,,,,,
1502202573 94DC6692F976329-49-50.655174260.669534504*START,,,,,,,,
1502202573 F9632B2DFC58228-75-76.71428681.083791614*START,,,,,,,,
1502202633 2D1032CDC2EC330-43-44.966667181.272611618*START,,,,,,,,
1502202633 459F7A08D5D7230-69-71.366661071.902509332*START,,,,,,,,
1502202633 94DC6692F976330-49-53.433338172.500803232*START,,,,,,,,
1502202633 F9632B2DFC58222-71-77.272727974.311467648*START,,,,,,,,
1502202693 2D1032CDC2EC330-44-45.733329770.944430709*START,,,,,,,,
1502202693 459F7A08D5D7228-66-68.178573612.091492414*START,,,,,,,,
1502202693 94DC6692F976326-47-50.923072812.667178631*START,,,,,,,,
1502202693 F9632B2DFC58226-70-71.999992371.131369948*START,,,,,,,,
1502202753 2D1032CDC2EC330-42-44.933334350.944433391*START,,,,,,,,
1502202753 459F7A08D5D7227-63-66.962966921.285465598*START,,,,,,,,
1502202753 94DC6692F976329-47-49.379310611.082780719*START,,,,,,,,
1502202753 F9632B2DFC58229-69-72.172401431.852971315*START,,,,,,,,
1502202813 2D1032CDC2EC330-43-44.900001530.994813859*START,,,,,,,,
1502202813 459F7A08D5D7229-66-67.827575681.136063576*START,,,,,,,,
1502202813 94DC6692F976330-46-49.166664121.440385461*START,,,,,,,,
1502202813 F9632B2DFC58228-70-72.750007631.37773478*START,,,,,,,,
1502202873 2D1032CDC2EC330-44-45.933338171.436791062*START,,,,,,,,
1502202873 459F7A08D5D7228-64-67.035720832.441645622*START,,,,,,,,
1502202873 94DC6692F976330-46-48.366664891.496738911*START,,,,,,,,
1502202873 F9632B2DFC58227-72-76.222213753.308884621*START,,,,,,,,
1502202933 2D1032CDC2EC329-42-43.655174261.837620974*START,,,,,,,,
1502202933 459F7A08D5D7225-64-67.760002142.146314621*START,,,,,,,,
1502202933 94DC6692F976330-47-54.199993135.767925739*START,,,,,,,,
1502202933 F9632B2DFC58223-75-78.217391972.194135666*START,,,,,,,,
1502202993 2D1032CDC2EC330-42-43.566665651.040004253*START,,,,,,,,
1502202993 459F7A08D5D7227-66-69.111106871.5770787*START,,,,,,,,
1502202993 94DC6692F976328-50-57.392860417.936504364*START,,,,,,,,
1502202993 F9632B2DFC58225-74-78.440002442.237558842*START,,,,,,,,
1502203053 2D1032CDC2EC330-43-43.400001530.498272836*START,,,,,,,,
1502203053 459F7A08D5D7230-66-69.466659552.344962597*START,,,,,,,,
1502203053 94DC6692F976329-49-51.620689391.265301347*START,,,,,,,,
1502203053 F9632B2DFC5825-77-79.800003052.280350924*START,,,,,,,,
1502203113 2D1032CDC2EC329-42-42.965518950.565859497*START,,,,,,,,
1502203113 459F7A08D5D7227-68-712.075494528*START,,,,,,,,
1502203113 94DC6692F976329-49-50.931034091.251600146*START,,,,,,,,
1502203113 5D358CDAED0D230-50-51.033336640.413840771Node ChangedSTART,,,,,,,,
1502203173 2D1032CDC2EC330-41-43.099998470.959525228*START,,,,,,,,
1502203173 94DC6692F976329-51-54.206893921.473075151Node ChangedSTART,,,,,,,,
1502203173 F9632B2DFC58226-75-78.653839112.226070881Node ChangedSTART,,,,,,,,
1502203173 5D358CDAED0D230-50-51.366664890.718395352*START,,,,,,,,
1502203233 2D1032CDC2EC329-42-43.517238620.94946146*START,,,,,,,,
1502203233 459F7A08D5D7228-67-70.035720831.952818751Node ChangedSTART,,,,,,,,
1502203233 F9632B2DFC58222-76-80.18181612.403100491*START,,,,,,,,
1502203233 94DC6692F976327-46-52.74073414.477231503Node ChangedSTART,,,,,,,,
1502203293 2D1032CDC2EC330-41-42.533332820.628810287*START,,,,,,,,
1502203293 459F7A08D5D7229-66-67.172409061.255530357*START,,,,,,,,
1502203293 94DC6692F976329-49-62.344833374.228103161Node ChangedSTART,,,,,,,,
1502203293 5D358CDAED0D230-49-49.600002290.563241482Node ChangedSTART,,,,,,,,
1502203353 2D1032CDC2EC330-45-45.600009920.723975956*START,,,,,,,,
1502203353 459F7A08D5D7227-65-66.259262080.984207809*START,,,,,,,,
1502203353 94DC6692F976330-47-48.566669461.478194118*START,,,,,,,,
1502203353 5D358CDAED0D229-50-51.517242430.687681377*START,,,,,,,,
1502203413 2D1032CDC2EC330-46-46.399997710.563241899*START,,,,,,,,
1502203413 459F7A08D5D7230-65-67.300010682.830254078*START,,,,,,,,
1502203413 94DC6692F976329-47-48.793106081.20650959*START,,,,,,,,
1502203413 5D358CDAED0D230-50-51.233329770.504007697*START,,,,,,,,
1502203473 2D1032CDC2EC330-43-45.133335110.973206341*START,,,,,,,,
1502203473 459F7A08D5D7229-66-67.379318241.177577376*START,,,,,,,,
1502203473 94DC6692F976330-46-48.766666411.104327798*START,,,,,,,,
1502203473 5D358CDAED0D229-51-51.793094640.675031543*START,,,,,,,,
1502203533 2D1032CDC2EC329-44-45.034481050.68048054*START,,,,,,,,
1502203533 459F7A08D5D7228-66-68.96428681.318870902*START,,,,,,,,
1502203533 94DC6692F976330-48-51.833335881.895244241*START,,,,,,,,
1502203533 5D358CDAED0D230-51-52.50.629723608*START,,,,,,,,
1502203593 2D1032CDC2EC330-42-44.399997710.894426823*START,,,,,,,,
1502203593 459F7A08D5D7226-67-68.423072811.205755711*START,,,,,,,,
1502203593 94DC6692F976329-47-50.896556854.450880051*START,,,,,,,,
1502203593 5D358CDAED0D230-50-51.900001530.994813979*START,,,,,,,,
1502203653 2D1032CDC2EC330-42-44.866664891.569830775*START,,,,,,,,
1502203653 459F7A08D5D7227-66-67.666664120.832049906*START,,,,,,,,
1502203653 94DC6692F976330-45-50.900001534.663504601*START,,,,,,,,
1502203653 5D358CDAED0D228-49-50.892852781.370029926*START,,,,,,,,
1502203713 2D1032CDC2EC329-42-45.275863651.278854489*START,,,,,,,,
1502203713 459F7A08D5D7227-66-68.037040711.65207541*START,,,,,,,,
1502203713 94DC6692F976329-45-47.482761382.354640484*START,,,,,,,,
1502203713 5D358CDAED0D230-49-49.533332820.507415652*START,,,,,,,,
1502203773 2D1032CDC2EC330-40-42.433334350.727932155*START,,,,,,,,
1502203773 459F7A08D5D7228-64-67.642860411.850212097*START,,,,,,,,
1502203773 94DC6692F976330-48-51.533332822.542512655*START,,,,,,,,
1502203773 5D358CDAED0D230-49-49.26666260.449776679*START,,,,,,,,
1502203833 2D1032CDC2EC330-40-41.36666870.99942404*START,,,,,,,,
1502203833 459F7A08D5D7230-65-67.833335881.966679692*START,,,,,,,,
1502203833 94DC6692F976330-48-53.866661071.995398164*START,,,,,,,,
1502203833 5D358CDAED0D230-48-48.666667940.606479228*START,,,,,,,,
1502203893 DAD655CD510A230-53-53.933334350.980264544Node ChangedSTART,,,,,,,,
1502203893 2D1032CDC2EC330-42-43.166667940.949895501Node ChangedSTART,,,,,,,,
1502203893 459F7A08D5D7228-65-67.71428683.68034935Node ChangedSTART,,,,,,,,
1502203893 94DC6692F976330-51-54.733333592.728311062Node ChangedSTART,,,,,,,,
1502203953 DAD655CD510A229-54-54.413791660.501229227*START,,,,,,,,
1502203953 2D1032CDC2EC330-43-44.033332820.413841128*START,,,,,,,,
1502203953 459F7A08D5D7227-66-70.407409673.225611925*START,,,,,,,,
1502203953 94DC6692F976330-55-58.466667182.359621525*START,,,,,,,,
1502204013 DAD655CD510A227-54-55.111110690.697982252*START,,,,,,,,
1502204013 2D1032CDC2EC329-42-43.827583310.539110422*START,,,,,,,,
1502204013 459F7A08D5D7227-66-68.555541991.368133307*START,,,,,,,,
1502204013 F9632B2DFC58225-74-77.720001222.031420708Node ChangedSTART,,,,,,,,
1502204073 DAD655CD510A229-54-55.000003810.534522116*START,,,,,,,,
1502204073 2D1032CDC2EC330-42-43.633335110.718393087*START,,,,,,,,
1502204073 459F7A08D5D7229-62-68.6551592.004922867*START,,,,,,,,
1502204073 F9632B2DFC58227-71-75.925933842.758569002*START,,,,,,,,
1502204133 DAD655CD510A229-53-54.75861740.950758457*START,,,,,,,,
1502204133 2D1032CDC2EC330-43-44.400001531.037238121*START,,,,,,,,
1502204133 459F7A08D5D7229-67-68.965507511.426352739*START,,,,,,,,
1502204133 94DC6692F976330-40-49.600002292.711406946Node ChangedSTART,,,,,,,,
1502204193 DAD655CD510A225-53-53.479999540.585946858*START,,,,,,,,
1502204193 2D1032CDC2EC330-44-45.300003050.702214062*START,,,,,,,,
1502204193 459F7A08D5D7226-65-66.538459781.028815985*START,,,,,,,,
1502204193 94DC6692F976329-50-55.896553043.811118126*START,,,,,,,,
1502204253 DAD655CD510A228-52-54.392860410.685256898*START,,,,,,,,
1502204253 2D1032CDC2EC330-43-43.63333130.718395054*START,,,,,,,,
1502204253 94DC6692F976327-53-62.074073795.18077755Node ChangedSTART,,,,,,,,
1502204253 459F7A08D5D7226-65-66.807693481.939468145Node ChangedSTART,,,,,,,,
1502204313 DAD655CD510A228-54-54.071426390.262265325*START,,,,,,,,
1502204313 2D1032CDC2EC329-44-44.103450780.409252197*START,,,,,,,,
1502204313 94DC6692F976329-52-57.31034472.953249216*START,,,,,,,,
1502204313 459F7A08D5D7225-63-66.599998471.224745512*START,,,,,,,,
1502204373 DAD655CD510A228-53-54.60714340.737326503*START,,,,,,,,
1502204373 2D1032CDC2EC329-43-44.275863650.648985624*START,,,,,,,,
1502204373 94DC6692F976327-53-56.70369722.523958445*START,,,,,,,,
1502204373 459F7A08D5D7228-65-66.535720830.79265815*START,,,,,,,,
1502204433 DAD655CD510A229-52-53.448276520.736121118*START,,,,,,,,
1502204433 2D1032CDC2EC330-42-42.566669460.817200243*START,,,,,,,,
1502204433 94DC6692F976329-48-57.206897744.443126202*START,,,,,,,,
1502204433 459F7A08D5D7228-65-66.821426391.0202986*START,,,,,,,,
1502204493 DAD655CD510A230-53-54.266666410.583292246*START,,,,,,,,
1502204493 2D1032CDC2EC330-40-42.700000761.556964397*START,,,,,,,,
1502204493 5D358CDAED0D230-49-50.099998470.844862223Node ChangedSTART,,,,,,,,
1502204493 94DC6692F976330-47-50.36666872.539120913Node ChangedSTART,,,,,,,,
1502204553 DAD655CD510A230-53-54.26666260.63968277*START,,,,,,,,
1502204553 2D1032CDC2EC330-42-43.033336640.319841951*START,,,,,,,,
1502204553 5D358CDAED0D230-49-49.900001530.711967111*START,,,,,,,,
1502204553 94DC6692F976330-49-51.299999241.368363023*START,,,,,,,,
1502204613 DAD655CD510A230-51-52.833328250.874282777*START,,,,,,,,
1502204613 2D1032CDC2EC330-41-42.699996950.87690711*START,,,,,,,,
1502204613 5D358CDAED0D229-49-49.586208340.77998364*START,,,,,,,,
1502204613 94DC6692F976324-48-58.1256.955214024*START,,,,,,,,
1502204673 DAD655CD510A230-53-53.766670230.626062274*START,,,,,,,,
1502204673 2D1032CDC2EC330-42-43.566661831.072651625*START,,,,,,,,
1502204673 5D358CDAED0D230-49-49.699993130.534982562*START,,,,,,,,
1502204673 94DC6692F976329-50-58.586208343.840733528*START,,,,,,,,
1502204733 DAD655CD510A230-52-53.50.629723132*START,,,,,,,,
1502204733 2D1032CDC2EC329-41-42.51723481.429800987*START,,,,,,,,
1502204733 5D358CDAED0D230-48-49.633327480.614949346*START,,,,,,,,
1502204733 94DC6692F976330-48-53.400001535.721105099*START,,,,,,,,
1502204793 DAD655CD510A228-53-54.571434020.997350216*MOVE 1,,,,,,,,
1502204793 2D1032CDC2EC330-42-43.766670231.330887556*MOVE 1,,,,,,,,
1502204793 5D358CDAED0D230-43-49.833335881.683250427*MOVE 1,,,,,,,,
1502204793 94DC6692F976330-48-53.566665653.212941647*MOVE 1,,,,,,,,
1502204913 DAD655CD510A228-55-56.60714341.196887612*MOVE 1,,,,,,,,
1502204913 2D1032CDC2EC329-43-44.24138260.635563552*MOVE 1,,,,,,,,
1502204913 94DC6692F976329-48-51.413791661.570196867Node ChangedMOVE 1,,,,,,,,
1502204913 F9632B2DFC58225-71-76.199996954.262237072Node ChangedMOVE 1,,,,,,,,
1502204973 DAD655CD510A229-56-57.172412870.92847681*MOVE 1,,,,,,,,
1502204973 2D1032CDC2EC330-43-46.099998471.446757078*MOVE 1,,,,,,,,
1502204973 5D358CDAED0D230-50-50.500007630.572350144Node ChangedMOVE 1,,,,,,,,
1502204973 94DC6692F976329-48-49.586204531.763058066Node ChangedMOVE 1,,,,,,,,
1502205033 DAD655CD510A228-55-56.214282990.629940629*MOVE 1,,,,,,,,
1502205033 2D1032CDC2EC330-45-45.833335880.53066808*MOVE 1,,,,,,,,
1502205033 5D358CDAED0D230-51-51.700004580.466089398*MOVE 1,,,,,,,,
1502205033 94DC6692F976330-48-48.900001530.758856237*MOVE 1,,,,,,,,
1502205093 DAD655CD510A230-56-56.700004580.749710977*MOVE 1,,,,,,,,
1502205093 2D1032CDC2EC329-46-46.034481050.325440884*MOVE 1,,,,,,,,
1502205093 5D358CDAED0D229-51-51.655174260.483725965*MOVE 1,,,,,,,,
1502205093 94DC6692F976330-48-49.700000760.794375777*MOVE 1,,,,,,,,
1502205153 DAD655CD510A229-55-57.310340880.660272956*MOVE 1,,,,,,,,
1502205153 2D1032CDC2EC330-45-45.633335110.556053936*MOVE 1,,,,,,,,
1502205153 5D358CDAED0D230-51-51.36666870.490133017*MOVE 1,,,,,,,,
1502205153 94DC6692F976329-48-49.551727290.909718096*MOVE 1,,,,,,,,
1502205213 DAD655CD510A230-56-57.299995420.702213705*MOVE 1,,,,,,,,
1502205213 2D1032CDC2EC330-44-45.233341220.678911448*MOVE 1,,,,,,,,
1502205213 5D358CDAED0D230-50-51.366664890.556051731*MOVE 1,,,,,,,,
1502205213 94DC6692F976329-49-51.724136352.085606337*MOVE 1,,,,,,,,
1502205273 DAD655CD510A230-55-57.099998471.348051548*MOVE 1,,,,,,,,
1502205273 2D1032CDC2EC330-45-46.099998470.547723413*MOVE 1,,,,,,,,
1502205273 5D358CDAED0D229-49-50.482753750.784705162*MOVE 1,,,,,,,,
1502205273 94DC6692F976329-48-51.482753751.089583158*MOVE 1,,,,,,,,
1502205333 DAD655CD510A229-56-57.172416690.966175675*MOVE 1,,,,,,,,
1502205333 2D1032CDC2EC329-44-451.164965391*MOVE 1,,,,,,,,
1502205333 5D358CDAED0D230-50-50.63333130.490132421*MOVE 1,,,,,,,,
1502205333 94DC6692F976330-51-53.766666412.473073721*MOVE 1,,,,,,,,
1502205393 DAD655CD510A230-56-57.066665650.73968029*MOVE 1,,,,,,,,
1502205393 2D1032CDC2EC330-44-44.933334351.014831305*MOVE 1,,,,,,,,
1502205393 94DC6692F976329-46-48.793102261.800382853Node ChangedMOVE 1,,,,,,,,
1502205393 5D358CDAED0D229-51-51.31034470.470824152Node ChangedMOVE 1,,,,,,,,
1502205453 DAD655CD510A229-55-56.655174260.973795176*MOVE 1,,,,,,,,
1502205453 2D1032CDC2EC330-43-44.433326721.00630331*MOVE 1,,,,,,,,
1502205453 94DC6692F976330-47-51.500003812.193249941*MOVE 1,,,,,,,,
1502205453 5D358CDAED0D230-50-51.333332060.660894394*MOVE 1,,,,,,,,
1502205513 DAD655CD510A228-55-56.750.645497084*MOVE 1,,,,,,,,
1502205513 2D1032CDC2EC329-44-45.965518950.680481613*MOVE 1,,,,,,,,
1502205513 94DC6692F976329-48-51.310340881.514299393*MOVE 1,,,,,,,,
1502205513 5D358CDAED0D228-50-50.857139590.448395759*MOVE 1,,,,,,,,
1502205573 DAD655CD510A230-55-56.666667941.15470016*MOVE 1,,,,,,,,
1502205573 2D1032CDC2EC329-41-44.068969732.250892162*MOVE 1,,,,,,,,
1502205573 94DC6692F976330-48-51.133327482.315367699*MOVE 1,,,,,,,,
1502205573 5D358CDAED0D229-50-51.068969730.703613818*MOVE 1,,,,,,,,
1502205633 DAD655CD510A229-55-57.379310611.29321754*MOVE 1,,,,,,,,
1502205633 2D1032CDC2EC330-41-42.266658780.583296537*MOVE 1,,,,,,,,
1502205633 94DC6692F976330-49-51.299999240.987857163*MOVE 1,,,,,,,,
1502205633 5D358CDAED0D230-51-51.833335880.461133003*MOVE 1,,,,,,,,
1502205693 DAD655CD510A228-54-55.678569790.669636071*MOVE 1,,,,,,,,
1502205693 2D1032CDC2EC330-41-43.299999240.876906753*MOVE 1,,,,,,,,
1502205693 94DC6692F976329-52-53.724136350.959783554*MOVE 1,,,,,,,,
1502205693 5D358CDAED0D230-51-51.533332820.507415891*MOVE 1,,,,,,,,
1502205753 DAD655CD510A230-55-55.266670230.449775785*MOVE 1,,,,,,,,
1502205753 2D1032CDC2EC330-43-44.466667180.571345806*MOVE 1,,,,,,,,
1502205753 94DC6692F976329-51-54.448272711.616570473*MOVE 1,,,,,,,,
1502205753 5D358CDAED0D230-50-51.533336640.628810048*MOVE 1,,,,,,,,
1502205813 DAD655CD510A229-54-55.034484860.325440288*MOVE 1,,,,,,,,
1502205813 2D1032CDC2EC330-44-44.833335880.461133122*MOVE 1,,,,,,,,
1502205813 94DC6692F976330-52-53.666667940.660894096*MOVE 1,,,,,,,,
1502205813 5D358CDAED0D229-50-510.597613335*MOVE 1,,,,,,,,
1502205873 DAD655CD510A229-54-54.862068180.639427543*MOVE 1,,,,,,,,
1502205873 2D1032CDC2EC329-43-44.793106080.491303682*MOVE 1,,,,,,,,
1502205873 94DC6692F976330-51-53.866664891.166583776*MOVE 1,,,,,,,,
1502205873 5D358CDAED0D229-50-510.597615063*MOVE 1,,,,,,,,
1502205933 DAD655CD510A230-54-56.099998471.155197144*MOVE 2,,,,,,,,
1502205933 2D1032CDC2EC330-42-47.933338178.43610096*MOVE 2,,,,,,,,
1502205933 94DC6692F976328-46-55.035709386.49490881*MOVE 2,,,,,,,,
1502205933 5D358CDAED0D230-48-49.900001530.884736836*MOVE 2,,,,,,,,
1502205993 DAD655CD510A230-54-56.433330541.072648287*MOVE 2,,,,,,,,
1502205993 2D1032CDC2EC327-64-65.666656490.877059877*MOVE 2,,,,,,,,
1502205993 94DC6692F976330-47-49.966663362.311641216*MOVE 2,,,,,,,,
1502205993 5D358CDAED0D230-47-49.366664891.09806478*MOVE 2,,,,,,,,
1502206053 DAD655CD510A229-55-56.000003811.035097599*MOVE 2,,,,,,,,
1502206053 2D1032CDC2EC329-64-65.517227170.687680185*MOVE 2,,,,,,,,
1502206053 94DC6692F976330-45-48.200004581.919051886*MOVE 2,,,,,,,,
1502206053 5D358CDAED0D230-49-50.200000760.924755275*MOVE 2,,,,,,,,
1502206113 DAD655CD510A230-55-56.933334351.229896426*MOVE 2,,,,,,,,
1502206113 2D1032CDC2EC329-63-65.379325870.902921081*MOVE 2,,,,,,,,
1502206113 94DC6692F976329-45-47.75861742.011663675*MOVE 2,,,,,,,,
1502206113 5D358CDAED0D229-49-50.000003810.597614229*MOVE 2,,,,,,,,
1502206173 DAD655CD510A230-55-57.53332521.279367566*MOVE 2,,,,,,,,
1502206173 9A34ECDEA99E230-60-61.899997710.75885582Node ChangedMOVE 2,,,,,,,,
1502206173 2D1032CDC2EC329-65-68.793106082.193808794Node ChangedMOVE 2,,,,,,,,
1502206173 94DC6692F976330-45-47.700004582.053589106Node ChangedMOVE 2,,,,,,,,
1502206233 DAD655CD510A230-55-56.899997711.422720075*MOVE 2,,,,,,,,
1502206233 9A34ECDEA99E226-61-62.692306520.617687583*MOVE 2,,,,,,,,
1502206233 2D1032CDC2EC329-65-66.965515141.822140336*MOVE 2,,,,,,,,
1502206233 94DC6692F976330-45-45.566669460.504006863*MOVE 2,,,,,,,,
1502206293 DAD655CD510A230-54-55.13333130.681445003*MOVE 2,,,,,,,,
1502206293 9A34ECDEA99E230-60-62.26666260.691490948*MOVE 2,,,,,,,,
1502206293 2D1032CDC2EC330-64-65.666671750.922264576*MOVE 2,,,,,,,,
1502206293 94DC6692F976330-43-47.333335883.273018122*MOVE 2,,,,,,,,
1502206353 DAD655CD510A230-54-560.587220132*MOVE 2,,,,,,,,
1502206353 9A34ECDEA99E230-62-63.033332820.556052268*MOVE 2,,,,,,,,
1502206353 2D1032CDC2EC330-65-65.833328250.530668378*MOVE 2,,,,,,,,
1502206353 94DC6692F976330-45-46.133335110.571347058*MOVE 2,,,,,,,,
1502206413 DAD655CD510A229-54-55.586204531.018303275*MOVE 2,,,,,,,,
1502206413 9A34ECDEA99E230-61-62.666667940.711158991*MOVE 2,,,,,,,,
1502206413 2D1032CDC2EC328-63-64.428573611.345183492*MOVE 2,,,,,,,,
1502206413 94DC6692F976330-44-48.533332823.115405083*MOVE 2,,,,,,,,
1502206473 DAD655CD510A229-53-54.620689390.727705002*MOVE 2,,,,,,,,
1502206473 9A34ECDEA99E229-62-63.034484860.421117455*MOVE 2,,,,,,,,
1502206473 2D1032CDC2EC330-63-64.533332821.008014321*MOVE 2,,,,,,,,
1502206473 94DC6692F976330-47-51.433330542.750339031*MOVE 2,,,,,,,,
1502206533 DAD655CD510A230-54-55.400001530.674666345*MOVE 2,,,,,,,,
1502206533 9A34ECDEA99E229-62-62.93103790.371391594*MOVE 2,,,,,,,,
1502206533 2D1032CDC2EC326-64-64.76923370.514407873*MOVE 2,,,,,,,,
1502206533 94DC6692F976329-46-49.862071991.125170946*MOVE 2,,,,,,,,
1502206593 DAD655CD510A230-53-55.033329010.718396366*MOVE 2,,,,,,,,
1502206593 9A34ECDEA99E227-62-63.444442750.640512824*MOVE 2,,,,,,,,
1502206593 2D1032CDC2EC329-63-64.689666750.967453539*MOVE 2,,,,,,,,
1502206593 94DC6692F976330-45-48.533329012.129160881*MOVE 2,,,,,,,,
1502206653 DAD655CD510A229-53-54.689659120.712314904*MOVE 2,,,,,,,,
1502206653 9A34ECDEA99E228-62-63.000003810.38490054*MOVE 2,,,,,,,,
1502206653 94DC6692F976330-46-47.366664891.938420415Node ChangedMOVE 2,,,,,,,,
1502206653 5D358CDAED0D229-50-51.06896211.066738725Node ChangedMOVE 2,,,,,,,,
1502206713 DAD655CD510A231-53-54.258064270.72882247*MOVE 2,,,,,,,,
1502206713 9A34ECDEA99E229-61-62.965522771.451176763*MOVE 2,,,,,,,,
1502206713 94DC6692F976329-44-45.517242430.949462056*MOVE 2,,,,,,,,
1502206713 5D358CDAED0D229-51-52.862068180.74278146*MOVE 2,,,,,,,,
1502206773 9A34ECDEA99E227-61-62.333332060.832050323Node ChangedMOVE 2,,,,,,,,
1502206773 94DC6692F976330-45-46.400001531.328726411Node ChangedMOVE 2,,,,,,,,
1502206773 5D358CDAED0D229-51-51.862068180.833416522Node ChangedMOVE 2,,,,,,,,
1502206773 2D1032CDC2EC326-63-63.961532591.112862349Node ChangedMOVE 2,,,,,,,,
1502206833 9A34ECDEA99E230-61-61.700000760.651257098*MOVE 2,,,,,,,,
1502206833 94DC6692F976330-44-45.833339690.949893475*MOVE 2,,,,,,,,
1502206833 5D358CDAED0D230-50-51.099998470.547722161*MOVE 2,,,,,,,,
1502206833 F9632B2DFC5827-77-80.28571322.497618675Node ChangedMOVE 2,,,,,,,,
1502206893 9A34ECDEA99E228-62-62.85714340.755929649*MOVE 2,,,,,,,,
1502206893 94DC6692F976330-44-47.699996952.394678593*MOVE 2,,,,,,,,
1502206893 5D358CDAED0D230-50-510.643266916*MOVE 2,,,,,,,,
1502206893 F9632B2DFC58229-74-77.206886291.611994267*MOVE 2,,,,,,,,
1502206953 9A34ECDEA99E229-60-61.793106080.773642063*MOVE 2,,,,,,,,
1502206953 94DC6692F976330-43-46.73333742.625252962*MOVE 2,,,,,,,,
1502206953 2D1032CDC2EC328-63-66.000007630.981308043Node ChangedMOVE 2,,,,,,,,
1502206953 459F7A08D5D7228-68-73.03571321.990383983Node ChangedMOVE 2,,,,,,,,
1502207013 9A34ECDEA99E228-60-62.60714341.257253766*MOVE 2,,,,,,,,
1502207013 94DC6692F976330-46-51.13333132.161310434*MOVE 2,,,,,,,,
1502207013 5D358CDAED0D230-51-51.666667940.758098006Node ChangedMOVE 2,,,,,,,,
1502207013 2D1032CDC2EC329-63-65.586212162.244315624Node ChangedMOVE 2,,,,,,,,
1502207133 9A34ECDEA99E230-61-62.566673281.0400033*MOVE 2,,,,,,,,
1502207133 94DC6692F976330-44-48.600002292.027398348*MOVE 2,,,,,,,,
1502207133 5D358CDAED0D229-51-52.482757570.784705818*MOVE 2,,,,,,,,
1502207133 2D1032CDC2EC330-62-63.233333590.568320811*MOVE 2,,,,,,,,
1502207133 9A34ECDEA99E230-61-62.566673281.0400033*MOVE 2,,,,,,,,
1502207133 94DC6692F976330-44-48.600002292.027398348*MOVE 2,,,,,,,,
1502207133 5D358CDAED0D229-51-52.482757570.784705818*MOVE 2,,,,,,,,
1502207133 2D1032CDC2EC330-62-63.233333590.568320811*MOVE 2,,,,,,,,
1502207193 9A34ECDEA99E230-61-62.73333740.907187343*MOVE 3,,,,,,,,
1502207193 94DC6692F976328-45-55.928569796.66627121*MOVE 3,,,,,,,,
1502207193 5D358CDAED0D228-50-52.464282991.815206289*MOVE 3,,,,,,,,
1502207193 2D1032CDC2EC328-63-64.142852781.208436251*MOVE 3,,,,,,,,
1502207253 9A34ECDEA99E226-59-63.115383151.032547355*MOVE 3,,,,,,,,
1502207253 94DC6692F976328-60-62.428569791.525795579*MOVE 3,,,,,,,,
1502207253 5D358CDAED0D230-50-51.400005340.932183683*MOVE 3,,,,,,,,
1502207253 F9632B2DFC58215-75-80.199996952.908115387Node ChangedMOVE 3,,,,,,,,
1502207313 9A34ECDEA99E230-62-630.694809735*MOVE 3,,,,,,,,
1502207313 94DC6692F976329-60-62.75861741.618094325*MOVE 3,,,,,,,,
1502207313 5D358CDAED0D230-50-51.50.682288587*MOVE 3,,,,,,,,
1502207313 F9632B2DFC5828-80-83.52.000000238*MOVE 3,,,,,,,,
1502207373 9A34ECDEA99E227-60-62.222217560.933698118*MOVE 3,,,,,,,,
1502207373 94DC6692F976329-60-63.172416691.513486266*MOVE 3,,,,,,,,
1502207373 5D358CDAED0D228-50-51.928573611.463850617*MOVE 3,,,,,,,,
1502207373 2D1032CDC2EC329-62-64.517250061.213631392Node ChangedMOVE 3,,,,,,,,
1502207373 9A34ECDEA99E227-60-62.222217560.933698118*MOVE 3,,,,,,,,
1502207373 94DC6692F976329-60-63.172416691.513486266*MOVE 3,,,,,,,,
1502207373 5D358CDAED0D228-50-51.928573611.463850617*MOVE 3,,,,,,,,
1502207373 2D1032CDC2EC329-62-64.517250061.213631392*MOVE 3,,,,,,,,
1502207433 9A34ECDEA99E230-60-61.566669460.678910434*MOVE 3,,,,,,,,
1502207433 94DC6692F976329-58-61.448280331.40372479*MOVE 3,,,,,,,,
1502207433 5D358CDAED0D229-49-50.448272711.088452339*MOVE 3,,,,,,,,
1502207433 2D1032CDC2EC329-64-65.137924190.639425814*MOVE 3,,,,,,,,
1502207493 9A34ECDEA99E227-60-60.518520360.802417934*MOVE 3,,,,,,,,
1502207493 94DC6692F976329-61-63.965515142.06125474*MOVE 3,,,,,,,,
1502207493 5D358CDAED0D230-49-49.966663360.182574347*MOVE 3,,,,,,,,
1502207493 F9632B2DFC58223-77-79.565223691.700965643Node ChangedMOVE 3,,,,,,,,
1502207553 9A34ECDEA99E229-60-61.931041721.27981472*MOVE 3,,,,,,,,
1502207553 94DC6692F976329-63-64.724136351.623414516*MOVE 3,,,,,,,,
1502207553 5D358CDAED0D229-48-51.241378781.15434444*MOVE 3,,,,,,,,
1502207553 F9632B2DFC58226-74-79.076934812.448233128*MOVE 3,,,,,,,,
1502207613 9A34ECDEA99E229-62-62.68965530.660273075*MOVE 3,,,,,,,,
1502207613 94DC6692F976327-60-62.444446560.974022627*MOVE 3,,,,,,,,
1502207613 5D358CDAED0D230-51-52.333332060.546671867*MOVE 3,,,,,,,,
1502207613 F9632B2DFC58227-76-78.740745542.030395508*MOVE 3,,,,,,,,
1502207673 9A34ECDEA99E225-62-62.680000310.476094961*MOVE 3,,,,,,,,
1502207673 94DC6692F976329-62-63.517238621.572548032*MOVE 3,,,,,,,,
1502207673 5D358CDAED0D229-51-52.000007630.462911785*MOVE 3,,,,,,,,
1502207673 F9632B2DFC58218-76-79.444442751.854159474*MOVE 3,,,,,,,,
1502207733 9A34ECDEA99E230-61-62.73333740.63968271*MOVE 3,,,,,,,,
1502207733 94DC6692F976330-59-63.933330541.946408153*MOVE 3,,,,,,,,
1502207733 5D358CDAED0D228-50-51.03571321.170063853*MOVE 3,,,,,,,,
1502207733 F9632B2DFC58223-75-78.391304022.330415249*MOVE 3,,,,,,,,
1502207793 94DC6692F976328-62-64.53571321.952815175Node ChangedMOVE 3,,,,,,,,
1502207793 5D358CDAED0D230-50-51.000003810.525225878Node ChangedMOVE 3,,,,,,,,
1502207793 F9632B2DFC58229-72-77.068954472.136940002Node ChangedMOVE 3,,,,,,,,
1502207793 2D1032CDC2EC327-64-64.962959290.587136626Node ChangedMOVE 3,,,,,,,,
1502207853 94DC6692F976328-63-66.857147221.380130768*MOVE 3,,,,,,,,
1502207853 5D358CDAED0D229-50-51.172409060.710581243*MOVE 3,,,,,,,,
1502207853 F9632B2DFC58227-73-75.925933842.251937866*MOVE 3,,,,,,,,
1502207853 2D1032CDC2EC327-64-65.000007630.877061546*MOVE 3,,,,,,,,
1502207913 94DC6692F976328-63-65.535705571.137968659*MOVE 3,,,,,,,,
1502207913 5D358CDAED0D229-50-51.655174260.613879442*MOVE 3,,,,,,,,
1502207913 F9632B2DFC58227-71-74.185188291.415223002*MOVE 3,,,,,,,,
1502207913 2D1032CDC2EC329-63-64.344833370.768850148*MOVE 3,,,,,,,,
1502207973 94DC6692F976330-64-66.400009161.248445988*MOVE 3,,,,,,,,
1502207973 5D358CDAED0D230-51-51.866664890.507416189*MOVE 3,,,,,,,,
1502207973 2D1032CDC2EC327-63-64.481483460.579811633Node ChangedMOVE 3,,,,,,,,
1502207973 459F7A08D5D7230-68-69.499992370.776818514Node ChangedMOVE 3,,,,,,,,
1502208033 DAD655CD510A229-54-54.862071990.441112697Node ChangedMOVE 3,,,,,,,,
1502208033 94DC6692F976329-63-65.620689391.293218732Node ChangedMOVE 3,,,,,,,,
1502208033 5D358CDAED0D230-52-52.50.508547544Node ChangedMOVE 3,,,,,,,,
1502208033 F9632B2DFC58229-72-74.275871281.161788821Node ChangedMOVE 3,,,,,,,,
1502208093 DAD655CD510A230-54-54.799999240.761122823*MOVE 3,,,,,,,,
1502208093 94DC6692F976329-61-63.689651491.51429987*MOVE 3,,,,,,,,
1502208093 5D358CDAED0D230-50-51.26666260.82768178*MOVE 3,,,,,,,,
1502208093 F9632B2DFC58220-74-78.349998472.580800056*MOVE 3,,,,,,,,
1502208153 DAD655CD510A230-54-55.333335880.884085536*MOVE 3,,,,,,,,
1502208153 94DC6692F976330-64-66.900001531.422721863*MOVE 3,,,,,,,,
1502208153 5D358CDAED0D229-50-50.275863650.454859108*MOVE 3,,,,,,,,
1502208153 2D1032CDC2EC328-64-64.535697940.838080168Node ChangedMOVE 3,,,,,,,,
1502208213 DAD655CD510A230-56-56.799999240.484234005*MOVE 3,,,,,,,,
1502208213 94DC6692F976330-63-66.066665651.48401463*MOVE 3,,,,,,,,
1502208213 5D358CDAED0D230-49-50.133335110.434172153*MOVE 3,,,,,,,,
1502208213 F9632B2DFC58215-77-80.933334352.313521147Node ChangedMOVE 3,,,,,,,,
1502208273 DAD655CD510A230-55-56.499996190.731082082*MOVE 3,,,,,,,,
1502208273 94DC6692F976328-65-68.678573613.151171684*MOVE 3,,,,,,,,
1502208273 5D358CDAED0D229-50-50.68965530.470823705*MOVE 3,,,,,,,,
1502208273 F9632B2DFC58221-75-79.095245362.547643423*MOVE 3,,,,,,,,
1502208333 DAD655CD510A229-52-54.862068180.789399922*MOVE 3,,,,,,,,
1502208333 94DC6692F976330-60-67.700004583.949248075*MOVE 3,,,,,,,,
1502208333 5D358CDAED0D230-49-49.666671750.922267079*MOVE 3,,,,,,,,
1502208333 F9632B2DFC58214-75-78.428573612.820646763*MOVE 3,,,,,,,,
1502208453 DAD655CD510A230-54-55.066661830.365148067*MOVE 3,,,,,,,,
1502208453 94DC6692F976327-60-63.333328251.709699631*MOVE 3,,,,,,,,
1502208453 5D358CDAED0D230-51-51.800003050.406838387*MOVE 3,,,,,,,,
1502208453 2D1032CDC2EC330-63-651.050451279Node ChangedMOVE 3,,,,,,,,
1502208513 DAD655CD510A229-54-55.068969730.529895544*MOVE 3,,,,,,,,
1502208513 94DC6692F976329-59-62.241378781.455413103*MOVE 3,,,,,,,,
1502208513 5D358CDAED0D230-50-51.333335880.802294552*MOVE 3,,,,,,,,
1502208513 2D1032CDC2EC329-64-65.758621221.405477405*MOVE 3,,,,,,,,
1502208573 DAD655CD510A229-54-55.034477230.421117663*MOVE 3,,,,,,,,
1502208573 94DC6692F976330-61-62.900005341.155197978*MOVE 3,,,,,,,,
1502208573 5D358CDAED0D229-50-51.206901550.55929184*MOVE 3,,,,,,,,
1502208573 2D1032CDC2EC328-64-65.21428680.629941344*MOVE 3,,,,,,,,
1502208633 DAD655CD510A230-53-55.066665650.784914911*MOVE 3,,,,,,,,
1502208633 94DC6692F976329-60-66.620689392.624251604*MOVE 3,,,,,,,,
1502208633 5D358CDAED0D230-49-50.26666260.520831347*MOVE 3,,,,,,,,
1502208633 2D1032CDC2EC327-63-65.888893131.01273942*MOVE 3,,,,,,,,
1502208693 DAD655CD510A229-53-55.862071991.597411513*MOVE 3,,,,,,,,
1502208693 9A34ECDEA99E230-62-64.13333131.252123833Node ChangedMOVE 3,,,,,,,,
1502208693 94DC6692F976329-62-66.137924191.940618992Node ChangedMOVE 3,,,,,,,,
1502208693 5D358CDAED0D230-50-50.799999240.550861776Node ChangedMOVE 3,,,,,,,,
1502208753 DAD655CD510A229-52-55.310340881.227757812*MOVE 3,,,,,,,,
1502208753 9A34ECDEA99E230-60-64.666664123.407227516*MOVE 3,,,,,,,,
1502208753 5D358CDAED0D229-48-50.137931821.663134217Node ChangedMOVE 3,,,,,,,,
1502208753 F9632B2DFC58227-70-74.037040712.44133687Node ChangedMOVE 3,,,,,,,,
1502208813 DAD655CD510A230-53-54.566669460.727931976*MOVE 4,,,,,,,,
1502208813 9A34ECDEA99E227-63-65.666656492.987151146*MOVE 4,,,,,,,,
1502208813 94DC6692F976328-61-66.78571322.948409319Node ChangedMOVE 4,,,,,,,,
1502208813 5D358CDAED0D230-48-49.833335881.315249085Node ChangedMOVE 4,,,,,,,,
1502208873 DAD655CD510A230-53-54.333335880.802295566*MOVE 4,,,,,,,,
1502208873 9A34ECDEA99E230-63-66.400009161.714036584*MOVE 4,,,,,,,,
1502208873 5D358CDAED0D229-48-50.413795471.018304586Node ChangedMOVE 4,,,,,,,,
1502208873 2D1032CDC2EC330-66-67.766677861.45467782Node ChangedMOVE 4,,,,,,,,
1502208933 DAD655CD510A229-53-54.68965530.806379616*MOVE 4,,,,,,,,
1502208933 9A34ECDEA99E229-64-66.241386411.184879541*MOVE 4,,,,,,,,
1502208933 94DC6692F976328-63-68.54.811249256Node ChangedMOVE 4,,,,,,,,
1502208933 5D358CDAED0D229-49-49.482757570.508547843Node ChangedMOVE 4,,,,,,,,
1502208993 DAD655CD510A230-54-54.866664890.345746368*MOVE 4,,,,,,,,
1502208993 9A34ECDEA99E225-61-64.840003971.14309597*MOVE 4,,,,,,,,
1502208993 94DC6692F976328-63-64.857147221.238706231*MOVE 4,,,,,,,,
1502208993 5D358CDAED0D230-49-49.566669460.504006863*MOVE 4,,,,,,,,
1502209053 DAD655CD510A229-54-54.965522770.625800252*MOVE 4,,,,,,,,
1502209053 9A34ECDEA99E229-63-64.758621220.689471126*MOVE 4,,,,,,,,
1502209053 94DC6692F976328-63-67.464294432.185508966*MOVE 4,,,,,,,,
1502209053 5D358CDAED0D230-49-49.233333590.430182904*MOVE 4,,,,,,,,
1502209113 DAD655CD510A230-53-54.466667180.571346521*MOVE 4,,,,,,,,
1502209113 9A34ECDEA99E229-64-66.551734921.502049208*MOVE 4,,,,,,,,
1502209113 94DC6692F976327-64-67.88888552.736270189*MOVE 4,,,,,,,,
1502209113 5D358CDAED0D229-49-49.482757570.508547783*MOVE 4,,,,,,,,
1502209173 DAD655CD510A230-53-54.766658780.858360827*MOVE 4,,,,,,,,
1502209173 9A34ECDEA99E228-63-66.28571322.157795668*MOVE 4,,,,,,,,
1502209173 94DC6692F976327-61-67.444427496.008547306*MOVE 4,,,,,,,,
1502209173 5D358CDAED0D230-47-49.966663360.718394876*MOVE 4,,,,,,,,
1502209233 DAD655CD510A228-54-54.89285660.628890693*MOVE 4,,,,,,,,
1502209233 9A34ECDEA99E228-63-64.821418761.055972815*MOVE 4,,,,,,,,
1502209233 94DC6692F976329-65-69.310356143.704277754*MOVE 4,,,,,,,,
1502209233 5D358CDAED0D230-49-49.900001530.305128455*MOVE 4,,,,,,,,
1502209293 DAD655CD510A230-53-54.600002290.563241124*MOVE 4,,,,,,,,
1502209293 9A34ECDEA99E230-63-63.600002290.723972857*MOVE 4,,,,,,,,
1502209293 94DC6692F976326-66-70.115394592.688150167*MOVE 4,,,,,,,,
1502209293 5D358CDAED0D230-49-49.50.508547902*MOVE 4,,,,,,,,
1502209353 DAD655CD510A229-52-54.586208340.866736114*MOVE 4,,,,,,,,
1502209353 9A34ECDEA99E230-63-65.03332521.129033327*MOVE 4,,,,,,,,
1502209353 94DC6692F976328-60-65.357139593.324590921*MOVE 4,,,,,,,,
1502209353 5D358CDAED0D230-49-49.933334350.449777097*MOVE 4,,,,,,,,
1502209413 9A34ECDEA99E230-63-66.533340451.569828272Node ChangedMOVE 4,,,,,,,,
1502209413 94DC6692F976330-58-61.133335112.528915167Node ChangedMOVE 4,,,,,,,,
1502209413 5D358CDAED0D229-48-50.000003811.711307526Node ChangedMOVE 4,,,,,,,,
1502209413 2D1032CDC2EC329-53-63.275863652.950746298Node ChangedMOVE 4,,,,,,,,
1502209473 DAD655CD510A230-52-530.870988011Node ChangedMOVE 5,,,,,,,,
1502209473 94DC6692F976328-56-58.96428681.261455059*MOVE 5,,,,,,,,
1502209473 5D358CDAED0D230-48-49.866664890.681445301*MOVE 5,,,,,,,,
1502209473 2D1032CDC2EC330-35-42.666664126.979444027*MOVE 5,,,,,,,,
1502209533 DAD655CD510A229-52-52.413791660.501230299*MOVE 5,,,,,,,,
1502209533 9A34ECDEA99E228-62-63.464290620.792656898Node ChangedMOVE 5,,,,,,,,
1502209533 94DC6692F976330-59-60.566669460.897635102Node ChangedMOVE 5,,,,,,,,
1502209533 5D358CDAED0D230-49-49.833335880.461133033Node ChangedMOVE 5,,,,,,,,
1502209593 DAD655CD510A230-50-52.433338171.278015971*MOVE 5,,,,,,,,
1502209593 9A34ECDEA99E228-61-63.928569791.184109688*MOVE 5,,,,,,,,
1502209593 94DC6692F976327-58-61.259262082.313714266*MOVE 5,,,,,,,,
1502209593 5D358CDAED0D230-49-49.700000760.702213168*MOVE 5,,,,,,,,
1502209653 DAD655CD510A230-52-52.533332820.681445062*MOVE 5,,,,,,,,
1502209653 9A34ECDEA99E228-62-64.21428681.100745559*MOVE 5,,,,,,,,
1502209653 94DC6692F976329-59-62.896549221.970222354*MOVE 5,,,,,,,,
1502209653 5D358CDAED0D230-49-50.066665650.583291948*MOVE 5,,,,,,,,
1502209713 DAD655CD510A229-51-52.275863650.648985207*MOVE 5,,,,,,,,
1502209713 9A34ECDEA99E228-62-63.85714341.32537365*MOVE 5,,,,,,,,
1502209713 94DC6692F976326-61-64.26923372.358944416*MOVE 5,,,,,,,,
1502209713 5D358CDAED0D230-48-49.433334350.626062214*MOVE 5,,,,,,,,
1502209773 DAD655CD510A228-52-52.107139590.314970791*MOVE 5,,,,,,,,
1502209773 9A34ECDEA99E229-62-63.482757570.82897079*MOVE 5,,,,,,,,
1502209773 94DC6692F976329-60-62.344825741.232762456*MOVE 5,,,,,,,,
1502209773 5D358CDAED0D229-45-49.275856020.996300042*MOVE 5,,,,,,,,
1502209833 DAD655CD510A230-51-52.300003050.534982741*MOVE 5,,,,,,,,
1502209833 9A34ECDEA99E228-61-63.214282991.166098595*MOVE 5,,,,,,,,
1502209833 94DC6692F976329-60-61.344829561.044573307*MOVE 5,,,,,,,,
1502209833 5D358CDAED0D230-49-49.333328250.844183803*MOVE 5,,,,,,,,
1502209893 DAD655CD510A229-52-53.931034090.883623064*MOVE 5,,,,,,,,
1502209893 9A34ECDEA99E228-61-62.607139591.030615687*MOVE 5,,,,,,,,
1502209893 94DC6692F976326-60-62.615383152.316496134*MOVE 5,,,,,,,,
1502209893 5D358CDAED0D230-49-50.599998470.968468428*MOVE 5,,,,,,,,
1502209953 DAD655CD510A230-53-54.433330540.626061738*MOVE 5,,,,,,,,
1502209953 9A34ECDEA99E229-61-63.172416691.071347356*MOVE 5,,,,,,,,
1502209953 94DC6692F976328-61-63.964282991.773930192*MOVE 5,,,,,,,,
1502209953 5D358CDAED0D230-48-49.433330540.678910851*MOVE 5,,,,,,,,
1502210013 DAD655CD510A229-52-53.482757570.633622766*MOVE 5,,,,,,,,
1502210013 9A34ECDEA99E229-64-65.06896210.883621573*MOVE 5,,,,,,,,
1502210013 94DC6692F976329-60-62.896549221.397570968*MOVE 5,,,,,,,,
1502210013 5D358CDAED0D230-49-49.900001530.480661035*MOVE 5,,,,,,,,
1502210073 DAD655CD510A228-52-53.321434020.66963613*MOVE 5,,,,,,,,
1502210073 9A34ECDEA99E229-63-65.275848391.065580845*MOVE 5,,,,,,,,
1502210073 94DC6692F976329-62-64.689659121.53770268*MOVE 5,,,,,,,,
1502210073 5D358CDAED0D230-47-49.533332821.008014083*MOVE 5,,,,,,,,
1502210133 DAD655CD510A228-52-54.071426391.488936901*MOVE 5,,,,,,,,
1502210133 9A34ECDEA99E230-64-65.599990840.855004787*MOVE 5,,,,,,,,
1502210133 94DC6692F976329-60-62.551723481.152208686*MOVE 5,,,,,,,,
1502210133 5D358CDAED0D230-46-48.999996190.694808841*MOVE 5,,,,,,,,
1502210193 DAD655CD510A229-53-54.793102261.081641912*MOVE 6,,,,,,,,
1502210193 9A34ECDEA99E229-63-64.241386411.023133636*MOVE 6,,,,,,,,
1502210193 459F7A08D5D7228-63-64.96428681.502642632Node ChangedMOVE 6,,,,,,,,
1502210193 94DC6692F976328-62-63.535717011.875419021Node ChangedMOVE 6,,,,,,,,
1502210253 DAD655CD510A229-52-53.965518951.085052848*MOVE 6,,,,,,,,
1502210253 9A34ECDEA99E227-61-63.111110690.800640702*MOVE 6,,,,,,,,
1502210253 459F7A08D5D7230-63-65.733322141.112104416*MOVE 6,,,,,,,,
1502210253 94DC6692F976323-64-694.12310648*MOVE 6,,,,,,,,
1502210313 DAD655CD510A230-54-54.733333590.520830572*MOVE 6,,,,,,,,
1502210313 9A34ECDEA99E230-62-63.166667940.530669212*MOVE 6,,,,,,,,
1502210313 459F7A08D5D7229-63-63.586212160.627764881*MOVE 6,,,,,,,,
1502210313 94DC6692F976330-63-66.46667481.502489686*MOVE 6,,,,,,,,
1502210373 DAD655CD510A230-54-54.666667940.711157739*MOVE 6,,,,,,,,
1502210373 9A34ECDEA99E227-63-63.666671750.679365873*MOVE 6,,,,,,,,
1502210373 459F7A08D5D7229-63-64.413795470.945561171*MOVE 6,,,,,,,,
1502210373 94DC6692F976329-65-67.551719671.525642514*MOVE 6,,,,,,,,
1502210433 DAD655CD510A230-52-53.733333590.691491902*MOVE 6,,,,,,,,
1502210433 9A34ECDEA99E229-63-64.58619691.052790165*MOVE 6,,,,,,,,
1502210433 459F7A08D5D7229-63-64.551727290.827483892*MOVE 6,,,,,,,,
1502210433 94DC6692F976322-64-692.77745986*MOVE 6,,,,,,,,
1502210493 DAD655CD510A229-53-53.448276520.572351098*MOVE 6,,,,,,,,
1502210493 9A34ECDEA99E227-63-65.259262080.984205425*MOVE 6,,,,,,,,
1502210493 459F7A08D5D7229-63-64.206893920.977580845*MOVE 6,,,,,,,,
1502210493 94DC6692F976329-65-67.96553042.061251879*MOVE 6,,,,,,,,
1502210553 DAD655CD510A230-52-53.399997710.674666405*MOVE 6,,,,,,,,
1502210553 9A34ECDEA99E229-63-64.172424320.658403993*MOVE 6,,,,,,,,
1502210553 459F7A08D5D7230-63-64.366661070.927856266*MOVE 6,,,,,,,,
1502210553 94DC6692F976327-63-67.666671752.731580257*MOVE 6,,,,,,,,
1502210613 DAD655CD510A229-53-53.103446960.309935093*MOVE 6,,,,,,,,
1502210613 9A34ECDEA99E229-63-64.689651490.712311685*MOVE 6,,,,,,,,
1502210613 459F7A08D5D7227-63-64.518516540.75296247*MOVE 6,,,,,,,,
1502210613 94DC6692F976321-69-73.666664122.575526714*MOVE 6,,,,,,,,
1502210673 DAD655CD510A228-52-52.678577420.475594431*MOVE 6,,,,,,,,
1502210673 9A34ECDEA99E227-63-65.259254461.195908308*MOVE 6,,,,,,,,
1502210673 459F7A08D5D7229-64-64.862068180.693035603*MOVE 6,,,,,,,,
1502210673 94DC6692F976325-68-73.319992073.023797274*MOVE 6,,,,,,,,
1502210733 DAD655CD510A230-52-53.099998470.480660349*MOVE 6,,,,,,,,
1502210733 9A34ECDEA99E227-63-64.518501280.802417576*MOVE 6,,,,,,,,
1502210733 459F7A08D5D7228-63-64.714279170.937182009*MOVE 6,,,,,,,,
1502210733 5D358CDAED0D230-49-49.566669460.504007399Node ChangedMOVE 6,,,,,,,,
1502210793 DAD655CD510A230-52-52.73333740.449776769*MOVE 6,,,,,,,,
1502210793 9A34ECDEA99E228-64-64.857147220.755928576*MOVE 6,,,,,,,,
1502210793 459F7A08D5D7229-63-63.896545411.046929479*MOVE 6,,,,,,,,
1502210793 94DC6692F976329-64-68.172416691.712748051Node ChangedMOVE 6,,,,,,,,
1502210853 DAD655CD510A230-51-52.566665650.935261965*MOVE 7,,,,,,,,
1502210853 9A34ECDEA99E227-63-66.037033082.065868378*MOVE 7,,,,,,,,
1502210853 459F7A08D5D7228-63-65.178573611.188011289*MOVE 7,,,,,,,,
1502210853 94DC6692F976330-35-48.733325968.602058411*MOVE 7,,,,,,,,
1502210913 DAD655CD510A230-53-53.066661830.253708035*MOVE 7,,,,,,,,
1502210913 9A34ECDEA99E228-66-66.749992370.799305975*MOVE 7,,,,,,,,
1502210913 459F7A08D5D7228-64-65.642852780.869834781*MOVE 7,,,,,,,,
1502210913 94DC6692F976330-44-46.333332060.711158574*MOVE 7,,,,,,,,
1502210973 DAD655CD510A227-53-53.111110690.320256054*MOVE 7,,,,,,,,
1502210973 9A34ECDEA99E229-66-66.999992370.925821126*MOVE 7,,,,,,,,
1502210973 459F7A08D5D7229-65-65.551719670.572350502*MOVE 7,,,,,,,,
1502210973 94DC6692F976330-45-46.866672521.736687064*MOVE 7,,,,,,,,
1502211033 DAD655CD510A230-46-52.51.456258774*MOVE 7,,,,,,,,
1502211033 459F7A08D5D7228-63-64.928581241.46384716Node ChangedMOVE 7,,,,,,,,
1502211033 9A34ECDEA99E228-64-67.035720831.794685841Node ChangedMOVE 7,,,,,,,,
1502211033 94DC6692F976330-40-44.666675571.787569523*MOVE 7,,,,,,,,
1502211093 DAD655CD510A230-52-53.033336640.41384086*MOVE 7,,,,,,,,
1502211093 459F7A08D5D7229-62-65.379318241.399327636*MOVE 7,,,,,,,,
1502211093 9A34ECDEA99E229-66-68.379295351.699027181*MOVE 7,,,,,,,,
1502211093 94DC6692F976329-41-45.827590941.226754189*MOVE 7,,,,,,,,
1502211153 DAD655CD510A230-52-53.099998470.547722578*MOVE 7,,,,,,,,
1502211153 459F7A08D5D7229-63-65.793098451.048104525*MOVE 7,,,,,,,,
1502211153 9A34ECDEA99E230-65-66.800003050.714383602*MOVE 7,,,,,,,,
1502211153 94DC6692F976329-43-45.103443150.976318955*MOVE 7,,,,,,,,
1502211213 DAD655CD510A228-52-53.39285660.875142097*MOVE 7,,,,,,,,
1502211213 459F7A08D5D7228-65-65.964279170.792659283*MOVE 7,,,,,,,,
1502211213 9A34ECDEA99E229-64-66.344825741.26140058*MOVE 7,,,,,,,,
1502211213 94DC6692F976330-44-45.866664891.479361176*MOVE 7,,,,,,,,
1502211273 DAD655CD510A230-52-53.333335880.546672225*MOVE 7,,,,,,,,
1502211273 459F7A08D5D7227-63-64.88888550.847317517*MOVE 7,,,,,,,,
1502211273 9A34ECDEA99E228-63-64.28571321.083791614*MOVE 7,,,,,,,,
1502211273 94DC6692F976330-44-46.433330541.97716856*MOVE 7,,,,,,,,
1502211333 DAD655CD510A230-52-53.299999240.595963717*MOVE 7,,,,,,,,
1502211333 459F7A08D5D7228-63-64.750007630.967047215*MOVE 7,,,,,,,,
1502211333 9A34ECDEA99E230-64-65.10000610.8448627*MOVE 7,,,,,,,,
1502211333 94DC6692F976330-46-48.733333591.617433786*MOVE 7,,,,,,,,
1502211393 DAD655CD510A228-53-54.321422580.722833335*MOVE 8,,,,,,,,
1502211393 459F7A08D5D7227-65-67.333328251.732049108*MOVE 8,,,,,,,,
1502211393 9A34ECDEA99E229-59-63.275867462.297460318*MOVE 8,,,,,,,,
1502211393 94DC6692F976329-43-44.586208341.350059748*MOVE 8,,,,,,,,
1502211453 459F7A08D5D7229-66-68.620704651.719922781Node ChangedMOVE 8,,,,,,,,
1502211453 9A34ECDEA99E228-61-62.53571320.792658567Node ChangedMOVE 8,,,,,,,,
1502211453 94DC6692F976329-44-47.310340882.829734802Node ChangedMOVE 8,,,,,,,,
1502211453 5D358CDAED0D230-47-50.500003811.042211294Node ChangedMOVE 8,,,,,,,,
1502211513 459F7A08D5D7228-67-68.928565981.331344843*MOVE 8,,,,,,,,
1502211513 9A34ECDEA99E230-60-62.000003810.870989323*MOVE 8,,,,,,,,
1502211513 94DC6692F976330-42-46.066665653.061814547*MOVE 8,,,,,,,,
1502211513 5D358CDAED0D230-49-50.666671750.884087443*MOVE 8,,,,,,,,
1502211573 459F7A08D5D7228-66-67.607131960.956046939*MOVE 8,,,,,,,,
1502211573 9A34ECDEA99E230-60-61.500003810.629724622*MOVE 8,,,,,,,,
1502211573 94DC6692F976330-41-42.833332061.39168334*MOVE 8,,,,,,,,
1502211573 5D358CDAED0D230-50-50.566673280.504007578*MOVE 8,,,,,,,,
1502211633 459F7A08D5D7231-63-66.387100221.054430723*MOVE 8,,,,,,,,
1502211633 9A34ECDEA99E229-60-61.517238620.784707665*MOVE 8,,,,,,,,
1502211633 94DC6692F976331-44-46.483871461.387346387*MOVE 8,,,,,,,,
1502211633 5D358CDAED0D230-50-51.033332820.614948094*MOVE 8,,,,,,,,
1502211693 2D1032CDC2EC329-49-49.827583310.710581243Node ChangedMOVE 8,,,,,,,,
1502211693 DAD655CD510A229-52-54.034481050.865313232Node ChangedMOVE 8,,,,,,,,
1502211693 5D358CDAED0D230-50-51.166667940.592093349Node ChangedMOVE 8,,,,,,,,
1502211693 459F7A08D5D7228-65-66.46428680.792657793Node ChangedMOVE 8,,,,,,,,
1502211753 F9632B2DFC58221-73-78.476188663.295739412Node ChangedMOVE 8,,,,,,,,
1502211753 2D1032CDC2EC330-39-45.566669464.882648468Node ChangedMOVE 8,,,,,,,,
1502211753 DAD655CD510A230-54-55.066669460.639683127Node ChangedMOVE 8,,,,,,,,
1502211753 5D358CDAED0D230-48-50.466663361.136641026Node ChangedMOVE 8,,,,,,,,
1502211813 2D1032CDC2EC330-39-42.166671751.053183556Node ChangedMOVE 8,,,,,,,,
1502211813 DAD655CD510A230-54-55.099998470.607424796Node ChangedMOVE 8,,,,,,,,
1502211813 5D358CDAED0D230-50-51.36666870.718395531Node ChangedMOVE 8,,,,,,,,
1502211813 459F7A08D5D7229-64-66.172416691.649003744Node ChangedMOVE 8,,,,,,,,
1502211873 F9632B2DFC58226-75-78.999984742.019902945Node ChangedMOVE 8,,,,,,,,
1502211873 2D1032CDC2EC330-39-41.73333741.412587523Node ChangedMOVE 8,,,,,,,,
1502211873 DAD655CD510A230-54-55.433330540.817200243Node ChangedMOVE 8,,,,,,,,
1502211873 5D358CDAED0D230-49-50.766670230.935261011Node ChangedMOVE 8,,,,,,,,
1502211933 F9632B2DFC58219-76-80.210533142.462587357*MOVE 8,,,,,,,,
1502211933 2D1032CDC2EC330-40-44.366672521.711691737*MOVE 8,,,,,,,,
1502211933 DAD655CD510A229-54-55.586208340.779982746*MOVE 8,,,,,,,,
1502211933 5D358CDAED0D229-48-50.206905360.818505704*MOVE 8,,,,,,,,
1502211993 2D1032CDC2EC330-38-42.233341221.755451322Node ChangedMOVE 8,,,,,,,,
1502211993 DAD655CD510A229-53-54.482757570.949459612Node ChangedMOVE 8,,,,,,,,
1502211993 5D358CDAED0D230-48-49.333335880.802296281Node ChangedMOVE 8,,,,,,,,
1502211993 459F7A08D5D7228-65-66.428581240.920086563Node ChangedMOVE 8,,,,,,,,
1502212053 2D1032CDC2EC330-42-42.766666410.678910851*MOVE 8,,,,,,,,
1502212053 DAD655CD510A229-52-53.172412870.539109349*MOVE 8,,,,,,,,
1502212053 5D358CDAED0D230-49-49.166664120.379049361*MOVE 8,,,,,,,,
1502212053 459F7A08D5D7230-65-66.099998470.922888696*MOVE 8,,,,,,,,
1502212113 2D1032CDC2EC330-39-42.366664891.449931026*MOVE 8,,,,,,,,
1502212113 5D358CDAED0D228-49-50.250007631.174574018Node ChangedMOVE 8,,,,,,,,
1502212113 459F7A08D5D7226-63-66.538459781.420725584Node ChangedMOVE 8,,,,,,,,
1502212113 DAD655CD510A228-51-53.857135770.970465422Node ChangedMOVE 8,,,,,,,,
1502212173 2D1032CDC2EC330-42-46.599994662.027397156*MOVE 8,,,,,,,,
1502212173 5D358CDAED0D230-49-49.833328250.698932767*MOVE 8,,,,,,,,
1502212173 459F7A08D5D7229-66-67.172416691.037474275*MOVE 8,,,,,,,,
1502212173 DAD655CD510A229-53-53.758625030.635565698*MOVE 8,,,,,,,,
1502212233 2D1032CDC2EC330-42-43.966659551.1591717*MOVE 8,,,,,,,,
1502212233 5D358CDAED0D230-49-50.099998470.54772222*MOVE 8,,,,,,,,
1502212233 459F7A08D5D7230-64-66.266654971.552152634*MOVE 8,,,,,,,,
1502212233 DAD655CD510A230-41-54.566669462.686920166*MOVE 8,,,,,,,,
1502212293 2D1032CDC2EC329-41-44.793102262.425743818*MOVE 8,,,,,,,,
1502212293 5D358CDAED0D229-49-49.586204530.56803143*MOVE 8,,,,,,,,
1502212293 459F7A08D5D7228-65-66.250.927961648*MOVE 8,,,,,,,,
1502212293 DAD655CD510A227-52-54.074073791.034999251*MOVE 8,,,,,,,,
1502212353 F9632B2DFC5829-78-79.777778632.438122988Node ChangedMOVE 8,,,,,,,,
1502212353 2D1032CDC2EC330-41-42.73333740.907186866Node ChangedMOVE 8,,,,,,,,
1502212353 5D358CDAED0D230-49-50.433322910.678915858Node ChangedMOVE 8,,,,,,,,
1502212353 459F7A08D5D7228-66-67.428573611.259878874Node ChangedMOVE 8,,,,,,,,
1502212353 F9632B2DFC5829-78-79.777778632.438122988*MOVE 8,,,,,,,,
1502212353 2D1032CDC2EC330-41-42.73333740.907186866*MOVE 8,,,,,,,,
1502212353 5D358CDAED0D230-49-50.433322910.678915858*MOVE 8,,,,,,,,
1502212353 459F7A08D5D7228-66-67.428573611.259878874*MOVE 8,,,,,,,,
1502212413 F9632B2DFC58219-74-78.368423462.586511135*MOVE 8,,,,,,,,
1502212413 5D358CDAED0D230-49-50.833332060.698932052Node ChangedMOVE 8,,,,,,,,
1502212413 459F7A08D5D7228-66-67.321426390.904866815Node ChangedMOVE 8,,,,,,,,
1502212413 9A34ECDEA99E230-60-610.946866274Node ChangedMOVE 8,,,,,,,,
1502212473 5D358CDAED0D230-52-52.333332060.479462951Node ChangedMOVE 8,,,,,,,,
1502212473 459F7A08D5D7229-66-66.689659120.470823944Node ChangedMOVE 8,,,,,,,,
1502212473 DAD655CD510A229-54-54.517238620.50854665Node ChangedMOVE 8,,,,,,,,
1502212473 9A34ECDEA99E229-60-60.586204530.682288229*MOVE 8,,,,,,,,
1502212533 F9632B2DFC58215-76-79.200012211.424275398Node ChangedMOVE 8,,,,,,,,
1502212533 5D358CDAED0D230-51-52.433330540.67891115Node ChangedMOVE 8,,,,,,,,
1502212533 459F7A08D5D7228-65-66.678558351.389202952Node ChangedMOVE 8,,,,,,,,
1502212533 DAD655CD510A230-53-53.73333740.583292067Node ChangedMOVE 8,,,,,,,,
1502212593 5D358CDAED0D230-51-52.300003050.534983337Node ChangedMOVE 8,,,,,,,,
1502212593 459F7A08D5D7228-65-66.21428680.738222897Node ChangedMOVE 8,,,,,,,,
1502212593 DAD655CD510A230-53-53.599998470.674666822Node ChangedMOVE 8,,,,,,,,
1502212593 9A34ECDEA99E230-59-59.86666870.628809631Node ChangedMOVE 8,,,,,,,,
1502212593 5D358CDAED0D230-51-52.300003050.534983337*MOVE 8,,,,,,,,
1502212593 459F7A08D5D7228-65-66.21428680.738222897*MOVE 8,,,,,,,,
1502212593 DAD655CD510A230-53-53.599998470.674666822*MOVE 8,,,,,,,,
1502212593 9A34ECDEA99E230-59-59.86666870.628809631*MOVE 8,,,,,,,,
1502212653 5D358CDAED0D228-51-51.60714340.628889561*MOVE 8,,,,,,,,
1502212653 459F7A08D5D7230-64-66.333328251.061335802*MOVE 8,,,,,,,,
1502212653 DAD655CD510A228-53-54.51.036374092*MOVE 8,,,,,,,,
1502212653 9A34ECDEA99E230-59-60.733329771.257619262*MOVE 8,,,,,,,,
1502212713 F9632B2DFC58229-71-75.310340882.536921978Node ChangedMOVE 8,,,,,,,,
1502212713 5D358CDAED0D230-51-51.86666870.628810406Node ChangedMOVE 8,,,,,,,,
1502212713 459F7A08D5D7230-65-66.166679380.698931932Node ChangedMOVE 8,,,,,,,,
1502212713 DAD655CD510A229-54-55.103446960.409251869Node ChangedMOVE 8,,,,,,,,
1502212773 F9632B2DFC58227-70-75.185180662.20204401*MOVE 8,,,,,,,,
1502212773 5D358CDAED0D230-49-51.600002291.220513701*MOVE 8,,,,,,,,
1502212773 459F7A08D5D7229-66-66.655166631.173392534*MOVE 8,,,,,,,,
1502212773 DAD655CD510A230-53-55.499992371.137146831*MOVE 8,,,,,,,,
1502212833 F9632B2DFC58227-70-75.592605594.106835842*MOVE 8,,,,,,,,
1502212833 5D358CDAED0D229-51-52.103450781.447776437*MOVE 8,,,,,,,,
1502212833 459F7A08D5D7227-65-66.888877871.846686363*MOVE 8,,,,,,,,
1502212833 DAD655CD510A230-55-55.899997710.803011239*MOVE 8,,,,,,,,
1502212833 F9632B2DFC58227-70-75.592605594.106835842*MOVE 8,,,,,,,,
1502212833 5D358CDAED0D229-51-52.103450781.447776437*MOVE 8,,,,,,,,
1502212833 459F7A08D5D7227-65-66.888877871.846686363*MOVE 8,,,,,,,,
1502212833 DAD655CD510A230-55-55.899997710.803011239*MOVE 8,,,,,,,,
1502212893 F9632B2DFC58226-69-72.692314151.715091467*MOVE 8,,,,,,,,
1502212893 5D358CDAED0D230-50-50.933338170.520829678*MOVE 8,,,,,,,,
1502212893 459F7A08D5D7230-66-670.830456018*MOVE 8,,,,,,,,
1502212893 DAD655CD510A228-55-56.642860411.026114941*MOVE 8,,,,,,,,
1502212953 F9632B2DFC58229-71-72.965515141.426354885*MOVE 8,,,,,,,,
1502212953 5D358CDAED0D229-49-50.75861740.87240237*MOVE 8,,,,,,,,
1502212953 459F7A08D5D7228-66-67.071426391.015749454*MOVE 8,,,,,,,,
1502212953 DAD655CD510A230-55-56.500003811.042210698*MOVE 8,,,,,,,,
1502213013 F9632B2DFC58228-72-74.571426391.642686367*MOVE 8,,,,,,,,
1502213013 5D358CDAED0D229-51-51.827587130.384426236*MOVE 8,,,,,,,,
1502213013 459F7A08D5D7228-65-67.071418761.864458084*MOVE 8,,,,,,,,
1502213013 DAD655CD510A230-57-57.86666870.628809512*MOVE 8,,,,,,,,
1502213073 F9632B2DFC58229-71-74.793098452.006757021*MOVE 8,,,,,,,,
1502213073 5D358CDAED0D230-50-51.466667180.681444883*MOVE 8,,,,,,,,
1502213073 DAD655CD510A230-54-55.833339691.743625641Node ChangedMOVE 8,,,,,,,,
1502213073 9A34ECDEA99E229-61-62.999992371.133893847Node ChangedMOVE 8,,,,,,,,
1502213133 F9632B2DFC58225-73-75.799995421.68325007*MOVE 8,,,,,,,,
1502213133 5D358CDAED0D230-49-50.566665650.773854196*MOVE 8,,,,,,,,
1502213133 459F7A08D5D7230-67-67.800003050.714384019Node ChangedMOVE 8,,,,,,,,
1502213133 DAD655CD510A229-54-55.517242430.633622587Node ChangedMOVE 8,,,,,,,,
1502213193 F9632B2DFC58224-76-78.833343511.464557171*MOVE 8,,,,,,,,
1502213193 5D358CDAED0D230-50-50.766670230.626061738*MOVE 8,,,,,,,,
1502213193 459F7A08D5D7230-66-67.666664120.994233608*MOVE 8,,,,,,,,
1502213193 DAD655CD510A230-55-55.666667940.546672761*MOVE 8,,,,,,,,
1502213253 F9632B2DFC58226-73-79.23076632.518852472*MOVE 8,,,,,,,,
1502213253 5D358CDAED0D229-51-51.689651490.470822752*MOVE 8,,,,,,,,
1502213253 DAD655CD510A230-55-56.200004580.961319745Node ChangedMOVE 8,,,,,,,,
1502213253 9A34ECDEA99E229-60-61.06896210.798705339Node ChangedMOVE 8,,,,,,,,
1502213313 F9632B2DFC58224-72-74.916664121.767256975*MOVE 8,,,,,,,,
1502213313 5D358CDAED0D229-51-51.206897740.412251383*MOVE 8,,,,,,,,
1502213313 459F7A08D5D7230-66-67.26666260.739679754Node ChangedMOVE 8,,,,,,,,
1502213313 DAD655CD510A229-55-56.482761380.633622587Node ChangedMOVE 8,,,,,,,,
1502213313 F9632B2DFC58224-72-74.916664121.767256975*MOVE 8,,,,,,,,
1502213313 5D358CDAED0D229-51-51.206897740.412251383*MOVE 8,,,,,,,,
1502213313 459F7A08D5D7230-66-67.26666260.739679754*MOVE 8,,,,,,,,
1502213313 DAD655CD510A229-55-56.482761380.633622587*MOVE 8,,,,,,,,
1502213373 F9632B2DFC58229-71-74.103446961.345490336*MOVE 8,,,,,,,,
1502213373 5D358CDAED0D228-50-50.749996190.844371915*MOVE 8,,,,,,,,
1502213373 459F7A08D5D7230-63-67.066665652.585547686*MOVE 8,,,,,,,,
1502213373 DAD655CD510A230-55-55.833335880.746640086*MOVE 8,,,,,,,,
1502213433 5D358CDAED0D230-50-50.900001530.547722578Node ChangedMOVE 8,,,,,,,,
1502213433 459F7A08D5D7229-65-66.448287960.909720838Node ChangedMOVE 8,,,,,,,,
1502213433 DAD655CD510A230-55-57.599998471.328727603Node ChangedMOVE 8,,,,,,,,
1502213433 9A34ECDEA99E229-60-61.137935641.059787154Node ChangedMOVE 8,,,,,,,,
1502213493 5D358CDAED0D230-50-50.76666260.504008114*MOVE 8,,,,,,,,
1502213493 459F7A08D5D7229-65-67.241378781.154345155*MOVE 8,,,,,,,,
1502213493 DAD655CD510A226-55-57.653846741.01753974*MOVE 8,,,,,,,,
1502213493 9A34ECDEA99E230-59-61.066673281.11210835*MOVE 8,,,,,,,,
1502213553 F9632B2DFC58228-69-70.750007631.205694795Node ChangedMOVE 8,,,,,,,,
1502213553 5D358CDAED0D230-49-50.700004580.534982443Node ChangedMOVE 8,,,,,,,,
1502213553 DAD655CD510A230-55-57.166664121.116748571*MOVE 8,,,,,,,,
1502213553 9A34ECDEA99E229-61-62.344833370.720903933*MOVE 8,,,,,,,,
1502213613 F9632B2DFC58228-70-71.142868041.04400754*MOVE 8,,,,,,,,
1502213613 5D358CDAED0D230-50-50.466663360.571344852*MOVE 8,,,,,,,,
1502213613 DAD655CD510A230-55-56.333332060.546671629*MOVE 8,,,,,,,,
1502213613 9A34ECDEA99E230-61-62.566661830.62606144*MOVE 8,,,,,,,,
1502213673 F9632B2DFC58229-69-76.241378784.239737988*MOVE 8,,,,,,,,
1502213673 5D358CDAED0D229-49-49.551727290.506120563*MOVE 8,,,,,,,,
1502213673 DAD655CD510A227-55-56.518512730.935223043*MOVE 8,,,,,,,,
1502213673 9A34ECDEA99E229-58-61.310340880.890562892*MOVE 8,,,,,,,,
1502213733 F9632B2DFC58227-76-79.370368961.863580108*MOVE 8,,,,,,,,
1502213733 5D358CDAED0D230-49-49.400005340.563240409*MOVE 8,,,,,,,,
1502213733 DAD655CD510A227-55-56.037040710.854016066*MOVE 8,,,,,,,,
1502213733 94DC6692F976330-40-41.666675570.711161911Node ChangedMOVE 8,,,,,,,,
1502213793 5D358CDAED0D230-47-49.599998470.674664676Node ChangedMOVE 8,,,,,,,,
1502213793 DAD655CD510A230-54-56.100002290.661764145Node ChangedMOVE 8,,,,,,,,
1502213793 94DC6692F976330-41-41.699996950.466090262Node ChangedMOVE 8,,,,,,,,
1502213793 459F7A08D5D7228-66-66.96428680.744467676Node ChangedMOVE 8,,,,,,,,
1502213853 F9632B2DFC58228-69-70.142860411.145500064Node ChangedMOVE 8,,,,,,,,
1502213853 5D358CDAED0D229-49-50.344829560.669534385Node ChangedMOVE 8,,,,,,,,
1502213853 94DC6692F976329-42-43.06896210.650879979*MOVE 8,,,,,,,,
1502213853 459F7A08D5D7228-66-67.035720830.838082075*MOVE 8,,,,,,,,
1502213913 F9632B2DFC58227-70-72.2222292.621408463*MOVE 8,,,,,,,,
1502213913 5D358CDAED0D230-49-49.86666870.345745504*MOVE 8,,,,,,,,
1502213913 DAD655CD510A228-55-55.14285660.356348664Node ChangedMOVE 8,,,,,,,,
1502213913 94DC6692F976330-42-43.100002290.480660319Node ChangedMOVE 8,,,,,,,,
1502213973 F9632B2DFC58225-74-77.000007631.870830774*MOVE 8,,,,,,,,
1502213973 5D358CDAED0D230-48-49.033332820.668674886*MOVE 8,,,,,,,,
1502213973 DAD655CD510A230-54-55.099998470.547723174*MOVE 8,,,,,,,,
1502213973 94DC6692F976330-40-45.066665652.016028166*MOVE 8,,,,,,,,
1502214033 F9632B2DFC58228-76-78.53571321.574851155*MOVE 8,,,,,,,,
1502214033 DAD655CD510A230-56-56.399997710.498274267Node ChangedMOVE 8,,,,,,,,
1502214033 5D358CDAED0D230-50-50.300006870.466090649Node ChangedMOVE 8,,,,,,,,
1502214033 94DC6692F976330-39-400.371390462*MOVE 8,,,,,,,,
1502214093 F9632B2DFC58229-72-76.896560671.588909149*MOVE 8,,,,,,,,
1502214093 DAD655CD510A228-56-56.678569790.475594521*MOVE 8,,,,,,,,
1502214093 5D358CDAED0D230-49-50.300003050.534983158*MOVE 8,,,,,,,,
1502214093 94DC6692F976330-39-39.933338170.253707796*MOVE 8,,,,,,,,
1502214153 DAD655CD510A230-56-56.966663360.490132242Node ChangedMOVE 8,,,,,,,,
1502214153 5D358CDAED0D229-50-50.206897740.412251592Node ChangedMOVE 8,,,,,,,,
1502214153 94DC6692F976330-38-40.599998470.723974168Node ChangedMOVE 8,,,,,,,,
1502214153 459F7A08D5D7230-67-69.066673280.980265439Node ChangedMOVE 8,,,,,,,,
1502214213 F9632B2DFC58226-72-76.23076631.531211257Node ChangedMOVE 8,,,,,,,,
1502214213 DAD655CD510A230-55-56.26666260.639681935Node ChangedMOVE 8,,,,,,,,
1502214213 5D358CDAED0D229-49-50.068965910.371390551Node ChangedMOVE 8,,,,,,,,
1502214213 94DC6692F976330-39-40.133338930.681444764Node ChangedMOVE 8,,,,,,,,
1502214273 F9632B2DFC58229-73-75.310340881.198317528*MOVE 8,,,,,,,,
1502214273 DAD655CD510A228-55-55.285717010.460043132*MOVE 8,,,,,,,,
1502214273 5D358CDAED0D230-50-50.066661830.253707826*MOVE 8,,,,,,,,
1502214273 94DC6692F976330-39-40.23333740.626063347*MOVE 8,,,,,,,,
1502214333 DAD655CD510A228-55-550Node ChangedMOVE 8,,,,,,,,
1502214333 5D358CDAED0D230-49-50.099998470.402578205Node ChangedMOVE 8,,,,,,,,
1502214333 94DC6692F976330-39-39.933338170.449776441Node ChangedMOVE 8,,,,,,,,
1502214333 459F7A08D5D7228-68-69.607147220.737325191Node ChangedMOVE 8,,,,,,,,
1502214393 F9632B2DFC58222-73-75.090911872.223448277Node ChangedMOVE 8,,,,,,,,
1502214393 DAD655CD510A230-55-55.066661830.253708035Node ChangedMOVE 8,,,,,,,,
1502214393 5D358CDAED0D230-50-50.76666260.430183411Node ChangedMOVE 8,,,,,,,,
1502214393 94DC6692F976330-39-39.766670230.430182844Node ChangedMOVE 8,,,,,,,,
1502214573 F9632B2DFC58224-70-76.708320624.685590267*MOVE 8,,,,,,,,
1502214573 5D358CDAED0D230-48-50.033340450.556054354Node ChangedMOVE 8,,,,,,,,
1502214573 94DC6692F976330-40-41.966667181.496739626Node ChangedMOVE 8,,,,,,,,
1502214573 459F7A08D5D7230-65-67.299995421.556962132Node ChangedMOVE 8,,,,,,,,
1502214633 DAD655CD510A229-54-56.413799290.824502766Node ChangedMOVE 8,,,,,,,,
1502214633 5D358CDAED0D230-48-49.933338170.449776471*MOVE 8,,,,,,,,
1502214633 94DC6692F976330-40-42.233333590.817200243*MOVE 8,,,,,,,,
1502214633 459F7A08D5D7229-65-68.103454592.756095886*MOVE 8,,,,,,,,
1502214693 F9632B2DFC58226-73-78.461540222.249102354Node ChangedMOVE 8,,,,,,,,
1502214693 DAD655CD510A228-56-56.60714340.628890097Node ChangedMOVE 8,,,,,,,,
1502214693 5D358CDAED0D228-50-50.53571320.507873952Node ChangedMOVE 8,,,,,,,,
1502214693 94DC6692F976330-40-40.566669460.504006028Node ChangedMOVE 8,,,,,,,,
1502214753 DAD655CD510A229-56-57.241374971.090713978Node ChangedMOVE 8,,,,,,,,
1502214753 5D358CDAED0D230-49-50.200000760.484234542Node ChangedMOVE 8,,,,,,,,
1502214753 94DC6692F976330-39-41.299995421.290551305Node ChangedMOVE 8,,,,,,,,
1502214753 459F7A08D5D7227-66-70.185203553.863401175Node ChangedMOVE 8,,,,,,,,
1502214813 F9632B2DFC58226-72-74.846153261.736487031Node ChangedMOVE 8,,,,,,,,
1502214813 DAD655CD510A228-55-560.720082819Node ChangedMOVE 8,,,,,,,,
1502214813 5D358CDAED0D229-50-50.137931820.350931436Node ChangedMOVE 8,,,,,,,,
1502214813 94DC6692F976330-42-42.299995420.466091305Node ChangedMOVE 8,,,,,,,,
1502214873 F9632B2DFC58223-69-75.565223693.272840261*MOVE 8,,,,,,,,
1502214873 DAD655CD510A229-55-56.344825740.552646697*MOVE 8,,,,,,,,
1502214873 5D358CDAED0D228-50-50.678577420.904864311*MOVE 8,,,,,,,,
1502214873 94DC6692F976330-37-42.099998471.15519774*MOVE 8,,,,,,,,
1502214933 F9632B2DFC58229-70-72.206893921.878056884*MOVE 8,,,,,,,,
1502214933 DAD655CD510A229-56-56.344825740.483724207*MOVE 8,,,,,,,,
1502214933 5D358CDAED0D229-51-51.620689390.493805438*MOVE 8,,,,,,,,
1502214933 94DC6692F976330-42-42.900001530.305128485*MOVE 8,,,,,,,,
1502214993 F9632B2DFC58229-70-73.034492491.349148035*MOVE 8,,,,,,,,
1502214993 DAD655CD510A230-54-55.39999390.62145412*MOVE 8,,,,,,,,
1502214993 5D358CDAED0D230-51-52.033332820.490132213*MOVE 8,,,,,,,,
1502214993 94DC6692F976330-42-43.133335110.68144536*MOVE 8,,,,,,,,
1502215053 F9632B2DFC58229-68-70.551727291.594322205*MOVE 8,,,,,,,,
1502215053 DAD655CD510A229-54-55.206897740.726012409*MOVE 8,,,,,,,,
1502215053 5D358CDAED0D229-49-51.275859830.648985267*MOVE 8,,,,,,,,
1502215053 94DC6692F976329-41-43.206893920.861034334*MOVE 8,,,,,,,,
1502215113 F9632B2DFC58230-69-71.63333131.496736407*MOVE 8,,,,,,,,
1502215113 DAD655CD510A229-55-55.586212160.68228811*MOVE 8,,,,,,,,
1502215113 5D358CDAED0D230-48-50.133338930.819307864*MOVE 8,,,,,,,,
1502215113 94DC6692F976329-42-43.482761381.021927118*MOVE 8,,,,,,,,
1502215173 F9632B2DFC58224-71-74.416671752.586195469*MOVE 8,,,,,,,,
1502215173 DAD655CD510A229-54-55.827583311.037474513*MOVE 8,,,,,,,,
1502215173 5D358CDAED0D230-48-49.26666260.94443363*MOVE 8,,,,,,,,
1502215173 94DC6692F976329-40-42.275859831.509412766*MOVE 8,,,,,,,,
1502215233 DAD655CD510A230-54-56.233333590.935261488Node ChangedMOVE 9,,,,,,,,
1502215233 94DC6692F976330-39-42.066665651.229895473Node ChangedMOVE 9,,,,,,,,
1502215233 F9632B2DFC58229-69-72.103439332.288864374Node ChangedMOVE 9,,,,,,,,
1502215233 459F7A08D5D7226-66-71.461540223.385034323Node ChangedMOVE 9,,,,,,,,
1502215293 5D358CDAED0D230-43-43.833335880.461133152Node ChangedMOVE 9,,,,,,,,
1502215293 459F7A08D5D7223-69-75.173912054.648091316Node ChangedMOVE 9,,,,,,,,
1502215293 9A34ECDEA99E230-63-64.599998470.621455252Node ChangedMOVE 9,,,,,,,,
1502215293 2D1032CDC2EC330-41-42.333328251.093345761Node ChangedMOVE 9,,,,,,,,
1502215353 459F7A08D5D7227-62-69.999992373.941884756Node ChangedMOVE 9,,,,,,,,
1502215353 9A34ECDEA99E230-59-63.86666871.332183957Node ChangedMOVE 9,,,,,,,,
1502215353 5D358CDAED0D230-42-44.299991611.393335342Node ChangedMOVE 9,,,,,,,,
1502215353 DAD655CD510A230-53-55.500003811.106408715Node ChangedMOVE 9,,,,,,,,
1502215413 459F7A08D5D7229-63-66.758628853.542145014*MOVE 9,,,,,,,,
1502215413 9A34ECDEA99E229-60-62.689659121.284619331*MOVE 9,,,,,,,,
1502215413 5D358CDAED0D230-42-44.399997712.094326973*MOVE 9,,,,,,,,
1502215413 DAD655CD510A230-53-55.86666871.696513534*MOVE 9,,,,,,,,
1502215473 459F7A08D5D7230-64-67.666671752.604152441*MOVE 9,,,,,,,,
1502215473 9A34ECDEA99E230-60-63.233329771.695498466*MOVE 9,,,,,,,,
1502215473 5D358CDAED0D230-42-43.633335111.188547134*MOVE 9,,,,,,,,
1502215473 DAD655CD510A230-50-56.52.763680696*MOVE 9,,,,,,,,
1502215533 9A34ECDEA99E230-64-66.766654971.330890656Node ChangedMOVE 9,,,,,,,,
1502215533 459F7A08D5D7228-64-67.178581241.467009783Node ChangedMOVE 9,,,,,,,,
1502215533 5D358CDAED0D230-43-43.133335110.571346462*MOVE 9,,,,,,,,
1502215533 DAD655CD510A230-54-55.333335880.802295566*MOVE 9,,,,,,,,
1502215593 9A34ECDEA99E229-62-64.034477231.148996472*MOVE 9,,,,,,,,
1502215593 459F7A08D5D7228-65-66.964279171.318870544*MOVE 9,,,,,,,,
1502215593 5D358CDAED0D229-42-49.241386415.289170742*MOVE 9,,,,,,,,
1502215593 DAD655CD510A230-55-55.966670990.668674231*MOVE 9,,,,,,,,
1502215653 9A34ECDEA99E228-63-64.78571321.100748301*MOVE 9,,,,,,,,
1502215653 5D358CDAED0D228-52-53.250.844371736Node ChangedMOVE 9,,,,,,,,
1502215653 DAD655CD510A229-54-56.551723481.297971606Node ChangedMOVE 9,,,,,,,,
1502215653 94DC6692F976329-41-42.034484860.421117872Node ChangedMOVE 9,,,,,,,,
1502215713 9A34ECDEA99E229-59-63.793106082.381167173*MOVE 9,,,,,,,,
1502215713 459F7A08D5D7226-63-65.576927192.119869947Node ChangedMOVE 9,,,,,,,,
1502215713 5D358CDAED0D230-50-52.200000761.030568242Node ChangedMOVE 9,,,,,,,,
1502215713 DAD655CD510A230-53-56.266666411.799105525Node ChangedMOVE 9,,,,,,,,
1502215773 9A34ECDEA99E230-60-61.933334350.907187223*MOVE 9,,,,,,,,
1502215773 459F7A08D5D7229-63-64.58619691.118582845*MOVE 9,,,,,,,,
1502215773 5D358CDAED0D230-50-52.300006871.417865872*MOVE 9,,,,,,,,
1502215773 DAD655CD510A230-54-55.466670990.77607739*MOVE 9,,,,,,,,
1502215833 9A34ECDEA99E227-60-62.259258271.163306117*MOVE 9,,,,,,,,
1502215833 459F7A08D5D7228-63-65.142852781.75782454*MOVE 9,,,,,,,,
1502215833 5D358CDAED0D229-50-52.793102261.655711055*MOVE 9,,,,,,,,
1502215833 DAD655CD510A229-54-55.965515141.349146724*MOVE 9,,,,,,,,
1502215893 9A34ECDEA99E229-59-62.931030271.386954308*MOVE 9,,,,,,,,
1502215893 5D358CDAED0D228-52-57.14285662.460265875Node ChangedMOVE 9,,,,,,,,
1502215893 DAD655CD510A229-52-54.275867460.840771556Node ChangedMOVE 9,,,,,,,,
1502215893 94DC6692F976330-38-40.800003051.270349264Node ChangedMOVE 9,,,,,,,,
1502215953 9A34ECDEA99E228-59-60.60714340.737326741*MOVE 9,,,,,,,,
1502215953 459F7A08D5D7229-63-65.448280331.055129051Node ChangedMOVE 9,,,,,,,,
1502215953 5D358CDAED0D229-54-56.17242051.104178667Node ChangedMOVE 9,,,,,,,,
1502215953 DAD655CD510A230-52-54.13333130.860366285Node ChangedMOVE 9,,,,,,,,
1502216013 9A34ECDEA99E228-60-61.821430211.248809457*MOVE 9,,,,,,,,
1502216013 459F7A08D5D7226-63-66.423080441.677451849*MOVE 9,,,,,,,,
1502216013 5D358CDAED0D228-54-54.821430210.66963613*MOVE 9,,,,,,,,
1502216013 DAD655CD510A230-53-54.299995420.534982145*MOVE 9,,,,,,,,
1502216073 9A34ECDEA99E229-60-61.551727290.869572997*MOVE 9,,,,,,,,
1502216073 459F7A08D5D7228-64-66.285720831.181874037*MOVE 9,,,,,,,,
1502216073 5D358CDAED0D230-51-53.799999241.15668869*MOVE 9,,,,,,,,
1502216073 DAD655CD510A230-53-53.900001530.402577609*MOVE 9,,,,,,,,
1502216133 459F7A08D5D7229-63-65.482757571.213634014Node ChangedMOVE 9,,,,,,,,
1502216133 5D358CDAED0D230-50-50.799999240.61025703Node ChangedMOVE 9,,,,,,,,
1502216133 DAD655CD510A230-53-55.066669460.868344784Node ChangedMOVE 9,,,,,,,,
1502216133 94DC6692F976330-33-41.799999241.710011482Node ChangedMOVE 9,,,,,,,,
1502216193 9A34ECDEA99E230-61-61.766666410.568321168Node ChangedMOVE 9,,,,,,,,
1502216193 459F7A08D5D7230-64-65.466659550.57134521Node ChangedMOVE 9,,,,,,,,
1502216193 5D358CDAED0D230-50-50.433334350.504006684Node ChangedMOVE 9,,,,,,,,
1502216193 DAD655CD510A230-55-56.666667942.022857904Node ChangedMOVE 9,,,,,,,,
1502216253 9A34ECDEA99E229-61-61.896553040.557086051*MOVE 9,,,,,,,,
1502216253 459F7A08D5D7227-64-65.333328250.999998331*MOVE 9,,,,,,,,
1502216253 5D358CDAED0D230-47-50.866664890.819307268*MOVE 9,,,,,,,,
1502216253 94DC6692F976329-41-42.310348510.541390061Node ChangedMOVE 9,,,,,,,,
1502216313 9A34ECDEA99E228-60-60.999992370.981307268*MOVE 9,,,,,,,,
1502216313 459F7A08D5D7227-64-67.407409672.357628107*MOVE 9,,,,,,,,
1502216313 5D358CDAED0D230-49-51.300006870.836658835*MOVE 9,,,,,,,,
1502216313 94DC6692F976330-41-42.066665650.449775308*MOVE 9,,,,,,,,
1502216373 459F7A08D5D7228-65-67.392860411.707048774Node ChangedMOVE 9,,,,,,,,
1502216373 5D358CDAED0D230-49-51.533332821.479359984Node ChangedMOVE 9,,,,,,,,
1502216373 9A34ECDEA99E229-60-61.68965530.760801435Node ChangedMOVE 9,,,,,,,,
1502216373 94DC6692F976330-41-41.900001530.48066026*MOVE 9,,,,,,,,
1502216433 459F7A08D5D7227-64-67.851844791.610153079*MOVE 9,,,,,,,,
1502216433 5D358CDAED0D230-44-49.633335113.045441389*MOVE 9,,,,,,,,
1502216433 9A34ECDEA99E228-61-62.751.004619241*MOVE 9,,,,,,,,
1502216433 94DC6692F976330-41-41.966663360.76489085*MOVE 9,,,,,,,,
1502216493 459F7A08D5D7228-68-70.392852781.523622632*MOVE 9,,,,,,,,
1502216493 5D358CDAED0D229-44-45.06896210.371390849*MOVE 9,,,,,,,,
1502216493 9A34ECDEA99E230-59-62.433334351.35655129*MOVE 9,,,,,,,,
1502216493 94DC6692F976330-42-42.333332060.479464173*MOVE 9,,,,,,,,
1502216553 459F7A08D5D7226-64-67.692298892.709525585*MOVE 9,,,,,,,,
1502216553 5D358CDAED0D230-43-44.966663361.217214227*MOVE 9,,,,,,,,
1502216553 9A34ECDEA99E229-60-61.93103790.650880218*MOVE 9,,,,,,,,
1502216553 94DC6692F976330-41-42.566669460.626061976*MOVE 9,,,,,,,,
1502216613 459F7A08D5D7229-66-67.896537782.335211039*MOVE 9,,,,,,,,
1502216613 5D358CDAED0D230-43-43.366664890.490132362*MOVE 9,,,,,,,,
1502216613 9A34ECDEA99E230-59-60.400001531.003442764*MOVE 9,,,,,,,,
1502216613 94DC6692F976330-41-42.666667940.546672404*MOVE 9,,,,,,,,
1502216673 459F7A08D5D7227-66-68.592575071.781512022*MOVE 9,,,,,,,,
1502216673 5D358CDAED0D229-45-45.620689390.561488986*MOVE 9,,,,,,,,
1502216673 9A34ECDEA99E228-60-60.821434020.772374153*MOVE 9,,,,,,,,
1502216673 94DC6692F976330-41-41.733333590.449776292*MOVE 9,,,,,,,,
1502216733 459F7A08D5D7228-64-67.285728452.536505938*MOVE 9,,,,,,,,
1502216733 5D358CDAED0D229-46-45.965515140.185695484*MOVE 9,,,,,,,,
1502216733 9A34ECDEA99E229-60-60.448276520.572351098*MOVE 9,,,,,,,,
1502216733 94DC6692F976329-41-41.379310610.493803233*MOVE 9,,,,,,,,
1502216793 459F7A08D5D7226-63-68.961547854.467488289*MOVE 9,,,,,,,,
1502216793 5D358CDAED0D230-43-45.699996950.836659968*MOVE 9,,,,,,,,
1502216793 9A34ECDEA99E229-60-61.793109890.675029814*MOVE 9,,,,,,,,
1502216793 94DC6692F976330-41-41.76666260.50400722*MOVE 9,,,,,,,,
1502216853 459F7A08D5D7228-66-69.46428683.191217184*MOVE 9,,,,,,,,
1502216853 5D358CDAED0D230-43-43.13333130.571345806*MOVE 9,,,,,,,,
1502216853 9A34ECDEA99E228-60-60.571434020.790150881*MOVE 9,,,,,,,,
1502216853 94DC6692F976329-41-42.689651490.541390121*MOVE 9,,,,,,,,
1502216913 459F7A08D5D7229-66-67.379302980.727708101*MOVE 9,,,,,,,,
1502216913 5D358CDAED0D230-42-43.133327480.434172362*MOVE 9,,,,,,,,
1502216913 9A34ECDEA99E230-60-61.333335880.802295029*MOVE 9,,,,,,,,
1502216913 94DC6692F976330-42-42.300006870.46609059*MOVE 9,,,,,,,,
1502216973 459F7A08D5D7227-66-67.481491092.391819*MOVE 9,,,,,,,,
1502216973 5D358CDAED0D229-43-43.103454590.309933007*MOVE 9,,,,,,,,
1502216973 9A34ECDEA99E230-61-61.833332060.698932111*MOVE 9,,,,,,,,
1502216973 94DC6692F976330-41-42.566673280.568322361*MOVE 9,,,,,,,,
1502217033 459F7A08D5D7229-66-66.931030270.650879681*MOVE 9,,,,,,,,
1502217033 5D358CDAED0D230-43-43.033336640.182574347*MOVE 9,,,,,,,,
1502217033 9A34ECDEA99E230-60-62.066665651.048261166*MOVE 9,,,,,,,,
1502217033 94DC6692F976330-42-42.266666410.449776322*MOVE 9,,,,,,,,
1502217093 459F7A08D5D7228-66-67.071441650.604218245*MOVE 9,,,,,,,,
1502217093 5D358CDAED0D230-43-430*MOVE 9,,,,,,,,
1502217093 9A34ECDEA99E230-61-62.799999240.99654597*MOVE 9,,,,,,,,
1502217093 94DC6692F976330-42-42.133335110.345745295*MOVE 9,,,,,,,,
1502217153 459F7A08D5D7227-67-68.259254460.712125599*MOVE 9,,,,,,,,
1502217153 5D358CDAED0D230-43-43.100002290.305128574*MOVE 9,,,,,,,,
1502217153 9A34ECDEA99E227-63-63.814826970.681462705*MOVE 9,,,,,,,,
1502217153 94DC6692F976329-42-42.482761380.508548081*MOVE 9,,,,,,,,
1502217213 459F7A08D5D7229-65-67.586204531.180716157*MOVE 9,,,,,,,,
1502217213 5D358CDAED0D230-42-43.133335110.507416308*MOVE 9,,,,,,,,
1502217213 9A34ECDEA99E230-61-62.433334350.727933168*MOVE 9,,,,,,,,
1502217213 94DC6692F976330-41-42.233333590.50400573*MOVE 9,,,,,,,,
1502217273 459F7A08D5D7227-67-67.70369721.030863881*MOVE 9,,,,,,,,
1502217273 5D358CDAED0D230-43-430*MOVE 9,,,,,,,,
1502217273 9A34ECDEA99E229-60-62.24138260.912419975*MOVE 9,,,,,,,,
1502217273 94DC6692F976330-42-42.900001530.3051292*MOVE 9,,,,,,,,
1502217333 459F7A08D5D7228-66-67.607139590.91648531*MOVE 9,,,,,,,,
1502217333 5D358CDAED0D230-43-43.033336640.182574317*MOVE 9,,,,,,,,
1502217333 9A34ECDEA99E230-61-62.833335880.530668736*MOVE 9,,,,,,,,
1502217333 94DC6692F976329-42-42.379310610.493803561*MOVE 9,,,,,,,,
1502217393 459F7A08D5D7229-66-66.931030270.650880575*MOVE 9,,,,,,,,
1502217393 5D358CDAED0D230-43-43.066665650.365148455*MOVE 9,,,,,,,,
1502217393 9A34ECDEA99E229-62-62.965526580.421116203*MOVE 9,,,,,,,,
1502217393 94DC6692F976330-42-42.73333741.112106085*MOVE 9,,,,,,,,
1502217453 459F7A08D5D7226-66-66.499992370.761575341*MOVE 9,,,,,,,,
1502217453 5D358CDAED0D230-44-44.299995420.595962346*MOVE 9,,,,,,,,
1502217453 9A34ECDEA99E228-64-64.607147220.831745088*MOVE 9,,,,,,,,
1502217453 94DC6692F976329-44-44.06896210.257881761*MOVE 9,,,,,,,,
1502217513 459F7A08D5D7229-63-66.034492490.731083512*MOVE 10,,,,,,,,
1502217513 5D358CDAED0D230-44-44.566669461.104328036*MOVE 10,,,,,,,,
1502217513 9A34ECDEA99E221-57-60.952377322.376468897*MOVE 10,,,,,,,,
1502217513 94DC6692F976330-41-44.533329012.129162788*MOVE 10,,,,,,,,
1502217573 459F7A08D5D7230-63-65.400001531.037236691*MOVE 10,,,,,,,,
1502217573 5D358CDAED0D230-44-44.666664120.479463547*MOVE 10,,,,,,,,
1502217573 94DC6692F976330-44-44.933330540.827681243Node ChangedMOVE 10,,,,,,,,
1502217573 9A34ECDEA99E229-59-60.206897740.773641944Node ChangedMOVE 10,,,,,,,,
1502217633 459F7A08D5D7228-63-64.464302060.922237217*MOVE 10,,,,,,,,
1502217633 5D358CDAED0D230-44-44.86666870.345746189*MOVE 10,,,,,,,,
1502217633 94DC6692F976330-42-44.400001531.379656672*MOVE 10,,,,,,,,
1502217633 9A34ECDEA99E229-60-60.793102261.048103809*MOVE 10,,,,,,,,
1502217693 459F7A08D5D7228-63-64.607131961.165532947*MOVE 10,,,,,,,,
1502217693 5D358CDAED0D230-44-44.400001530.674664557*MOVE 10,,,,,,,,
1502217693 94DC6692F976330-42-42.300003050.466091603*MOVE 10,,,,,,,,
1502217693 9A34ECDEA99E230-60-60.133335110.434172571*MOVE 10,,,,,,,,
1502217753 459F7A08D5D7229-62-63.999992370.654655337*MOVE 10,,,,,,,,
1502217753 5D358CDAED0D230-44-44.266666410.449776173*MOVE 10,,,,,,,,
1502217753 94DC6692F976330-41-43.266666410.944431841*MOVE 10,,,,,,,,
1502217753 9A34ECDEA99E229-60-60.06896210.257880718*MOVE 10,,,,,,,,
1502217813 459F7A08D5D7228-63-64.142860410.524529457*MOVE 10,,,,,,,,
1502217813 5D358CDAED0D230-44-44.033336640.182574153*MOVE 10,,,,,,,,
1502217813 94DC6692F976330-43-44.200000760.610256433*MOVE 10,,,,,,,,
1502217813 9A34ECDEA99E229-60-60.034484860.185695484*MOVE 10,,,,,,,,
1502217873 459F7A08D5D7229-63-64.724151611.221725464*MOVE 10,,,,,,,,
1502217873 5D358CDAED0D230-43-43.966670990.319842875*MOVE 10,,,,,,,,
1502217873 94DC6692F976330-43-44.333332060.546671271*MOVE 10,,,,,,,,
1502217873 9A34ECDEA99E229-59-59.586208340.68228811*MOVE 10,,,,,,,,
1502217933 459F7A08D5D7227-62-64.851844790.988538265*MOVE 10,,,,,,,,
1502217933 5D358CDAED0D230-43-43.833335880.379048645*MOVE 10,,,,,,,,
1502217933 94DC6692F976330-44-44.966663360.889918327*MOVE 10,,,,,,,,
1502217933 9A34ECDEA99E230-58-59.933341980.520830512*MOVE 10,,,,,,,,
1502217993 459F7A08D5D7229-63-64.206893920.559292316*MOVE 10,,,,,,,,
1502217993 5D358CDAED0D230-38-43.76666261.104328156*MOVE 10,,,,,,,,
1502217993 94DC6692F976330-44-45.666664120.660894215*MOVE 10,,,,,,,,
1502217993 9A34ECDEA99E227-59-60.185184480.921414316*MOVE 10,,,,,,,,
1502218053 5D358CDAED0D230-44-44.166664120.592093408Node ChangedMOVE 10,,,,,,,,
1502218053 94DC6692F976329-43-44.620697020.775232196Node ChangedMOVE 10,,,,,,,,
1502218053 9A34ECDEA99E230-57-59.133335111.306043386Node ChangedMOVE 10,,,,,,,,
1502218053 DAD655CD510A230-55-55.699996950.466091007Node ChangedMOVE 10,,,,,,,,
1502218113 459F7A08D5D7227-64-64.7777710.423659235Node ChangedMOVE 10,,,,,,,,
1502218113 5D358CDAED0D229-44-44.206897740.41225186Node ChangedMOVE 10,,,,,,,,
1502218113 94DC6692F976330-43-44.266666410.52083081Node ChangedMOVE 10,,,,,,,,
1502218113 9A34ECDEA99E230-57-58.200000760.610257089Node ChangedMOVE 10,,,,,,,,
1502218173 459F7A08D5D7230-64-64.199996950.406837106*MOVE 10,,,,,,,,
1502218173 5D358CDAED0D230-44-44.166660310.461133003*MOVE 10,,,,,,,,
1502218173 94DC6692F976330-42-43.866661070.776079059*MOVE 10,,,,,,,,
1502218173 9A34ECDEA99E228-58-59.035717010.428790867*MOVE 10,,,,,,,,
1502218233 459F7A08D5D7230-63-63.900001530.480659932*MOVE 10,,,,,,,,
1502218233 5D358CDAED0D230-44-44.36666870.808716834*MOVE 10,,,,,,,,
1502218233 94DC6692F976330-44-44.166671750.379047692*MOVE 10,,,,,,,,
1502218233 9A34ECDEA99E230-58-59.166667940.461133063*MOVE 10,,,,,,,,
1502218293 459F7A08D5D7230-64-64.700012210.651257813*MOVE 10,,,,,,,,
1502218293 5D358CDAED0D230-44-44.23333740.430183172*MOVE 10,,,,,,,,
1502218293 94DC6692F976330-44-45.133335110.819307148*MOVE 10,,,,,,,,
1502218293 9A34ECDEA99E229-59-59.448268890.506117523*MOVE 10,,,,,,,,
1502218353 459F7A08D5D7230-64-65.133323670.819307327*MOVE 10,,,,,,,,
1502218353 5D358CDAED0D230-44-44.26666260.784915566*MOVE 10,,,,,,,,
1502218353 94DC6692F976330-43-44.200000760.76112479*MOVE 10,,,,,,,,
1502218353 9A34ECDEA99E229-59-59.482761380.508547008*MOVE 10,,,,,,,,
1502218413 459F7A08D5D7228-63-65.035705570.999340117*MOVE 10,,,,,,,,
1502218413 5D358CDAED0D230-44-44.499996190.68228811*MOVE 10,,,,,,,,
1502218413 94DC6692F976330-44-44.499996190.508547723*MOVE 10,,,,,,,,
1502218413 9A34ECDEA99E229-59-60.068969730.923156202*MOVE 10,,,,,,,,
1502218473 459F7A08D5D7230-64-65.033340450.319842607*MOVE 10,,,,,,,,
1502218473 5D358CDAED0D230-44-44.066665650.253707707*MOVE 10,,,,,,,,
1502218473 94DC6692F976329-41-46.482761381.378941178*MOVE 10,,,,,,,,
1502218473 9A34ECDEA99E230-59-59.566669460.626062453*MOVE 10,,,,,,,,
1502218533 5D358CDAED0D230-44-44.700000760.836660028Node ChangedMOVE 10,,,,,,,,
1502218533 94DC6692F976329-41-44.275867462.085608244Node ChangedMOVE 10,,,,,,,,
1502218533 9A34ECDEA99E228-59-59.89285660.416269928Node ChangedMOVE 10,,,,,,,,
1502218533 DAD655CD510A228-54-54.678577420.475596189Node ChangedMOVE 10,,,,,,,,
1502218593 459F7A08D5D7229-65-65.827575680.889179289Node ChangedMOVE 10,,,,,,,,
1502218593 5D358CDAED0D230-44-45.233341220.568321884Node ChangedMOVE 10,,,,,,,,
1502218593 94DC6692F976330-39-42.199996952.234526157Node ChangedMOVE 10,,,,,,,,
1502218593 9A34ECDEA99E230-59-60.766670231.304720163Node ChangedMOVE 10,,,,,,,,
1502218653 459F7A08D5D7229-64-65.724128721.065586209*MOVE 10,,,,,,,,
1502218653 5D358CDAED0D230-45-450*MOVE 10,,,,,,,,
1502218653 94DC6692F976329-41-43.517238621.378940105*MOVE 10,,,,,,,,
1502218653 9A34ECDEA99E230-60-61.099998470.711966455*MOVE 10,,,,,,,,
1502218713 459F7A08D5D7229-65-65.965515140.625800192*MOVE 10,,,,,,,,
1502218713 5D358CDAED0D229-45-45.379310610.493803829*MOVE 10,,,,,,,,
1502218713 94DC6692F976330-41-44.100002292.577756405*MOVE 10,,,,,,,,
1502218713 9A34ECDEA99E228-60-60.999996190.94280988*MOVE 10,,,,,,,,
1502218773 459F7A08D5D7228-65-66.107147220.628889918*MOVE 10,,,,,,,,
1502218773 5D358CDAED0D230-44-450.262612998*MOVE 10,,,,,,,,
1502218773 94DC6692F976330-40-42.899997710.884736836*MOVE 10,,,,,,,,
1502218773 9A34ECDEA99E229-58-60.448268890.94816345*MOVE 10,,,,,,,,
1502218833 459F7A08D5D7229-65-68.103446963.716227293*MOVE 10,,,,,,,,
1502218833 5D358CDAED0D230-45-45.066669460.253707916*MOVE 10,,,,,,,,
1502218833 94DC6692F976330-43-45.633335111.425948739*MOVE 10,,,,,,,,
1502218833 9A34ECDEA99E230-59-61.86666871.279367447*MOVE 10,,,,,,,,
1502218893 DAD655CD510A229-53-54.241378780.830453932Node ChangedMOVE 10,,,,,,,,
1502218893 459F7A08D5D7229-65-70.965515145.260925293Node ChangedMOVE 10,,,,,,,,
1502218893 5D358CDAED0D230-44-45.36666870.556053817Node ChangedMOVE 10,,,,,,,,
1502218893 2D1032CDC2EC330-40-43.666667941.124439955Node ChangedMOVE 10,,,,,,,,
1502218953 DAD655CD510A230-53-54.799995420.961320758*MOVE 10,,,,,,,,
1502218953 459F7A08D5D7228-66-72.428565985.25940752*MOVE 10,,,,,,,,
1502218953 5D358CDAED0D230-45-45.666667941.241060495*MOVE 10,,,,,,,,
1502218953 94DC6692F976330-42-44.033336641.066199303Node ChangedMOVE 10,,,,,,,,
1502219073 DAD655CD510A230-54-54.933330540.449776143*MOVE 10,,,,,,,,
1502219073 459F7A08D5D7225-66-70.320007323.738537788*MOVE 10,,,,,,,,
1502219073 5D358CDAED0D230-44-44.866664891.041661501*MOVE 10,,,,,,,,
1502219073 94DC6692F976330-41-41.933338170.639683843*MOVE 10,,,,,,,,
1502219133 DAD655CD510A230-53-54.500003810.629723608*MOVE 10,,,,,,,,
1502219133 459F7A08D5D7228-65-69.999992373.517152548*MOVE 10,,,,,,,,
1502219133 5D358CDAED0D230-44-44.466663360.507416427*MOVE 10,,,,,,,,
1502219133 94DC6692F976329-40-41.24138260.786273837*MOVE 10,,,,,,,,
1502219193 DAD655CD510A229-54-54.620685580.621851087*MOVE 10,,,,,,,,
1502219193 5D358CDAED0D230-43-45.200000761.297211766Node ChangedMOVE 10,,,,,,,,
1502219193 94DC6692F976330-43-45.233333590.897634268Node ChangedMOVE 10,,,,,,,,
1502219193 9A34ECDEA99E230-59-60.10000610.711966336Node ChangedMOVE 10,,,,,,,,
1502219253 DAD655CD510A229-54-54.793106080.619868577*MOVE 10,,,,,,,,
1502219253 459F7A08D5D7227-64-71.851852425.888082504Node ChangedMOVE 10,,,,,,,,
1502219253 5D358CDAED0D230-45-45.033336640.182574272Node ChangedMOVE 10,,,,,,,,
1502219253 94DC6692F976329-44-45.000003810.845156193Node ChangedMOVE 10,,,,,,,,
1502219313 DAD655CD510A230-53-54.300006870.534983397*MOVE 10,,,,,,,,
1502219313 459F7A08D5D7227-64-70.11111454.335303783*MOVE 10,,,,,,,,
1502219313 5D358CDAED0D230-44-44.766666410.430183411*MOVE 10,,,,,,,,
1502219313 94DC6692F976329-43-43.896553040.557085633*MOVE 10,,,,,,,,
1502219373 DAD655CD510A229-53-541.069044948*MOVE 10,,,,,,,,
1502219373 5D358CDAED0D230-44-44.966663360.413840979Node ChangedMOVE 10,,,,,,,,
1502219373 94DC6692F976330-43-43.833335880.874281466Node ChangedMOVE 10,,,,,,,,
1502219373 9A34ECDEA99E230-59-60.333332060.958926082Node ChangedMOVE 10,,,,,,,,
1502219433 DAD655CD510A229-51-54.724136350.797162473*MOVE 10,,,,,,,,
1502219433 459F7A08D5D7225-66-72.639999393.839270115Node ChangedMOVE 10,,,,,,,,
1502219433 5D358CDAED0D230-44-44.900001530.305128276Node ChangedMOVE 10,,,,,,,,
1502219433 94DC6692F976330-43-44.133335110.899552345Node ChangedMOVE 10,,,,,,,,
1502219493 DAD655CD510A229-53-53.655170440.613879263*MOVE 10,,,,,,,,
1502219493 459F7A08D5D7228-63-71.857131965.917416096*MOVE 10,,,,,,,,
1502219493 5D358CDAED0D230-44-44.966663360.319843113*MOVE 10,,,,,,,,
1502219493 94DC6692F976329-42-45.275859831.192133665*MOVE 10,,,,,,,,
1502219553 DAD655CD510A230-53-53.666667940.546672404*MOVE 10,,,,,,,,
1502219553 459F7A08D5D7227-63-64.222221371.339728475*MOVE 10,,,,,,,,
1502219553 5D358CDAED0D230-41-44.833335880.746639848*MOVE 10,,,,,,,,
1502219553 94DC6692F976330-45-460.74278146*MOVE 10,,,,,,,,
1502219613 DAD655CD510A228-52-53.50.693888485*MOVE 10,,,,,,,,
1502219613 459F7A08D5D7230-60-63.000003811.050451994*MOVE 10,,,,,,,,
1502219613 5D358CDAED0D230-43-44.833332060.461133718*MOVE 10,,,,,,,,
1502219613 94DC6692F976330-41-45.599998471.753812551*MOVE 10,,,,,,,,
1502219673 DAD655CD510A230-52-52.866664890.681445599*MOVE 10,,,,,,,,
1502219673 459F7A08D5D7229-62-65.586212162.784103632*MOVE 10,,,,,,,,
1502219673 5D358CDAED0D230-41-45.066661830.907187581*MOVE 10,,,,,,,,
1502219673 94DC6692F976330-40-42.866664891.166584492*MOVE 10,,,,,,,,
1502219733 DAD655CD510A229-52-53.965518951.085051537*MOVE 10,,,,,,,,
1502219733 459F7A08D5D7230-61-65.466667182.861557961*MOVE 10,,,,,,,,
1502219733 5D358CDAED0D230-44-44.966663360.182574347*MOVE 10,,,,,,,,
1502219733 94DC6692F976329-42-43.206897740.675030291*MOVE 10,,,,,,,,
1502219793 DAD655CD510A229-53-53.206897740.412251592*MOVE 10,,,,,,,,
1502219793 459F7A08D5D7228-64-71.607147225.743524075*MOVE 10,,,,,,,,
1502219793 5D358CDAED0D230-44-450.262613058*MOVE 10,,,,,,,,
1502219793 94DC6692F976329-42-44.689659121.072494745*MOVE 10,,,,,,,,
1502219853 DAD655CD510A230-52-52.900001530.3051292*MOVE 10,,,,,,,,
1502219853 459F7A08D5D7229-64-72.206901554.62431097*MOVE 10,,,,,,,,
1502219853 5D358CDAED0D230-45-450*MOVE 10,,,,,,,,
1502219853 94DC6692F976329-45-45.137931820.350931078*MOVE 10,,,,,,,,
1502219913 DAD655CD510A229-51-53.06896210.752662897*MOVE 10,,,,,,,,
1502219913 459F7A08D5D7226-66-70.923072814.107780457*MOVE 10,,,,,,,,
1502219913 5D358CDAED0D230-44-45.033329010.319841355*MOVE 10,,,,,,,,
1502219913 94DC6692F976330-45-45.733333590.691491246*MOVE 10,,,,,,,,
1502219973 DAD655CD510A230-52-55.433334352.128351927*MOVE 10,,,,,,,,
1502219973 459F7A08D5D7227-64-70.259269713.157316685*MOVE 10,,,,,,,,
1502219973 5D358CDAED0D230-44-44.966670990.556052744*MOVE 10,,,,,,,,
1502219973 94DC6692F976330-44-45.366664890.764890015*MOVE 10,,,,,,,,
1502220033 DAD655CD510A229-51-53.758625032.385300636*MOVE 10,,,,,,,,
1502220033 459F7A08D5D7229-64-66.379310612.210587263*MOVE 10,,,,,,,,
1502220033 5D358CDAED0D230-43-450.587220252*MOVE 10,,,,,,,,
1502220033 94DC6692F976330-42-43.766666411.546595812*MOVE 10,,,,,,,,
1502220093 DAD655CD510A230-51-53.500003811.252583504*MOVE 10,,,,,,,,
1502220093 459F7A08D5D7230-64-68.366661073.156636715*MOVE 10,,,,,,,,
1502220093 5D358CDAED0D230-44-45.233333590.568320155*MOVE 10,,,,,,,,
1502220093 94DC6692F976329-42-43.896553041.175489664*MOVE 10,,,,,,,,
1502220153 DAD655CD510A229-52-52.82757950.928474665*MOVE 10,,,,,,,,
1502220153 459F7A08D5D7228-63-66.428573612.76791811*MOVE 10,,,,,,,,
1502220153 5D358CDAED0D229-45-45.896553040.617879093*MOVE 10,,,,,,,,
1502220153 94DC6692F976330-42-43.400001531.220514536*MOVE 10,,,,,,,,
1502234193 94DC6692F976329-42-45.31034471.038660884Node Changed,,,,,,,,
