6392B6C5FB53,,,,,,
time,hwid,type,samples,maxRSSI,mean,stddev
1502202033, 'DAD655CD510A',2,28,-55,-56.3571434,0.621485353
1502202033, '2D1032CDC2EC',3,30,-44,-45.53333282,1.105888724
1502202033, '459F7A08D5D7',2,29,-67,-68.96551514,0.981353223
1502202033, '94DC6692F976',3,30,-49,-52.56666946,3.41076684
,,,,,,
1502202093, 'DAD655CD510A',2,30,-55,-55.86666107,0.681443989
1502202093, '2D1032CDC2EC',3,30,-44,-45.93333054,0.944431782
1502202093, '459F7A08D5D7',2,27,-67,-69.22222137,1.050030351
1502202093, '94DC6692F976',3,28,-46,-54.0357132,4.89506197
,,,,,,
1502202153, '2D1032CDC2EC',3,30,-43,-44.33333588,0.802296102
1502202153, '459F7A08D5D7',2,28,-66,-68.07141876,1.653916478
1502202153, '94DC6692F976',3,30,-46,-50,3.280032635
1502202153, '5D358CDAED0D',2,30,-49,-49.93333435,0.691491008
,,,,,,
1502202213, '2D1032CDC2EC',3,30,-43,-44.59999466,0.813676357
1502202213, '459F7A08D5D7',2,30,-66,-67.76667786,1.135123849
1502202213, '94DC6692F976',3,30,-45,-47.16666412,1.341211438
1502202213, '5D358CDAED0D',2,30,-49,-50.5,0.776818573
,,,,,,
1502202273, '2D1032CDC2EC',3,30,-42,-43.86667633,0.97320497
1502202273, '459F7A08D5D7',2,28,-64,-68,2.160248756
1502202273, '94DC6692F976',3,30,-45,-47.8666687,2.255006313
1502202273, '5D358CDAED0D',2,29,-49,-50.20690155,0.773642063
,,,,,,
1502202333, '2D1032CDC2EC',3,30,-44,-44.43333054,0.727932274
1502202333, '459F7A08D5D7',2,27,-66,-67.92592621,2.673601627
1502202333, '94DC6692F976',3,29,-49,-51.48275757,1.59509635
1502202333, '5D358CDAED0D',2,30,-48,-49.06666565,0.583292365
,,,,,,
1502202393, '2D1032CDC2EC',3,30,-43,-44.16666794,0.64771986
1502202393, '459F7A08D5D7',2,28,-66,-67.82142639,1.415616155
1502202393, '94DC6692F976',3,30,-48,-49.6333313,1.542128801
1502202393, '5D358CDAED0D',2,28,-49,-49.82143021,0.547963977
,,,,,,
1502202453, '2D1032CDC2EC',3,30,-40,-42.46666718,1.041660786
1502202453, '459F7A08D5D7',2,27,-67,-70.48148346,1.39698422
1502202453, '94DC6692F976',3,30,-44,-50.36666107,3.605391502
1502202453, '5D358CDAED0D',2,29,-50,-52.34482956,1.36998117
,,,,,,
1502202513, '2D1032CDC2EC',3,29,-41,-43.24137878,1.090713501
1502202513, '459F7A08D5D7',2,27,-69,-71.77778625,1.739438176
1502202513, '94DC6692F976',3,29,-48,-49.62068939,0.727706969
1502202513, 'F9632B2DFC58',2,25,-77,-80.28000641,2.010801792
,,,,,,
1502202573, '2D1032CDC2EC',3,30,-42,-42.96666336,0.182574347
1502202573, '459F7A08D5D7',2,27,-70,-74.96296692,3.379590988
1502202573, '94DC6692F976',3,29,-49,-50.65517426,0.669534504
1502202573, 'F9632B2DFC58',2,28,-75,-76.7142868,1.083791614
,,,,,,
1502202633, '2D1032CDC2EC',3,30,-43,-44.96666718,1.272611618
1502202633, '459F7A08D5D7',2,30,-69,-71.36666107,1.902509332
1502202633, '94DC6692F976',3,30,-49,-53.43333817,2.500803232
1502202633, 'F9632B2DFC58',2,22,-71,-77.27272797,4.311467648
,,,,,,
1502202693, '2D1032CDC2EC',3,30,-44,-45.73332977,0.944430709
1502202693, '459F7A08D5D7',2,28,-66,-68.17857361,2.091492414
1502202693, '94DC6692F976',3,26,-47,-50.92307281,2.667178631
1502202693, 'F9632B2DFC58',2,26,-70,-71.99999237,1.131369948
,,,,,,
1502202753, '2D1032CDC2EC',3,30,-42,-44.93333435,0.944433391
1502202753, '459F7A08D5D7',2,27,-63,-66.96296692,1.285465598
1502202753, '94DC6692F976',3,29,-47,-49.37931061,1.082780719
1502202753, 'F9632B2DFC58',2,29,-69,-72.17240143,1.852971315
,,,,,,
1502202813, '2D1032CDC2EC',3,30,-43,-44.90000153,0.994813859
1502202813, '459F7A08D5D7',2,29,-66,-67.82757568,1.136063576
1502202813, '94DC6692F976',3,30,-46,-49.16666412,1.440385461
1502202813, 'F9632B2DFC58',2,28,-70,-72.75000763,1.37773478
,,,,,,
1502202873, '2D1032CDC2EC',3,30,-44,-45.93333817,1.436791062
1502202873, '459F7A08D5D7',2,28,-64,-67.03572083,2.441645622
1502202873, '94DC6692F976',3,30,-46,-48.36666489,1.496738911
1502202873, 'F9632B2DFC58',2,27,-72,-76.22221375,3.308884621
,,,,,,
1502202933, '2D1032CDC2EC',3,29,-42,-43.65517426,1.837620974
1502202933, '459F7A08D5D7',2,25,-64,-67.76000214,2.146314621
1502202933, '94DC6692F976',3,30,-47,-54.19999313,5.767925739
1502202933, 'F9632B2DFC58',2,23,-75,-78.21739197,2.194135666
,,,,,,
1502202993, '2D1032CDC2EC',3,30,-42,-43.56666565,1.040004253
1502202993, '459F7A08D5D7',2,27,-66,-69.11110687,1.5770787
1502202993, '94DC6692F976',3,28,-50,-57.39286041,7.936504364
1502202993, 'F9632B2DFC58',2,25,-74,-78.44000244,2.237558842
,,,,,,
1502203053, '2D1032CDC2EC',3,30,-43,-43.40000153,0.498272836
1502203053, '459F7A08D5D7',2,30,-66,-69.46665955,2.344962597
1502203053, '94DC6692F976',3,29,-49,-51.62068939,1.265301347
1502203053, 'F9632B2DFC58',2,5,-77,-79.80000305,2.280350924
,,,,,,
1502203113, '2D1032CDC2EC',3,29,-42,-42.96551895,0.565859497
1502203113, '459F7A08D5D7',2,27,-68,-71,2.075494528
1502203113, '94DC6692F976',3,29,-49,-50.93103409,1.251600146
1502203113, '5D358CDAED0D',2,30,-50,-51.03333664,0.413840771
,,,,,,
1502203173, '2D1032CDC2EC',3,30,-41,-43.09999847,0.959525228
1502203173, '94DC6692F976',3,29,-51,-54.20689392,1.473075151
1502203173, 'F9632B2DFC58',2,26,-75,-78.65383911,2.226070881
1502203173, '5D358CDAED0D',2,30,-50,-51.36666489,0.718395352
,,,,,,
1502203233, '2D1032CDC2EC',3,29,-42,-43.51723862,0.94946146
1502203233, '459F7A08D5D7',2,28,-67,-70.03572083,1.952818751
1502203233, 'F9632B2DFC58',2,22,-76,-80.1818161,2.403100491
1502203233, '94DC6692F976',3,27,-46,-52.7407341,4.477231503
,,,,,,
1502203293, '2D1032CDC2EC',3,30,-41,-42.53333282,0.628810287
1502203293, '459F7A08D5D7',2,29,-66,-67.17240906,1.255530357
1502203293, '94DC6692F976',3,29,-49,-62.34483337,4.228103161
1502203293, '5D358CDAED0D',2,30,-49,-49.60000229,0.563241482
,,,,,,
1502203353, '2D1032CDC2EC',3,30,-45,-45.60000992,0.723975956
1502203353, '459F7A08D5D7',2,27,-65,-66.25926208,0.984207809
1502203353, '94DC6692F976',3,30,-47,-48.56666946,1.478194118
1502203353, '5D358CDAED0D',2,29,-50,-51.51724243,0.687681377
,,,,,,
1502203413, '2D1032CDC2EC',3,30,-46,-46.39999771,0.563241899
1502203413, '459F7A08D5D7',2,30,-65,-67.30001068,2.830254078
1502203413, '94DC6692F976',3,29,-47,-48.79310608,1.20650959
1502203413, '5D358CDAED0D',2,30,-50,-51.23332977,0.504007697
,,,,,,
1502203473, '2D1032CDC2EC',3,30,-43,-45.13333511,0.973206341
1502203473, '459F7A08D5D7',2,29,-66,-67.37931824,1.177577376
1502203473, '94DC6692F976',3,30,-46,-48.76666641,1.104327798
1502203473, '5D358CDAED0D',2,29,-51,-51.79309464,0.675031543
,,,,,,
1502203533, '2D1032CDC2EC',3,29,-44,-45.03448105,0.68048054
1502203533, '459F7A08D5D7',2,28,-66,-68.9642868,1.318870902
1502203533, '94DC6692F976',3,30,-48,-51.83333588,1.895244241
1502203533, '5D358CDAED0D',2,30,-51,-52.5,0.629723608
,,,,,,
1502203593, '2D1032CDC2EC',3,30,-42,-44.39999771,0.894426823
1502203593, '459F7A08D5D7',2,26,-67,-68.42307281,1.205755711
1502203593, '94DC6692F976',3,29,-47,-50.89655685,4.450880051
1502203593, '5D358CDAED0D',2,30,-50,-51.90000153,0.994813979
,,,,,,
1502203653, '2D1032CDC2EC',3,30,-42,-44.86666489,1.569830775
1502203653, '459F7A08D5D7',2,27,-66,-67.66666412,0.832049906
1502203653, '94DC6692F976',3,30,-45,-50.90000153,4.663504601
1502203653, '5D358CDAED0D',2,28,-49,-50.89285278,1.370029926
,,,,,,
1502203713, '2D1032CDC2EC',3,29,-42,-45.27586365,1.278854489
1502203713, '459F7A08D5D7',2,27,-66,-68.03704071,1.65207541
1502203713, '94DC6692F976',3,29,-45,-47.48276138,2.354640484
1502203713, '5D358CDAED0D',2,30,-49,-49.53333282,0.507415652
,,,,,,
1502203773, '2D1032CDC2EC',3,30,-40,-42.43333435,0.727932155
1502203773, '459F7A08D5D7',2,28,-64,-67.64286041,1.850212097
1502203773, '94DC6692F976',3,30,-48,-51.53333282,2.542512655
1502203773, '5D358CDAED0D',2,30,-49,-49.2666626,0.449776679
,,,,,,
1502203833, '2D1032CDC2EC',3,30,-40,-41.3666687,0.99942404
1502203833, '459F7A08D5D7',2,30,-65,-67.83333588,1.966679692
1502203833, '94DC6692F976',3,30,-48,-53.86666107,1.995398164
1502203833, '5D358CDAED0D',2,30,-48,-48.66666794,0.606479228
,,,,,,
1502203893, 'DAD655CD510A',2,30,-53,-53.93333435,0.980264544
1502203893, '2D1032CDC2EC',3,30,-42,-43.16666794,0.949895501
1502203893, '459F7A08D5D7',2,28,-65,-67.7142868,3.68034935
1502203893, '94DC6692F976',3,30,-51,-54.73333359,2.728311062
,,,,,,
1502203953, 'DAD655CD510A',2,29,-54,-54.41379166,0.501229227
1502203953, '2D1032CDC2EC',3,30,-43,-44.03333282,0.413841128
1502203953, '459F7A08D5D7',2,27,-66,-70.40740967,3.225611925
1502203953, '94DC6692F976',3,30,-55,-58.46666718,2.359621525
,,,,,,
1502204013, 'DAD655CD510A',2,27,-54,-55.11111069,0.697982252
1502204013, '2D1032CDC2EC',3,29,-42,-43.82758331,0.539110422
1502204013, '459F7A08D5D7',2,27,-66,-68.55554199,1.368133307
1502204013, 'F9632B2DFC58',2,25,-74,-77.72000122,2.031420708
,,,,,,
1502204073, 'DAD655CD510A',2,29,-54,-55.00000381,0.534522116
1502204073, '2D1032CDC2EC',3,30,-42,-43.63333511,0.718393087
1502204073, '459F7A08D5D7',2,29,-62,-68.655159,2.004922867
1502204073, 'F9632B2DFC58',2,27,-71,-75.92593384,2.758569002
,,,,,,
1502204133, 'DAD655CD510A',2,29,-53,-54.7586174,0.950758457
1502204133, '2D1032CDC2EC',3,30,-43,-44.40000153,1.037238121
1502204133, '459F7A08D5D7',2,29,-67,-68.96550751,1.426352739
1502204133, '94DC6692F976',3,30,-40,-49.60000229,2.711406946
,,,,,,
1502204193, 'DAD655CD510A',2,25,-53,-53.47999954,0.585946858
1502204193, '2D1032CDC2EC',3,30,-44,-45.30000305,0.702214062
1502204193, '459F7A08D5D7',2,26,-65,-66.53845978,1.028815985
1502204193, '94DC6692F976',3,29,-50,-55.89655304,3.811118126
,,,,,,
1502204253, 'DAD655CD510A',2,28,-52,-54.39286041,0.685256898
1502204253, '2D1032CDC2EC',3,30,-43,-43.6333313,0.718395054
1502204253, '94DC6692F976',3,27,-53,-62.07407379,5.18077755
1502204253, '459F7A08D5D7',2,26,-65,-66.80769348,1.939468145
,,,,,,
1502204313, 'DAD655CD510A',2,28,-54,-54.07142639,0.262265325
1502204313, '2D1032CDC2EC',3,29,-44,-44.10345078,0.409252197
1502204313, '94DC6692F976',3,29,-52,-57.3103447,2.953249216
1502204313, '459F7A08D5D7',2,25,-63,-66.59999847,1.224745512
,,,,,,
1502204373, 'DAD655CD510A',2,28,-53,-54.6071434,0.737326503
1502204373, '2D1032CDC2EC',3,29,-43,-44.27586365,0.648985624
1502204373, '94DC6692F976',3,27,-53,-56.7036972,2.523958445
1502204373, '459F7A08D5D7',2,28,-65,-66.53572083,0.79265815
,,,,,,
1502204433, 'DAD655CD510A',2,29,-52,-53.44827652,0.736121118
1502204433, '2D1032CDC2EC',3,30,-42,-42.56666946,0.817200243
1502204433, '94DC6692F976',3,29,-48,-57.20689774,4.443126202
1502204433, '459F7A08D5D7',2,28,-65,-66.82142639,1.0202986
,,,,,,
1502204493, 'DAD655CD510A',2,30,-53,-54.26666641,0.583292246
1502204493, '2D1032CDC2EC',3,30,-40,-42.70000076,1.556964397
1502204493, '5D358CDAED0D',2,30,-49,-50.09999847,0.844862223
1502204493, '94DC6692F976',3,30,-47,-50.3666687,2.539120913
,,,,,,
1502204553, 'DAD655CD510A',2,30,-53,-54.2666626,0.63968277
1502204553, '2D1032CDC2EC',3,30,-42,-43.03333664,0.319841951
1502204553, '5D358CDAED0D',2,30,-49,-49.90000153,0.711967111
1502204553, '94DC6692F976',3,30,-49,-51.29999924,1.368363023
,,,,,,
1502204613, 'DAD655CD510A',2,30,-51,-52.83332825,0.874282777
1502204613, '2D1032CDC2EC',3,30,-41,-42.69999695,0.87690711
1502204613, '5D358CDAED0D',2,29,-49,-49.58620834,0.77998364
1502204613, '94DC6692F976',3,24,-48,-58.125,6.955214024
,,,,,,
1502204673, 'DAD655CD510A',2,30,-53,-53.76667023,0.626062274
1502204673, '2D1032CDC2EC',3,30,-42,-43.56666183,1.072651625
1502204673, '5D358CDAED0D',2,30,-49,-49.69999313,0.534982562
1502204673, '94DC6692F976',3,29,-50,-58.58620834,3.840733528
,,,,,,
1502204733, 'DAD655CD510A',2,30,-52,-53.5,0.629723132
1502204733, '2D1032CDC2EC',3,29,-41,-42.5172348,1.429800987
1502204733, '5D358CDAED0D',2,30,-48,-49.63332748,0.614949346
1502204733, '94DC6692F976',3,30,-48,-53.40000153,5.721105099
,,,,,,
1502204793, 'DAD655CD510A',2,28,-53,-54.57143402,0.997350216
1502204793, '2D1032CDC2EC',3,30,-42,-43.76667023,1.330887556
1502204793, '5D358CDAED0D',2,30,-43,-49.83333588,1.683250427
1502204793, '94DC6692F976',3,30,-48,-53.56666565,3.212941647
,,,,,,
1502204913, 'DAD655CD510A',2,28,-55,-56.6071434,1.196887612
1502204913, '2D1032CDC2EC',3,29,-43,-44.2413826,0.635563552
1502204913, '94DC6692F976',3,29,-48,-51.41379166,1.570196867
1502204913, 'F9632B2DFC58',2,25,-71,-76.19999695,4.262237072
,,,,,,
1502204973, 'DAD655CD510A',2,29,-56,-57.17241287,0.92847681
1502204973, '2D1032CDC2EC',3,30,-43,-46.09999847,1.446757078
1502204973, '5D358CDAED0D',2,30,-50,-50.50000763,0.572350144
1502204973, '94DC6692F976',3,29,-48,-49.58620453,1.763058066
,,,,,,
1502205033, 'DAD655CD510A',2,28,-55,-56.21428299,0.629940629
1502205033, '2D1032CDC2EC',3,30,-45,-45.83333588,0.53066808
1502205033, '5D358CDAED0D',2,30,-51,-51.70000458,0.466089398
1502205033, '94DC6692F976',3,30,-48,-48.90000153,0.758856237
,,,,,,
1502205093, 'DAD655CD510A',2,30,-56,-56.70000458,0.749710977
1502205093, '2D1032CDC2EC',3,29,-46,-46.03448105,0.325440884
1502205093, '5D358CDAED0D',2,29,-51,-51.65517426,0.483725965
1502205093, '94DC6692F976',3,30,-48,-49.70000076,0.794375777
,,,,,,
1502205153, 'DAD655CD510A',2,29,-55,-57.31034088,0.660272956
1502205153, '2D1032CDC2EC',3,30,-45,-45.63333511,0.556053936
1502205153, '5D358CDAED0D',2,30,-51,-51.3666687,0.490133017
1502205153, '94DC6692F976',3,29,-48,-49.55172729,0.909718096
,,,,,,
1502205213, 'DAD655CD510A',2,30,-56,-57.29999542,0.702213705
1502205213, '2D1032CDC2EC',3,30,-44,-45.23334122,0.678911448
1502205213, '5D358CDAED0D',2,30,-50,-51.36666489,0.556051731
1502205213, '94DC6692F976',3,29,-49,-51.72413635,2.085606337
,,,,,,
1502205273, 'DAD655CD510A',2,30,-55,-57.09999847,1.348051548
1502205273, '2D1032CDC2EC',3,30,-45,-46.09999847,0.547723413
1502205273, '5D358CDAED0D',2,29,-49,-50.48275375,0.784705162
1502205273, '94DC6692F976',3,29,-48,-51.48275375,1.089583158
,,,,,,
1502205333, 'DAD655CD510A',2,29,-56,-57.17241669,0.966175675
1502205333, '2D1032CDC2EC',3,29,-44,-45,1.164965391
1502205333, '5D358CDAED0D',2,30,-50,-50.6333313,0.490132421
1502205333, '94DC6692F976',3,30,-51,-53.76666641,2.473073721
,,,,,,
1502205393, 'DAD655CD510A',2,30,-56,-57.06666565,0.73968029
1502205393, '2D1032CDC2EC',3,30,-44,-44.93333435,1.014831305
1502205393, '94DC6692F976',3,29,-46,-48.79310226,1.800382853
1502205393, '5D358CDAED0D',2,29,-51,-51.3103447,0.470824152
,,,,,,
1502205453, 'DAD655CD510A',2,29,-55,-56.65517426,0.973795176
1502205453, '2D1032CDC2EC',3,30,-43,-44.43332672,1.00630331
1502205453, '94DC6692F976',3,30,-47,-51.50000381,2.193249941
1502205453, '5D358CDAED0D',2,30,-50,-51.33333206,0.660894394
,,,,,,
1502205513, 'DAD655CD510A',2,28,-55,-56.75,0.645497084
1502205513, '2D1032CDC2EC',3,29,-44,-45.96551895,0.680481613
1502205513, '94DC6692F976',3,29,-48,-51.31034088,1.514299393
1502205513, '5D358CDAED0D',2,28,-50,-50.85713959,0.448395759
,,,,,,
1502205573, 'DAD655CD510A',2,30,-55,-56.66666794,1.15470016
1502205573, '2D1032CDC2EC',3,29,-41,-44.06896973,2.250892162
1502205573, '94DC6692F976',3,30,-48,-51.13332748,2.315367699
1502205573, '5D358CDAED0D',2,29,-50,-51.06896973,0.703613818
,,,,,,
1502205633, 'DAD655CD510A',2,29,-55,-57.37931061,1.29321754
1502205633, '2D1032CDC2EC',3,30,-41,-42.26665878,0.583296537
1502205633, '94DC6692F976',3,30,-49,-51.29999924,0.987857163
1502205633, '5D358CDAED0D',2,30,-51,-51.83333588,0.461133003
,,,,,,
1502205693, 'DAD655CD510A',2,28,-54,-55.67856979,0.669636071
1502205693, '2D1032CDC2EC',3,30,-41,-43.29999924,0.876906753
1502205693, '94DC6692F976',3,29,-52,-53.72413635,0.959783554
1502205693, '5D358CDAED0D',2,30,-51,-51.53333282,0.507415891
,,,,,,
1502205753, 'DAD655CD510A',2,30,-55,-55.26667023,0.449775785
1502205753, '2D1032CDC2EC',3,30,-43,-44.46666718,0.571345806
1502205753, '94DC6692F976',3,29,-51,-54.44827271,1.616570473
1502205753, '5D358CDAED0D',2,30,-50,-51.53333664,0.628810048
,,,,,,
1502205813, 'DAD655CD510A',2,29,-54,-55.03448486,0.325440288
1502205813, '2D1032CDC2EC',3,30,-44,-44.83333588,0.461133122
1502205813, '94DC6692F976',3,30,-52,-53.66666794,0.660894096
1502205813, '5D358CDAED0D',2,29,-50,-51,0.597613335
,,,,,,
1502205873, 'DAD655CD510A',2,29,-54,-54.86206818,0.639427543
1502205873, '2D1032CDC2EC',3,29,-43,-44.79310608,0.491303682
1502205873, '94DC6692F976',3,30,-51,-53.86666489,1.166583776
1502205873, '5D358CDAED0D',2,29,-50,-51,0.597615063
,,,,,,
1502205933, 'DAD655CD510A',2,30,-54,-56.09999847,1.155197144
1502205933, '2D1032CDC2EC',3,30,-42,-47.93333817,8.43610096
1502205933, '94DC6692F976',3,28,-46,-55.03570938,6.49490881
1502205933, '5D358CDAED0D',2,30,-48,-49.90000153,0.884736836
,,,,,,
1502205993, 'DAD655CD510A',2,30,-54,-56.43333054,1.072648287
1502205993, '2D1032CDC2EC',3,27,-64,-65.66665649,0.877059877
1502205993, '94DC6692F976',3,30,-47,-49.96666336,2.311641216
1502205993, '5D358CDAED0D',2,30,-47,-49.36666489,1.09806478
,,,,,,
1502206053, 'DAD655CD510A',2,29,-55,-56.00000381,1.035097599
1502206053, '2D1032CDC2EC',3,29,-64,-65.51722717,0.687680185
1502206053, '94DC6692F976',3,30,-45,-48.20000458,1.919051886
1502206053, '5D358CDAED0D',2,30,-49,-50.20000076,0.924755275
,,,,,,
1502206113, 'DAD655CD510A',2,30,-55,-56.93333435,1.229896426
1502206113, '2D1032CDC2EC',3,29,-63,-65.37932587,0.902921081
1502206113, '94DC6692F976',3,29,-45,-47.7586174,2.011663675
1502206113, '5D358CDAED0D',2,29,-49,-50.00000381,0.597614229
,,,,,,
1502206173, 'DAD655CD510A',2,30,-55,-57.5333252,1.279367566
1502206173, '9A34ECDEA99E',2,30,-60,-61.89999771,0.75885582
1502206173, '2D1032CDC2EC',3,29,-65,-68.79310608,2.193808794
1502206173, '94DC6692F976',3,30,-45,-47.70000458,2.053589106
,,,,,,
1502206233, 'DAD655CD510A',2,30,-55,-56.89999771,1.422720075
1502206233, '9A34ECDEA99E',2,26,-61,-62.69230652,0.617687583
1502206233, '2D1032CDC2EC',3,29,-65,-66.96551514,1.822140336
1502206233, '94DC6692F976',3,30,-45,-45.56666946,0.504006863
,,,,,,
1502206293, 'DAD655CD510A',2,30,-54,-55.1333313,0.681445003
1502206293, '9A34ECDEA99E',2,30,-60,-62.2666626,0.691490948
1502206293, '2D1032CDC2EC',3,30,-64,-65.66667175,0.922264576
1502206293, '94DC6692F976',3,30,-43,-47.33333588,3.273018122
,,,,,,
1502206353, 'DAD655CD510A',2,30,-54,-56,0.587220132
1502206353, '9A34ECDEA99E',2,30,-62,-63.03333282,0.556052268
1502206353, '2D1032CDC2EC',3,30,-65,-65.83332825,0.530668378
1502206353, '94DC6692F976',3,30,-45,-46.13333511,0.571347058
,,,,,,
1502206413, 'DAD655CD510A',2,29,-54,-55.58620453,1.018303275
1502206413, '9A34ECDEA99E',2,30,-61,-62.66666794,0.711158991
1502206413, '2D1032CDC2EC',3,28,-63,-64.42857361,1.345183492
1502206413, '94DC6692F976',3,30,-44,-48.53333282,3.115405083
,,,,,,
1502206473, 'DAD655CD510A',2,29,-53,-54.62068939,0.727705002
1502206473, '9A34ECDEA99E',2,29,-62,-63.03448486,0.421117455
1502206473, '2D1032CDC2EC',3,30,-63,-64.53333282,1.008014321
1502206473, '94DC6692F976',3,30,-47,-51.43333054,2.750339031
,,,,,,
1502206533, 'DAD655CD510A',2,30,-54,-55.40000153,0.674666345
1502206533, '9A34ECDEA99E',2,29,-62,-62.9310379,0.371391594
1502206533, '2D1032CDC2EC',3,26,-64,-64.7692337,0.514407873
1502206533, '94DC6692F976',3,29,-46,-49.86207199,1.125170946
,,,,,,
1502206593, 'DAD655CD510A',2,30,-53,-55.03332901,0.718396366
1502206593, '9A34ECDEA99E',2,27,-62,-63.44444275,0.640512824
1502206593, '2D1032CDC2EC',3,29,-63,-64.68966675,0.967453539
1502206593, '94DC6692F976',3,30,-45,-48.53332901,2.129160881
,,,,,,
1502206653, 'DAD655CD510A',2,29,-53,-54.68965912,0.712314904
1502206653, '9A34ECDEA99E',2,28,-62,-63.00000381,0.38490054
1502206653, '94DC6692F976',3,30,-46,-47.36666489,1.938420415
1502206653, '5D358CDAED0D',2,29,-50,-51.0689621,1.066738725
,,,,,,
1502206713, 'DAD655CD510A',2,31,-53,-54.25806427,0.72882247
1502206713, '9A34ECDEA99E',2,29,-61,-62.96552277,1.451176763
1502206713, '94DC6692F976',3,29,-44,-45.51724243,0.949462056
1502206713, '5D358CDAED0D',2,29,-51,-52.86206818,0.74278146
,,,,,,
1502206773, '9A34ECDEA99E',2,27,-61,-62.33333206,0.832050323
1502206773, '94DC6692F976',3,30,-45,-46.40000153,1.328726411
1502206773, '5D358CDAED0D',2,29,-51,-51.86206818,0.833416522
1502206773, '2D1032CDC2EC',3,26,-63,-63.96153259,1.112862349
,,,,,,
1502206833, '9A34ECDEA99E',2,30,-61,-61.70000076,0.651257098
1502206833, '94DC6692F976',3,30,-44,-45.83333969,0.949893475
1502206833, '5D358CDAED0D',2,30,-50,-51.09999847,0.547722161
1502206833, 'F9632B2DFC58',2,7,-77,-80.2857132,2.497618675
,,,,,,
1502206893, '9A34ECDEA99E',2,28,-62,-62.8571434,0.755929649
1502206893, '94DC6692F976',3,30,-44,-47.69999695,2.394678593
1502206893, '5D358CDAED0D',2,30,-50,-51,0.643266916
1502206893, 'F9632B2DFC58',2,29,-74,-77.20688629,1.611994267
,,,,,,
1502206953, '9A34ECDEA99E',2,29,-60,-61.79310608,0.773642063
1502206953, '94DC6692F976',3,30,-43,-46.7333374,2.625252962
1502206953, '2D1032CDC2EC',3,28,-63,-66.00000763,0.981308043
1502206953, '459F7A08D5D7',2,28,-68,-73.0357132,1.990383983
,,,,,,
1502207013, '9A34ECDEA99E',2,28,-60,-62.6071434,1.257253766
1502207013, '94DC6692F976',3,30,-46,-51.1333313,2.161310434
1502207013, '5D358CDAED0D',2,30,-51,-51.66666794,0.758098006
1502207013, '2D1032CDC2EC',3,29,-63,-65.58621216,2.244315624
,,,,,,
1502207133, '9A34ECDEA99E',2,30,-61,-62.56667328,1.0400033
1502207133, '94DC6692F976',3,30,-44,-48.60000229,2.027398348
1502207133, '5D358CDAED0D',2,29,-51,-52.48275757,0.784705818
1502207133, '2D1032CDC2EC',3,30,-62,-63.23333359,0.568320811
,,,,,,
1502207133, '9A34ECDEA99E',2,30,-61,-62.56667328,1.0400033
1502207133, '94DC6692F976',3,30,-44,-48.60000229,2.027398348
1502207133, '5D358CDAED0D',2,29,-51,-52.48275757,0.784705818
1502207133, '2D1032CDC2EC',3,30,-62,-63.23333359,0.568320811
,,,,,,
1502207193, '9A34ECDEA99E',2,30,-61,-62.7333374,0.907187343
1502207193, '94DC6692F976',3,28,-45,-55.92856979,6.66627121
1502207193, '5D358CDAED0D',2,28,-50,-52.46428299,1.815206289
1502207193, '2D1032CDC2EC',3,28,-63,-64.14285278,1.208436251
,,,,,,
1502207253, '9A34ECDEA99E',2,26,-59,-63.11538315,1.032547355
1502207253, '94DC6692F976',3,28,-60,-62.42856979,1.525795579
1502207253, '5D358CDAED0D',2,30,-50,-51.40000534,0.932183683
1502207253, 'F9632B2DFC58',2,15,-75,-80.19999695,2.908115387
,,,,,,
1502207313, '9A34ECDEA99E',2,30,-62,-63,0.694809735
1502207313, '94DC6692F976',3,29,-60,-62.7586174,1.618094325
1502207313, '5D358CDAED0D',2,30,-50,-51.5,0.682288587
1502207313, 'F9632B2DFC58',2,8,-80,-83.5,2.000000238
,,,,,,
1502207373, '9A34ECDEA99E',2,27,-60,-62.22221756,0.933698118
1502207373, '94DC6692F976',3,29,-60,-63.17241669,1.513486266
1502207373, '5D358CDAED0D',2,28,-50,-51.92857361,1.463850617
1502207373, '2D1032CDC2EC',3,29,-62,-64.51725006,1.213631392
,,,,,,
1502207373, '9A34ECDEA99E',2,27,-60,-62.22221756,0.933698118
1502207373, '94DC6692F976',3,29,-60,-63.17241669,1.513486266
1502207373, '5D358CDAED0D',2,28,-50,-51.92857361,1.463850617
1502207373, '2D1032CDC2EC',3,29,-62,-64.51725006,1.213631392
,,,,,,
1502207433, '9A34ECDEA99E',2,30,-60,-61.56666946,0.678910434
1502207433, '94DC6692F976',3,29,-58,-61.44828033,1.40372479
1502207433, '5D358CDAED0D',2,29,-49,-50.44827271,1.088452339
1502207433, '2D1032CDC2EC',3,29,-64,-65.13792419,0.639425814
,,,,,,
1502207493, '9A34ECDEA99E',2,27,-60,-60.51852036,0.802417934
1502207493, '94DC6692F976',3,29,-61,-63.96551514,2.06125474
1502207493, '5D358CDAED0D',2,30,-49,-49.96666336,0.182574347
1502207493, 'F9632B2DFC58',2,23,-77,-79.56522369,1.700965643
,,,,,,
1502207553, '9A34ECDEA99E',2,29,-60,-61.93104172,1.27981472
1502207553, '94DC6692F976',3,29,-63,-64.72413635,1.623414516
1502207553, '5D358CDAED0D',2,29,-48,-51.24137878,1.15434444
1502207553, 'F9632B2DFC58',2,26,-74,-79.07693481,2.448233128
,,,,,,
1502207613, '9A34ECDEA99E',2,29,-62,-62.6896553,0.660273075
1502207613, '94DC6692F976',3,27,-60,-62.44444656,0.974022627
1502207613, '5D358CDAED0D',2,30,-51,-52.33333206,0.546671867
1502207613, 'F9632B2DFC58',2,27,-76,-78.74074554,2.030395508
,,,,,,
1502207673, '9A34ECDEA99E',2,25,-62,-62.68000031,0.476094961
1502207673, '94DC6692F976',3,29,-62,-63.51723862,1.572548032
1502207673, '5D358CDAED0D',2,29,-51,-52.00000763,0.462911785
1502207673, 'F9632B2DFC58',2,18,-76,-79.44444275,1.854159474
,,,,,,
1502207733, '9A34ECDEA99E',2,30,-61,-62.7333374,0.63968271
1502207733, '94DC6692F976',3,30,-59,-63.93333054,1.946408153
1502207733, '5D358CDAED0D',2,28,-50,-51.0357132,1.170063853
1502207733, 'F9632B2DFC58',2,23,-75,-78.39130402,2.330415249
,,,,,,
1502207793, '94DC6692F976',3,28,-62,-64.5357132,1.952815175
1502207793, '5D358CDAED0D',2,30,-50,-51.00000381,0.525225878
1502207793, 'F9632B2DFC58',2,29,-72,-77.06895447,2.136940002
1502207793, '2D1032CDC2EC',3,27,-64,-64.96295929,0.587136626
,,,,,,
1502207853, '94DC6692F976',3,28,-63,-66.85714722,1.380130768
1502207853, '5D358CDAED0D',2,29,-50,-51.17240906,0.710581243
1502207853, 'F9632B2DFC58',2,27,-73,-75.92593384,2.251937866
1502207853, '2D1032CDC2EC',3,27,-64,-65.00000763,0.877061546
,,,,,,
1502207913, '94DC6692F976',3,28,-63,-65.53570557,1.137968659
1502207913, '5D358CDAED0D',2,29,-50,-51.65517426,0.613879442
1502207913, 'F9632B2DFC58',2,27,-71,-74.18518829,1.415223002
1502207913, '2D1032CDC2EC',3,29,-63,-64.34483337,0.768850148
,,,,,,
1502207973, '94DC6692F976',3,30,-64,-66.40000916,1.248445988
1502207973, '5D358CDAED0D',2,30,-51,-51.86666489,0.507416189
1502207973, '2D1032CDC2EC',3,27,-63,-64.48148346,0.579811633
1502207973, '459F7A08D5D7',2,30,-68,-69.49999237,0.776818514
,,,,,,
1502208033, 'DAD655CD510A',2,29,-54,-54.86207199,0.441112697
1502208033, '94DC6692F976',3,29,-63,-65.62068939,1.293218732
1502208033, '5D358CDAED0D',2,30,-52,-52.5,0.508547544
1502208033, 'F9632B2DFC58',2,29,-72,-74.27587128,1.161788821
,,,,,,
1502208093, 'DAD655CD510A',2,30,-54,-54.79999924,0.761122823
1502208093, '94DC6692F976',3,29,-61,-63.68965149,1.51429987
1502208093, '5D358CDAED0D',2,30,-50,-51.2666626,0.82768178
1502208093, 'F9632B2DFC58',2,20,-74,-78.34999847,2.580800056
,,,,,,
1502208153, 'DAD655CD510A',2,30,-54,-55.33333588,0.884085536
1502208153, '94DC6692F976',3,30,-64,-66.90000153,1.422721863
1502208153, '5D358CDAED0D',2,29,-50,-50.27586365,0.454859108
1502208153, '2D1032CDC2EC',3,28,-64,-64.53569794,0.838080168
,,,,,,
1502208213, 'DAD655CD510A',2,30,-56,-56.79999924,0.484234005
1502208213, '94DC6692F976',3,30,-63,-66.06666565,1.48401463
1502208213, '5D358CDAED0D',2,30,-49,-50.13333511,0.434172153
1502208213, 'F9632B2DFC58',2,15,-77,-80.93333435,2.313521147
,,,,,,
1502208273, 'DAD655CD510A',2,30,-55,-56.49999619,0.731082082
1502208273, '94DC6692F976',3,28,-65,-68.67857361,3.151171684
1502208273, '5D358CDAED0D',2,29,-50,-50.6896553,0.470823705
1502208273, 'F9632B2DFC58',2,21,-75,-79.09524536,2.547643423
,,,,,,
1502208333, 'DAD655CD510A',2,29,-52,-54.86206818,0.789399922
1502208333, '94DC6692F976',3,30,-60,-67.70000458,3.949248075
1502208333, '5D358CDAED0D',2,30,-49,-49.66667175,0.922267079
1502208333, 'F9632B2DFC58',2,14,-75,-78.42857361,2.820646763
,,,,,,
6392B6C5FB53,,,,,,
,,,,,,
time,hwid,type,samples,maxRSSI,mean,stddev
1502208453, 'DAD655CD510A',2,30,-54,-55.06666183,0.365148067
1502208453, '94DC6692F976',3,27,-60,-63.33332825,1.709699631
1502208453, '5D358CDAED0D',2,30,-51,-51.80000305,0.406838387
1502208453, '2D1032CDC2EC',3,30,-63,-65,1.050451279
,,,,,,
6392B6C5FB53,,,,,,
,,,,,,
time,hwid,type,samples,maxRSSI,mean,stddev
1502208513, 'DAD655CD510A',2,29,-54,-55.06896973,0.529895544
1502208513, '94DC6692F976',3,29,-59,-62.24137878,1.455413103
1502208513, '5D358CDAED0D',2,30,-50,-51.33333588,0.802294552
1502208513, '2D1032CDC2EC',3,29,-64,-65.75862122,1.405477405
,,,,,,
1502208573, 'DAD655CD510A',2,29,-54,-55.03447723,0.421117663
1502208573, '94DC6692F976',3,30,-61,-62.90000534,1.155197978
1502208573, '5D358CDAED0D',2,29,-50,-51.20690155,0.55929184
1502208573, '2D1032CDC2EC',3,28,-64,-65.2142868,0.629941344
,,,,,,
1502208633, 'DAD655CD510A',2,30,-53,-55.06666565,0.784914911
1502208633, '94DC6692F976',3,29,-60,-66.62068939,2.624251604
1502208633, '5D358CDAED0D',2,30,-49,-50.2666626,0.520831347
1502208633, '2D1032CDC2EC',3,27,-63,-65.88889313,1.01273942
,,,,,,
1502208693, 'DAD655CD510A',2,29,-53,-55.86207199,1.597411513
1502208693, '9A34ECDEA99E',2,30,-62,-64.1333313,1.252123833
1502208693, '94DC6692F976',3,29,-62,-66.13792419,1.940618992
1502208693, '5D358CDAED0D',2,30,-50,-50.79999924,0.550861776
,,,,,,
1502208753, 'DAD655CD510A',2,29,-52,-55.31034088,1.227757812
1502208753, '9A34ECDEA99E',2,30,-60,-64.66666412,3.407227516
1502208753, '5D358CDAED0D',2,29,-48,-50.13793182,1.663134217
1502208753, 'F9632B2DFC58',2,27,-70,-74.03704071,2.44133687
,,,,,,
1502208813, 'DAD655CD510A',2,30,-53,-54.56666946,0.727931976
1502208813, '9A34ECDEA99E',2,27,-63,-65.66665649,2.987151146
1502208813, '94DC6692F976',3,28,-61,-66.7857132,2.948409319
1502208813, '5D358CDAED0D',2,30,-48,-49.83333588,1.315249085
,,,,,,
1502208873, 'DAD655CD510A',2,30,-53,-54.33333588,0.802295566
1502208873, '9A34ECDEA99E',2,30,-63,-66.40000916,1.714036584
1502208873, '5D358CDAED0D',2,29,-48,-50.41379547,1.018304586
1502208873, '2D1032CDC2EC',3,30,-66,-67.76667786,1.45467782
,,,,,,
1502208933, 'DAD655CD510A',2,29,-53,-54.6896553,0.806379616
1502208933, '9A34ECDEA99E',2,29,-64,-66.24138641,1.184879541
1502208933, '94DC6692F976',3,28,-63,-68.5,4.811249256
1502208933, '5D358CDAED0D',2,29,-49,-49.48275757,0.508547843
,,,,,,
1502208993, 'DAD655CD510A',2,30,-54,-54.86666489,0.345746368
1502208993, '9A34ECDEA99E',2,25,-61,-64.84000397,1.14309597
1502208993, '94DC6692F976',3,28,-63,-64.85714722,1.238706231
1502208993, '5D358CDAED0D',2,30,-49,-49.56666946,0.504006863
,,,,,,
1502209053, 'DAD655CD510A',2,29,-54,-54.96552277,0.625800252
1502209053, '9A34ECDEA99E',2,29,-63,-64.75862122,0.689471126
1502209053, '94DC6692F976',3,28,-63,-67.46429443,2.185508966
1502209053, '5D358CDAED0D',2,30,-49,-49.23333359,0.430182904
,,,,,,
1502209113, 'DAD655CD510A',2,30,-53,-54.46666718,0.571346521
1502209113, '9A34ECDEA99E',2,29,-64,-66.55173492,1.502049208
1502209113, '94DC6692F976',3,27,-64,-67.8888855,2.736270189
1502209113, '5D358CDAED0D',2,29,-49,-49.48275757,0.508547783
,,,,,,
1502209173, 'DAD655CD510A',2,30,-53,-54.76665878,0.858360827
1502209173, '9A34ECDEA99E',2,28,-63,-66.2857132,2.157795668
1502209173, '94DC6692F976',3,27,-61,-67.44442749,6.008547306
1502209173, '5D358CDAED0D',2,30,-47,-49.96666336,0.718394876
,,,,,,
1502209233, 'DAD655CD510A',2,28,-54,-54.8928566,0.628890693
1502209233, '9A34ECDEA99E',2,28,-63,-64.82141876,1.055972815
1502209233, '94DC6692F976',3,29,-65,-69.31035614,3.704277754
1502209233, '5D358CDAED0D',2,30,-49,-49.90000153,0.305128455
,,,,,,
1502209293, 'DAD655CD510A',2,30,-53,-54.60000229,0.563241124
1502209293, '9A34ECDEA99E',2,30,-63,-63.60000229,0.723972857
1502209293, '94DC6692F976',3,26,-66,-70.11539459,2.688150167
1502209293, '5D358CDAED0D',2,30,-49,-49.5,0.508547902
,,,,,,
1502209353, 'DAD655CD510A',2,29,-52,-54.58620834,0.866736114
1502209353, '9A34ECDEA99E',2,30,-63,-65.0333252,1.129033327
1502209353, '94DC6692F976',3,28,-60,-65.35713959,3.324590921
1502209353, '5D358CDAED0D',2,30,-49,-49.93333435,0.449777097
,,,,,,
1502209413, '9A34ECDEA99E',2,30,-63,-66.53334045,1.569828272
1502209413, '94DC6692F976',3,30,-58,-61.13333511,2.528915167
1502209413, '5D358CDAED0D',2,29,-48,-50.00000381,1.711307526
1502209413, '2D1032CDC2EC',3,29,-53,-63.27586365,2.950746298
,,,,,,
1502209473, 'DAD655CD510A',2,30,-52,-53,0.870988011
1502209473, '94DC6692F976',3,28,-56,-58.9642868,1.261455059
1502209473, '5D358CDAED0D',2,30,-48,-49.86666489,0.681445301
1502209473, '2D1032CDC2EC',3,30,-35,-42.66666412,6.979444027
,,,,,,
1502209533, 'DAD655CD510A',2,29,-52,-52.41379166,0.501230299
1502209533, '9A34ECDEA99E',2,28,-62,-63.46429062,0.792656898
1502209533, '94DC6692F976',3,30,-59,-60.56666946,0.897635102
1502209533, '5D358CDAED0D',2,30,-49,-49.83333588,0.461133033
,,,,,,
1502209593, 'DAD655CD510A',2,30,-50,-52.43333817,1.278015971
1502209593, '9A34ECDEA99E',2,28,-61,-63.92856979,1.184109688
1502209593, '94DC6692F976',3,27,-58,-61.25926208,2.313714266
1502209593, '5D358CDAED0D',2,30,-49,-49.70000076,0.702213168
,,,,,,
1502209653, 'DAD655CD510A',2,30,-52,-52.53333282,0.681445062
1502209653, '9A34ECDEA99E',2,28,-62,-64.2142868,1.100745559
1502209653, '94DC6692F976',3,29,-59,-62.89654922,1.970222354
1502209653, '5D358CDAED0D',2,30,-49,-50.06666565,0.583291948
,,,,,,
1502209713, 'DAD655CD510A',2,29,-51,-52.27586365,0.648985207
1502209713, '9A34ECDEA99E',2,28,-62,-63.8571434,1.32537365
1502209713, '94DC6692F976',3,26,-61,-64.2692337,2.358944416
1502209713, '5D358CDAED0D',2,30,-48,-49.43333435,0.626062214
,,,,,,
1502209773, 'DAD655CD510A',2,28,-52,-52.10713959,0.314970791
1502209773, '9A34ECDEA99E',2,29,-62,-63.48275757,0.82897079
1502209773, '94DC6692F976',3,29,-60,-62.34482574,1.232762456
1502209773, '5D358CDAED0D',2,29,-45,-49.27585602,0.996300042
,,,,,,
1502209833, 'DAD655CD510A',2,30,-51,-52.30000305,0.534982741
1502209833, '9A34ECDEA99E',2,28,-61,-63.21428299,1.166098595
1502209833, '94DC6692F976',3,29,-60,-61.34482956,1.044573307
1502209833, '5D358CDAED0D',2,30,-49,-49.33332825,0.844183803
,,,,,,
1502209893, 'DAD655CD510A',2,29,-52,-53.93103409,0.883623064
1502209893, '9A34ECDEA99E',2,28,-61,-62.60713959,1.030615687
1502209893, '94DC6692F976',3,26,-60,-62.61538315,2.316496134
1502209893, '5D358CDAED0D',2,30,-49,-50.59999847,0.968468428
,,,,,,
1502209953, 'DAD655CD510A',2,30,-53,-54.43333054,0.626061738
1502209953, '9A34ECDEA99E',2,29,-61,-63.17241669,1.071347356
1502209953, '94DC6692F976',3,28,-61,-63.96428299,1.773930192
1502209953, '5D358CDAED0D',2,30,-48,-49.43333054,0.678910851
,,,,,,
1502210013, 'DAD655CD510A',2,29,-52,-53.48275757,0.633622766
1502210013, '9A34ECDEA99E',2,29,-64,-65.0689621,0.883621573
1502210013, '94DC6692F976',3,29,-60,-62.89654922,1.397570968
1502210013, '5D358CDAED0D',2,30,-49,-49.90000153,0.480661035
,,,,,,
1502210073, 'DAD655CD510A',2,28,-52,-53.32143402,0.66963613
1502210073, '9A34ECDEA99E',2,29,-63,-65.27584839,1.065580845
1502210073, '94DC6692F976',3,29,-62,-64.68965912,1.53770268
1502210073, '5D358CDAED0D',2,30,-47,-49.53333282,1.008014083
,,,,,,
1502210133, 'DAD655CD510A',2,28,-52,-54.07142639,1.488936901
1502210133, '9A34ECDEA99E',2,30,-64,-65.59999084,0.855004787
1502210133, '94DC6692F976',3,29,-60,-62.55172348,1.152208686
1502210133, '5D358CDAED0D',2,30,-46,-48.99999619,0.694808841
,,,,,,
1502210193, 'DAD655CD510A',2,29,-53,-54.79310226,1.081641912
1502210193, '9A34ECDEA99E',2,29,-63,-64.24138641,1.023133636
1502210193, '459F7A08D5D7',2,28,-63,-64.9642868,1.502642632
1502210193, '94DC6692F976',3,28,-62,-63.53571701,1.875419021
,,,,,,
1502210253, 'DAD655CD510A',2,29,-52,-53.96551895,1.085052848
1502210253, '9A34ECDEA99E',2,27,-61,-63.11111069,0.800640702
1502210253, '459F7A08D5D7',2,30,-63,-65.73332214,1.112104416
1502210253, '94DC6692F976',3,23,-64,-69,4.12310648
,,,,,,
1502210313, 'DAD655CD510A',2,30,-54,-54.73333359,0.520830572
1502210313, '9A34ECDEA99E',2,30,-62,-63.16666794,0.530669212
1502210313, '459F7A08D5D7',2,29,-63,-63.58621216,0.627764881
1502210313, '94DC6692F976',3,30,-63,-66.4666748,1.502489686
,,,,,,
1502210373, 'DAD655CD510A',2,30,-54,-54.66666794,0.711157739
1502210373, '9A34ECDEA99E',2,27,-63,-63.66667175,0.679365873
1502210373, '459F7A08D5D7',2,29,-63,-64.41379547,0.945561171
1502210373, '94DC6692F976',3,29,-65,-67.55171967,1.525642514
,,,,,,
1502210433, 'DAD655CD510A',2,30,-52,-53.73333359,0.691491902
1502210433, '9A34ECDEA99E',2,29,-63,-64.5861969,1.052790165
1502210433, '459F7A08D5D7',2,29,-63,-64.55172729,0.827483892
1502210433, '94DC6692F976',3,22,-64,-69,2.77745986
,,,,,,
1502210493, 'DAD655CD510A',2,29,-53,-53.44827652,0.572351098
1502210493, '9A34ECDEA99E',2,27,-63,-65.25926208,0.984205425
1502210493, '459F7A08D5D7',2,29,-63,-64.20689392,0.977580845
1502210493, '94DC6692F976',3,29,-65,-67.9655304,2.061251879
,,,,,,
1502210553, 'DAD655CD510A',2,30,-52,-53.39999771,0.674666405
1502210553, '9A34ECDEA99E',2,29,-63,-64.17242432,0.658403993
1502210553, '459F7A08D5D7',2,30,-63,-64.36666107,0.927856266
1502210553, '94DC6692F976',3,27,-63,-67.66667175,2.731580257
,,,,,,
1502210613, 'DAD655CD510A',2,29,-53,-53.10344696,0.309935093
1502210613, '9A34ECDEA99E',2,29,-63,-64.68965149,0.712311685
1502210613, '459F7A08D5D7',2,27,-63,-64.51851654,0.75296247
1502210613, '94DC6692F976',3,21,-69,-73.66666412,2.575526714
,,,,,,
1502210673, 'DAD655CD510A',2,28,-52,-52.67857742,0.475594431
1502210673, '9A34ECDEA99E',2,27,-63,-65.25925446,1.195908308
1502210673, '459F7A08D5D7',2,29,-64,-64.86206818,0.693035603
1502210673, '94DC6692F976',3,25,-68,-73.31999207,3.023797274
,,,,,,
1502210733, 'DAD655CD510A',2,30,-52,-53.09999847,0.480660349
1502210733, '9A34ECDEA99E',2,27,-63,-64.51850128,0.802417576
1502210733, '459F7A08D5D7',2,28,-63,-64.71427917,0.937182009
1502210733, '5D358CDAED0D',2,30,-49,-49.56666946,0.504007399
,,,,,,
1502210793, 'DAD655CD510A',2,30,-52,-52.7333374,0.449776769
1502210793, '9A34ECDEA99E',2,28,-64,-64.85714722,0.755928576
1502210793, '459F7A08D5D7',2,29,-63,-63.89654541,1.046929479
1502210793, '94DC6692F976',3,29,-64,-68.17241669,1.712748051
,,,,,,
1502210853, 'DAD655CD510A',2,30,-51,-52.56666565,0.935261965
1502210853, '9A34ECDEA99E',2,27,-63,-66.03703308,2.065868378
1502210853, '459F7A08D5D7',2,28,-63,-65.17857361,1.188011289
1502210853, '94DC6692F976',3,30,-35,-48.73332596,8.602058411
,,,,,,
1502210913, 'DAD655CD510A',2,30,-53,-53.06666183,0.253708035
1502210913, '9A34ECDEA99E',2,28,-66,-66.74999237,0.799305975
1502210913, '459F7A08D5D7',2,28,-64,-65.64285278,0.869834781
1502210913, '94DC6692F976',3,30,-44,-46.33333206,0.711158574
,,,,,,
1502210973, 'DAD655CD510A',2,27,-53,-53.11111069,0.320256054
1502210973, '9A34ECDEA99E',2,29,-66,-66.99999237,0.925821126
1502210973, '459F7A08D5D7',2,29,-65,-65.55171967,0.572350502
1502210973, '94DC6692F976',3,30,-45,-46.86667252,1.736687064
,,,,,,
1502211033, 'DAD655CD510A',2,30,-46,-52.5,1.456258774
1502211033, '459F7A08D5D7',2,28,-63,-64.92858124,1.46384716
1502211033, '9A34ECDEA99E',2,28,-64,-67.03572083,1.794685841
1502211033, '94DC6692F976',3,30,-40,-44.66667557,1.787569523
,,,,,,
1502211093, 'DAD655CD510A',2,30,-52,-53.03333664,0.41384086
1502211093, '459F7A08D5D7',2,29,-62,-65.37931824,1.399327636
1502211093, '9A34ECDEA99E',2,29,-66,-68.37929535,1.699027181
1502211093, '94DC6692F976',3,29,-41,-45.82759094,1.226754189
,,,,,,
1502211153, 'DAD655CD510A',2,30,-52,-53.09999847,0.547722578
1502211153, '459F7A08D5D7',2,29,-63,-65.79309845,1.048104525
1502211153, '9A34ECDEA99E',2,30,-65,-66.80000305,0.714383602
1502211153, '94DC6692F976',3,29,-43,-45.10344315,0.976318955
,,,,,,
1502211213, 'DAD655CD510A',2,28,-52,-53.3928566,0.875142097
1502211213, '459F7A08D5D7',2,28,-65,-65.96427917,0.792659283
1502211213, '9A34ECDEA99E',2,29,-64,-66.34482574,1.26140058
1502211213, '94DC6692F976',3,30,-44,-45.86666489,1.479361176
,,,,,,
1502211273, 'DAD655CD510A',2,30,-52,-53.33333588,0.546672225
1502211273, '459F7A08D5D7',2,27,-63,-64.8888855,0.847317517
1502211273, '9A34ECDEA99E',2,28,-63,-64.2857132,1.083791614
1502211273, '94DC6692F976',3,30,-44,-46.43333054,1.97716856
,,,,,,
1502211333, 'DAD655CD510A',2,30,-52,-53.29999924,0.595963717
1502211333, '459F7A08D5D7',2,28,-63,-64.75000763,0.967047215
1502211333, '9A34ECDEA99E',2,30,-64,-65.1000061,0.8448627
1502211333, '94DC6692F976',3,30,-46,-48.73333359,1.617433786
,,,,,,
1502211393, 'DAD655CD510A',2,28,-53,-54.32142258,0.722833335
1502211393, '459F7A08D5D7',2,27,-65,-67.33332825,1.732049108
1502211393, '9A34ECDEA99E',2,29,-59,-63.27586746,2.297460318
1502211393, '94DC6692F976',3,29,-43,-44.58620834,1.350059748
,,,,,,
1502211453, '459F7A08D5D7',2,29,-66,-68.62070465,1.719922781
1502211453, '9A34ECDEA99E',2,28,-61,-62.5357132,0.792658567
1502211453, '94DC6692F976',3,29,-44,-47.31034088,2.829734802
1502211453, '5D358CDAED0D',2,30,-47,-50.50000381,1.042211294
,,,,,,
1502211513, '459F7A08D5D7',2,28,-67,-68.92856598,1.331344843
1502211513, '9A34ECDEA99E',2,30,-60,-62.00000381,0.870989323
1502211513, '94DC6692F976',3,30,-42,-46.06666565,3.061814547
1502211513, '5D358CDAED0D',2,30,-49,-50.66667175,0.884087443
,,,,,,
1502211573, '459F7A08D5D7',2,28,-66,-67.60713196,0.956046939
1502211573, '9A34ECDEA99E',2,30,-60,-61.50000381,0.629724622
1502211573, '94DC6692F976',3,30,-41,-42.83333206,1.39168334
1502211573, '5D358CDAED0D',2,30,-50,-50.56667328,0.504007578
,,,,,,
1502211633, '459F7A08D5D7',2,31,-63,-66.38710022,1.054430723
1502211633, '9A34ECDEA99E',2,29,-60,-61.51723862,0.784707665
1502211633, '94DC6692F976',3,31,-44,-46.48387146,1.387346387
1502211633, '5D358CDAED0D',2,30,-50,-51.03333282,0.614948094
,,,,,,
1502211693, '2D1032CDC2EC',3,29,-49,-49.82758331,0.710581243
1502211693, 'DAD655CD510A',2,29,-52,-54.03448105,0.865313232
1502211693, '5D358CDAED0D',2,30,-50,-51.16666794,0.592093349
1502211693, '459F7A08D5D7',2,28,-65,-66.4642868,0.792657793
,,,,,,
1502211753, 'F9632B2DFC58',2,21,-73,-78.47618866,3.295739412
1502211753, '2D1032CDC2EC',3,30,-39,-45.56666946,4.882648468
1502211753, 'DAD655CD510A',2,30,-54,-55.06666946,0.639683127
1502211753, '5D358CDAED0D',2,30,-48,-50.46666336,1.136641026
,,,,,,
1502211813, '2D1032CDC2EC',3,30,-39,-42.16667175,1.053183556
1502211813, 'DAD655CD510A',2,30,-54,-55.09999847,0.607424796
1502211813, '5D358CDAED0D',2,30,-50,-51.3666687,0.718395531
1502211813, '459F7A08D5D7',2,29,-64,-66.17241669,1.649003744
,,,,,,
1502211873, 'F9632B2DFC58',2,26,-75,-78.99998474,2.019902945
1502211873, '2D1032CDC2EC',3,30,-39,-41.7333374,1.412587523
1502211873, 'DAD655CD510A',2,30,-54,-55.43333054,0.817200243
1502211873, '5D358CDAED0D',2,30,-49,-50.76667023,0.935261011
,,,,,,
1502211933, 'F9632B2DFC58',2,19,-76,-80.21053314,2.462587357
1502211933, '2D1032CDC2EC',3,30,-40,-44.36667252,1.711691737
1502211933, 'DAD655CD510A',2,29,-54,-55.58620834,0.779982746
1502211933, '5D358CDAED0D',2,29,-48,-50.20690536,0.818505704
,,,,,,
1502211993, '2D1032CDC2EC',3,30,-38,-42.23334122,1.755451322
1502211993, 'DAD655CD510A',2,29,-53,-54.48275757,0.949459612
1502211993, '5D358CDAED0D',2,30,-48,-49.33333588,0.802296281
1502211993, '459F7A08D5D7',2,28,-65,-66.42858124,0.920086563
,,,,,,
1502212053, '2D1032CDC2EC',3,30,-42,-42.76666641,0.678910851
1502212053, 'DAD655CD510A',2,29,-52,-53.17241287,0.539109349
1502212053, '5D358CDAED0D',2,30,-49,-49.16666412,0.379049361
1502212053, '459F7A08D5D7',2,30,-65,-66.09999847,0.922888696
,,,,,,
1502212113, '2D1032CDC2EC',3,30,-39,-42.36666489,1.449931026
1502212113, '5D358CDAED0D',2,28,-49,-50.25000763,1.174574018
1502212113, '459F7A08D5D7',2,26,-63,-66.53845978,1.420725584
1502212113, 'DAD655CD510A',2,28,-51,-53.85713577,0.970465422
,,,,,,
1502212173, '2D1032CDC2EC',3,30,-42,-46.59999466,2.027397156
1502212173, '5D358CDAED0D',2,30,-49,-49.83332825,0.698932767
1502212173, '459F7A08D5D7',2,29,-66,-67.17241669,1.037474275
1502212173, 'DAD655CD510A',2,29,-53,-53.75862503,0.635565698
,,,,,,
1502212233, '2D1032CDC2EC',3,30,-42,-43.96665955,1.1591717
1502212233, '5D358CDAED0D',2,30,-49,-50.09999847,0.54772222
1502212233, '459F7A08D5D7',2,30,-64,-66.26665497,1.552152634
1502212233, 'DAD655CD510A',2,30,-41,-54.56666946,2.686920166
,,,,,,
1502212293, '2D1032CDC2EC',3,29,-41,-44.79310226,2.425743818
1502212293, '5D358CDAED0D',2,29,-49,-49.58620453,0.56803143
1502212293, '459F7A08D5D7',2,28,-65,-66.25,0.927961648
1502212293, 'DAD655CD510A',2,27,-52,-54.07407379,1.034999251
,,,,,,
1502212353, 'F9632B2DFC58',2,9,-78,-79.77777863,2.438122988
1502212353, '2D1032CDC2EC',3,30,-41,-42.7333374,0.907186866
1502212353, '5D358CDAED0D',2,30,-49,-50.43332291,0.678915858
1502212353, '459F7A08D5D7',2,28,-66,-67.42857361,1.259878874
,,,,,,
1502212353, 'F9632B2DFC58',2,9,-78,-79.77777863,2.438122988
1502212353, '2D1032CDC2EC',3,30,-41,-42.7333374,0.907186866
1502212353, '5D358CDAED0D',2,30,-49,-50.43332291,0.678915858
1502212353, '459F7A08D5D7',2,28,-66,-67.42857361,1.259878874
,,,,,,
1502212413, 'F9632B2DFC58',2,19,-74,-78.36842346,2.586511135
1502212413, '5D358CDAED0D',2,30,-49,-50.83333206,0.698932052
1502212413, '459F7A08D5D7',2,28,-66,-67.32142639,0.904866815
1502212413, '9A34ECDEA99E',2,30,-60,-61,0.946866274
,,,,,,
1502212473, '5D358CDAED0D',2,30,-52,-52.33333206,0.479462951
1502212473, '459F7A08D5D7',2,29,-66,-66.68965912,0.470823944
1502212473, 'DAD655CD510A',2,29,-54,-54.51723862,0.50854665
1502212473, '9A34ECDEA99E',2,29,-60,-60.58620453,0.682288229
,,,,,,
1502212533, 'F9632B2DFC58',2,15,-76,-79.20001221,1.424275398
1502212533, '5D358CDAED0D',2,30,-51,-52.43333054,0.67891115
1502212533, '459F7A08D5D7',2,28,-65,-66.67855835,1.389202952
1502212533, 'DAD655CD510A',2,30,-53,-53.7333374,0.583292067
,,,,,,
1502212593, '5D358CDAED0D',2,30,-51,-52.30000305,0.534983337
1502212593, '459F7A08D5D7',2,28,-65,-66.2142868,0.738222897
1502212593, 'DAD655CD510A',2,30,-53,-53.59999847,0.674666822
1502212593, '9A34ECDEA99E',2,30,-59,-59.8666687,0.628809631
,,,,,,
1502212593, '5D358CDAED0D',2,30,-51,-52.30000305,0.534983337
1502212593, '459F7A08D5D7',2,28,-65,-66.2142868,0.738222897
1502212593, 'DAD655CD510A',2,30,-53,-53.59999847,0.674666822
1502212593, '9A34ECDEA99E',2,30,-59,-59.8666687,0.628809631
,,,,,,
1502212653, '5D358CDAED0D',2,28,-51,-51.6071434,0.628889561
1502212653, '459F7A08D5D7',2,30,-64,-66.33332825,1.061335802
1502212653, 'DAD655CD510A',2,28,-53,-54.5,1.036374092
1502212653, '9A34ECDEA99E',2,30,-59,-60.73332977,1.257619262
,,,,,,
1502212713, 'F9632B2DFC58',2,29,-71,-75.31034088,2.536921978
1502212713, '5D358CDAED0D',2,30,-51,-51.8666687,0.628810406
1502212713, '459F7A08D5D7',2,30,-65,-66.16667938,0.698931932
1502212713, 'DAD655CD510A',2,29,-54,-55.10344696,0.409251869
,,,,,,
1502212773, 'F9632B2DFC58',2,27,-70,-75.18518066,2.20204401
1502212773, '5D358CDAED0D',2,30,-49,-51.60000229,1.220513701
1502212773, '459F7A08D5D7',2,29,-66,-66.65516663,1.173392534
1502212773, 'DAD655CD510A',2,30,-53,-55.49999237,1.137146831
,,,,,,
1502212833, 'F9632B2DFC58',2,27,-70,-75.59260559,4.106835842
1502212833, '5D358CDAED0D',2,29,-51,-52.10345078,1.447776437
1502212833, '459F7A08D5D7',2,27,-65,-66.88887787,1.846686363
1502212833, 'DAD655CD510A',2,30,-55,-55.89999771,0.803011239
,,,,,,
1502212833, 'F9632B2DFC58',2,27,-70,-75.59260559,4.106835842
1502212833, '5D358CDAED0D',2,29,-51,-52.10345078,1.447776437
1502212833, '459F7A08D5D7',2,27,-65,-66.88887787,1.846686363
1502212833, 'DAD655CD510A',2,30,-55,-55.89999771,0.803011239
,,,,,,
1502212893, 'F9632B2DFC58',2,26,-69,-72.69231415,1.715091467
1502212893, '5D358CDAED0D',2,30,-50,-50.93333817,0.520829678
1502212893, '459F7A08D5D7',2,30,-66,-67,0.830456018
1502212893, 'DAD655CD510A',2,28,-55,-56.64286041,1.026114941
,,,,,,
1502212953, 'F9632B2DFC58',2,29,-71,-72.96551514,1.426354885
1502212953, '5D358CDAED0D',2,29,-49,-50.7586174,0.87240237
1502212953, '459F7A08D5D7',2,28,-66,-67.07142639,1.015749454
1502212953, 'DAD655CD510A',2,30,-55,-56.50000381,1.042210698
,,,,,,
1502213013, 'F9632B2DFC58',2,28,-72,-74.57142639,1.642686367
1502213013, '5D358CDAED0D',2,29,-51,-51.82758713,0.384426236
1502213013, '459F7A08D5D7',2,28,-65,-67.07141876,1.864458084
1502213013, 'DAD655CD510A',2,30,-57,-57.8666687,0.628809512
,,,,,,
1502213073, 'F9632B2DFC58',2,29,-71,-74.79309845,2.006757021
1502213073, '5D358CDAED0D',2,30,-50,-51.46666718,0.681444883
1502213073, 'DAD655CD510A',2,30,-54,-55.83333969,1.743625641
1502213073, '9A34ECDEA99E',2,29,-61,-62.99999237,1.133893847
,,,,,,
1502213133, 'F9632B2DFC58',2,25,-73,-75.79999542,1.68325007
1502213133, '5D358CDAED0D',2,30,-49,-50.56666565,0.773854196
1502213133, '459F7A08D5D7',2,30,-67,-67.80000305,0.714384019
1502213133, 'DAD655CD510A',2,29,-54,-55.51724243,0.633622587
,,,,,,
1502213193, 'F9632B2DFC58',2,24,-76,-78.83334351,1.464557171
1502213193, '5D358CDAED0D',2,30,-50,-50.76667023,0.626061738
1502213193, '459F7A08D5D7',2,30,-66,-67.66666412,0.994233608
1502213193, 'DAD655CD510A',2,30,-55,-55.66666794,0.546672761
,,,,,,
1502213253, 'F9632B2DFC58',2,26,-73,-79.2307663,2.518852472
1502213253, '5D358CDAED0D',2,29,-51,-51.68965149,0.470822752
1502213253, 'DAD655CD510A',2,30,-55,-56.20000458,0.961319745
1502213253, '9A34ECDEA99E',2,29,-60,-61.0689621,0.798705339
,,,,,,
1502213313, 'F9632B2DFC58',2,24,-72,-74.91666412,1.767256975
1502213313, '5D358CDAED0D',2,29,-51,-51.20689774,0.412251383
1502213313, '459F7A08D5D7',2,30,-66,-67.2666626,0.739679754
1502213313, 'DAD655CD510A',2,29,-55,-56.48276138,0.633622587
,,,,,,
1502213313, 'F9632B2DFC58',2,24,-72,-74.91666412,1.767256975
1502213313, '5D358CDAED0D',2,29,-51,-51.20689774,0.412251383
1502213313, '459F7A08D5D7',2,30,-66,-67.2666626,0.739679754
1502213313, 'DAD655CD510A',2,29,-55,-56.48276138,0.633622587
,,,,,,
1502213373, 'F9632B2DFC58',2,29,-71,-74.10344696,1.345490336
1502213373, '5D358CDAED0D',2,28,-50,-50.74999619,0.844371915
1502213373, '459F7A08D5D7',2,30,-63,-67.06666565,2.585547686
1502213373, 'DAD655CD510A',2,30,-55,-55.83333588,0.746640086
,,,,,,
1502213433, '5D358CDAED0D',2,30,-50,-50.90000153,0.547722578
1502213433, '459F7A08D5D7',2,29,-65,-66.44828796,0.909720838
1502213433, 'DAD655CD510A',2,30,-55,-57.59999847,1.328727603
1502213433, '9A34ECDEA99E',2,29,-60,-61.13793564,1.059787154
,,,,,,
1502213493, '5D358CDAED0D',2,30,-50,-50.7666626,0.504008114
1502213493, '459F7A08D5D7',2,29,-65,-67.24137878,1.154345155
1502213493, 'DAD655CD510A',2,26,-55,-57.65384674,1.01753974
1502213493, '9A34ECDEA99E',2,30,-59,-61.06667328,1.11210835
,,,,,,
1502213553, 'F9632B2DFC58',2,28,-69,-70.75000763,1.205694795
1502213553, '5D358CDAED0D',2,30,-49,-50.70000458,0.534982443
1502213553, 'DAD655CD510A',2,30,-55,-57.16666412,1.116748571
1502213553, '9A34ECDEA99E',2,29,-61,-62.34483337,0.720903933
,,,,,,
1502213613, 'F9632B2DFC58',2,28,-70,-71.14286804,1.04400754
1502213613, '5D358CDAED0D',2,30,-50,-50.46666336,0.571344852
1502213613, 'DAD655CD510A',2,30,-55,-56.33333206,0.546671629
1502213613, '9A34ECDEA99E',2,30,-61,-62.56666183,0.62606144
,,,,,,
1502213673, 'F9632B2DFC58',2,29,-69,-76.24137878,4.239737988
1502213673, '5D358CDAED0D',2,29,-49,-49.55172729,0.506120563
1502213673, 'DAD655CD510A',2,27,-55,-56.51851273,0.935223043
1502213673, '9A34ECDEA99E',2,29,-58,-61.31034088,0.890562892
,,,,,,
1502213733, 'F9632B2DFC58',2,27,-76,-79.37036896,1.863580108
1502213733, '5D358CDAED0D',2,30,-49,-49.40000534,0.563240409
1502213733, 'DAD655CD510A',2,27,-55,-56.03704071,0.854016066
1502213733, '94DC6692F976',3,30,-40,-41.66667557,0.711161911
,,,,,,
1502213793, '5D358CDAED0D',2,30,-47,-49.59999847,0.674664676
1502213793, 'DAD655CD510A',2,30,-54,-56.10000229,0.661764145
1502213793, '94DC6692F976',3,30,-41,-41.69999695,0.466090262
1502213793, '459F7A08D5D7',2,28,-66,-66.9642868,0.744467676
,,,,,,
1502213853, 'F9632B2DFC58',2,28,-69,-70.14286041,1.145500064
1502213853, '5D358CDAED0D',2,29,-49,-50.34482956,0.669534385
1502213853, '94DC6692F976',3,29,-42,-43.0689621,0.650879979
1502213853, '459F7A08D5D7',2,28,-66,-67.03572083,0.838082075
,,,,,,
1502213913, 'F9632B2DFC58',2,27,-70,-72.222229,2.621408463
1502213913, '5D358CDAED0D',2,30,-49,-49.8666687,0.345745504
1502213913, 'DAD655CD510A',2,28,-55,-55.1428566,0.356348664
1502213913, '94DC6692F976',3,30,-42,-43.10000229,0.480660319
,,,,,,
1502213973, 'F9632B2DFC58',2,25,-74,-77.00000763,1.870830774
1502213973, '5D358CDAED0D',2,30,-48,-49.03333282,0.668674886
1502213973, 'DAD655CD510A',2,30,-54,-55.09999847,0.547723174
1502213973, '94DC6692F976',3,30,-40,-45.06666565,2.016028166
,,,,,,
1502214033, 'F9632B2DFC58',2,28,-76,-78.5357132,1.574851155
1502214033, 'DAD655CD510A',2,30,-56,-56.39999771,0.498274267
1502214033, '5D358CDAED0D',2,30,-50,-50.30000687,0.466090649
1502214033, '94DC6692F976',3,30,-39,-40,0.371390462
,,,,,,
1502214093, 'F9632B2DFC58',2,29,-72,-76.89656067,1.588909149
1502214093, 'DAD655CD510A',2,28,-56,-56.67856979,0.475594521
1502214093, '5D358CDAED0D',2,30,-49,-50.30000305,0.534983158
1502214093, '94DC6692F976',3,30,-39,-39.93333817,0.253707796
,,,,,,
1502214153, 'DAD655CD510A',2,30,-56,-56.96666336,0.490132242
1502214153, '5D358CDAED0D',2,29,-50,-50.20689774,0.412251592
1502214153, '94DC6692F976',3,30,-38,-40.59999847,0.723974168
1502214153, '459F7A08D5D7',2,30,-67,-69.06667328,0.980265439
,,,,,,
1502214213, 'F9632B2DFC58',2,26,-72,-76.2307663,1.531211257
1502214213, 'DAD655CD510A',2,30,-55,-56.2666626,0.639681935
1502214213, '5D358CDAED0D',2,29,-49,-50.06896591,0.371390551
1502214213, '94DC6692F976',3,30,-39,-40.13333893,0.681444764
,,,,,,
1502214273, 'F9632B2DFC58',2,29,-73,-75.31034088,1.198317528
1502214273, 'DAD655CD510A',2,28,-55,-55.28571701,0.460043132
1502214273, '5D358CDAED0D',2,30,-50,-50.06666183,0.253707826
1502214273, '94DC6692F976',3,30,-39,-40.2333374,0.626063347
,,,,,,
1502214333, 'DAD655CD510A',2,28,-55,-55,0
1502214333, '5D358CDAED0D',2,30,-49,-50.09999847,0.402578205
1502214333, '94DC6692F976',3,30,-39,-39.93333817,0.449776441
1502214333, '459F7A08D5D7',2,28,-68,-69.60714722,0.737325191
,,,,,,
1502214393, 'F9632B2DFC58',2,22,-73,-75.09091187,2.223448277
1502214393, 'DAD655CD510A',2,30,-55,-55.06666183,0.253708035
1502214393, '5D358CDAED0D',2,30,-50,-50.7666626,0.430183411
1502214393, '94DC6692F976',3,30,-39,-39.76667023,0.430182844
,,,,,,
6392B6C5FB53,,,,,,
,,,,,,
time,hwid,type,samples,maxRSSI,mean,stddev
1502214573, 'F9632B2DFC58',2,24,-70,-76.70832062,4.685590267
1502214573, '5D358CDAED0D',2,30,-48,-50.03334045,0.556054354
1502214573, '94DC6692F976',3,30,-40,-41.96666718,1.496739626
1502214573, '459F7A08D5D7',2,30,-65,-67.29999542,1.556962132
,,,,,,
1502214633, 'DAD655CD510A',2,29,-54,-56.41379929,0.824502766
1502214633, '5D358CDAED0D',2,30,-48,-49.93333817,0.449776471
1502214633, '94DC6692F976',3,30,-40,-42.23333359,0.817200243
1502214633, '459F7A08D5D7',2,29,-65,-68.10345459,2.756095886
,,,,,,
1502214693, 'F9632B2DFC58',2,26,-73,-78.46154022,2.249102354
1502214693, 'DAD655CD510A',2,28,-56,-56.6071434,0.628890097
1502214693, '5D358CDAED0D',2,28,-50,-50.5357132,0.507873952
1502214693, '94DC6692F976',3,30,-40,-40.56666946,0.504006028
,,,,,,
1502214753, 'DAD655CD510A',2,29,-56,-57.24137497,1.090713978
1502214753, '5D358CDAED0D',2,30,-49,-50.20000076,0.484234542
1502214753, '94DC6692F976',3,30,-39,-41.29999542,1.290551305
1502214753, '459F7A08D5D7',2,27,-66,-70.18520355,3.863401175
,,,,,,
1502214813, 'F9632B2DFC58',2,26,-72,-74.84615326,1.736487031
1502214813, 'DAD655CD510A',2,28,-55,-56,0.720082819
1502214813, '5D358CDAED0D',2,29,-50,-50.13793182,0.350931436
1502214813, '94DC6692F976',3,30,-42,-42.29999542,0.466091305
,,,,,,
1502214873, 'F9632B2DFC58',2,23,-69,-75.56522369,3.272840261
1502214873, 'DAD655CD510A',2,29,-55,-56.34482574,0.552646697
1502214873, '5D358CDAED0D',2,28,-50,-50.67857742,0.904864311
1502214873, '94DC6692F976',3,30,-37,-42.09999847,1.15519774
,,,,,,
1502214933, 'F9632B2DFC58',2,29,-70,-72.20689392,1.878056884
1502214933, 'DAD655CD510A',2,29,-56,-56.34482574,0.483724207
1502214933, '5D358CDAED0D',2,29,-51,-51.62068939,0.493805438
1502214933, '94DC6692F976',3,30,-42,-42.90000153,0.305128485
,,,,,,
1502214993, 'F9632B2DFC58',2,29,-70,-73.03449249,1.349148035
1502214993, 'DAD655CD510A',2,30,-54,-55.3999939,0.62145412
1502214993, '5D358CDAED0D',2,30,-51,-52.03333282,0.490132213
1502214993, '94DC6692F976',3,30,-42,-43.13333511,0.68144536
,,,,,,
1502215053, 'F9632B2DFC58',2,29,-68,-70.55172729,1.594322205
1502215053, 'DAD655CD510A',2,29,-54,-55.20689774,0.726012409
1502215053, '5D358CDAED0D',2,29,-49,-51.27585983,0.648985267
1502215053, '94DC6692F976',3,29,-41,-43.20689392,0.861034334
,,,,,,
1502215113, 'F9632B2DFC58',2,30,-69,-71.6333313,1.496736407
1502215113, 'DAD655CD510A',2,29,-55,-55.58621216,0.68228811
1502215113, '5D358CDAED0D',2,30,-48,-50.13333893,0.819307864
1502215113, '94DC6692F976',3,29,-42,-43.48276138,1.021927118
,,,,,,
1502215173, 'F9632B2DFC58',2,24,-71,-74.41667175,2.586195469
1502215173, 'DAD655CD510A',2,29,-54,-55.82758331,1.037474513
1502215173, '5D358CDAED0D',2,30,-48,-49.2666626,0.94443363
1502215173, '94DC6692F976',3,29,-40,-42.27585983,1.509412766
,,,,,,
1502215233, 'DAD655CD510A',2,30,-54,-56.23333359,0.935261488
1502215233, '94DC6692F976',3,30,-39,-42.06666565,1.229895473
1502215233, 'F9632B2DFC58',2,29,-69,-72.10343933,2.288864374
1502215233, '459F7A08D5D7',2,26,-66,-71.46154022,3.385034323
,,,,,,
1502215293, '5D358CDAED0D',2,30,-43,-43.83333588,0.461133152
1502215293, '459F7A08D5D7',2,23,-69,-75.17391205,4.648091316
1502215293, '9A34ECDEA99E',2,30,-63,-64.59999847,0.621455252
1502215293, '2D1032CDC2EC',3,30,-41,-42.33332825,1.093345761
,,,,,,
1502215353, '459F7A08D5D7',2,27,-62,-69.99999237,3.941884756
1502215353, '9A34ECDEA99E',2,30,-59,-63.8666687,1.332183957
1502215353, '5D358CDAED0D',2,30,-42,-44.29999161,1.393335342
1502215353, 'DAD655CD510A',2,30,-53,-55.50000381,1.106408715
,,,,,,
1502215413, '459F7A08D5D7',2,29,-63,-66.75862885,3.542145014
1502215413, '9A34ECDEA99E',2,29,-60,-62.68965912,1.284619331
1502215413, '5D358CDAED0D',2,30,-42,-44.39999771,2.094326973
1502215413, 'DAD655CD510A',2,30,-53,-55.8666687,1.696513534
,,,,,,
1502215473, '459F7A08D5D7',2,30,-64,-67.66667175,2.604152441
1502215473, '9A34ECDEA99E',2,30,-60,-63.23332977,1.695498466
1502215473, '5D358CDAED0D',2,30,-42,-43.63333511,1.188547134
1502215473, 'DAD655CD510A',2,30,-50,-56.5,2.763680696
,,,,,,
1502215533, '9A34ECDEA99E',2,30,-64,-66.76665497,1.330890656
1502215533, '459F7A08D5D7',2,28,-64,-67.17858124,1.467009783
1502215533, '5D358CDAED0D',2,30,-43,-43.13333511,0.571346462
1502215533, 'DAD655CD510A',2,30,-54,-55.33333588,0.802295566
,,,,,,
1502215593, '9A34ECDEA99E',2,29,-62,-64.03447723,1.148996472
1502215593, '459F7A08D5D7',2,28,-65,-66.96427917,1.318870544
1502215593, '5D358CDAED0D',2,29,-42,-49.24138641,5.289170742
1502215593, 'DAD655CD510A',2,30,-55,-55.96667099,0.668674231
,,,,,,
1502215653, '9A34ECDEA99E',2,28,-63,-64.7857132,1.100748301
1502215653, '5D358CDAED0D',2,28,-52,-53.25,0.844371736
1502215653, 'DAD655CD510A',2,29,-54,-56.55172348,1.297971606
1502215653, '94DC6692F976',3,29,-41,-42.03448486,0.421117872
,,,,,,
1502215713, '9A34ECDEA99E',2,29,-59,-63.79310608,2.381167173
1502215713, '459F7A08D5D7',2,26,-63,-65.57692719,2.119869947
1502215713, '5D358CDAED0D',2,30,-50,-52.20000076,1.030568242
1502215713, 'DAD655CD510A',2,30,-53,-56.26666641,1.799105525
,,,,,,
1502215773, '9A34ECDEA99E',2,30,-60,-61.93333435,0.907187223
1502215773, '459F7A08D5D7',2,29,-63,-64.5861969,1.118582845
1502215773, '5D358CDAED0D',2,30,-50,-52.30000687,1.417865872
1502215773, 'DAD655CD510A',2,30,-54,-55.46667099,0.77607739
,,,,,,
1502215833, '9A34ECDEA99E',2,27,-60,-62.25925827,1.163306117
1502215833, '459F7A08D5D7',2,28,-63,-65.14285278,1.75782454
1502215833, '5D358CDAED0D',2,29,-50,-52.79310226,1.655711055
1502215833, 'DAD655CD510A',2,29,-54,-55.96551514,1.349146724
,,,,,,
1502215893, '9A34ECDEA99E',2,29,-59,-62.93103027,1.386954308
1502215893, '5D358CDAED0D',2,28,-52,-57.1428566,2.460265875
1502215893, 'DAD655CD510A',2,29,-52,-54.27586746,0.840771556
1502215893, '94DC6692F976',3,30,-38,-40.80000305,1.270349264
,,,,,,
1502215953, '9A34ECDEA99E',2,28,-59,-60.6071434,0.737326741
1502215953, '459F7A08D5D7',2,29,-63,-65.44828033,1.055129051
1502215953, '5D358CDAED0D',2,29,-54,-56.1724205,1.104178667
1502215953, 'DAD655CD510A',2,30,-52,-54.1333313,0.860366285
,,,,,,
1502216013, '9A34ECDEA99E',2,28,-60,-61.82143021,1.248809457
1502216013, '459F7A08D5D7',2,26,-63,-66.42308044,1.677451849
1502216013, '5D358CDAED0D',2,28,-54,-54.82143021,0.66963613
1502216013, 'DAD655CD510A',2,30,-53,-54.29999542,0.534982145
,,,,,,
1502216073, '9A34ECDEA99E',2,29,-60,-61.55172729,0.869572997
1502216073, '459F7A08D5D7',2,28,-64,-66.28572083,1.181874037
1502216073, '5D358CDAED0D',2,30,-51,-53.79999924,1.15668869
1502216073, 'DAD655CD510A',2,30,-53,-53.90000153,0.402577609
,,,,,,
1502216133, '459F7A08D5D7',2,29,-63,-65.48275757,1.213634014
1502216133, '5D358CDAED0D',2,30,-50,-50.79999924,0.61025703
1502216133, 'DAD655CD510A',2,30,-53,-55.06666946,0.868344784
1502216133, '94DC6692F976',3,30,-33,-41.79999924,1.710011482
,,,,,,
1502216193, '9A34ECDEA99E',2,30,-61,-61.76666641,0.568321168
1502216193, '459F7A08D5D7',2,30,-64,-65.46665955,0.57134521
1502216193, '5D358CDAED0D',2,30,-50,-50.43333435,0.504006684
1502216193, 'DAD655CD510A',2,30,-55,-56.66666794,2.022857904
,,,,,,
1502216253, '9A34ECDEA99E',2,29,-61,-61.89655304,0.557086051
1502216253, '459F7A08D5D7',2,27,-64,-65.33332825,0.999998331
1502216253, '5D358CDAED0D',2,30,-47,-50.86666489,0.819307268
1502216253, '94DC6692F976',3,29,-41,-42.31034851,0.541390061
,,,,,,
1502216313, '9A34ECDEA99E',2,28,-60,-60.99999237,0.981307268
1502216313, '459F7A08D5D7',2,27,-64,-67.40740967,2.357628107
1502216313, '5D358CDAED0D',2,30,-49,-51.30000687,0.836658835
1502216313, '94DC6692F976',3,30,-41,-42.06666565,0.449775308
,,,,,,
1502216373, '459F7A08D5D7',2,28,-65,-67.39286041,1.707048774
1502216373, '5D358CDAED0D',2,30,-49,-51.53333282,1.479359984
1502216373, '9A34ECDEA99E',2,29,-60,-61.6896553,0.760801435
1502216373, '94DC6692F976',3,30,-41,-41.90000153,0.48066026
,,,,,,
1502216433, '459F7A08D5D7',2,27,-64,-67.85184479,1.610153079
1502216433, '5D358CDAED0D',2,30,-44,-49.63333511,3.045441389
1502216433, '9A34ECDEA99E',2,28,-61,-62.75,1.004619241
1502216433, '94DC6692F976',3,30,-41,-41.96666336,0.76489085
,,,,,,
1502216493, '459F7A08D5D7',2,28,-68,-70.39285278,1.523622632
1502216493, '5D358CDAED0D',2,29,-44,-45.0689621,0.371390849
1502216493, '9A34ECDEA99E',2,30,-59,-62.43333435,1.35655129
1502216493, '94DC6692F976',3,30,-42,-42.33333206,0.479464173
,,,,,,
1502216553, '459F7A08D5D7',2,26,-64,-67.69229889,2.709525585
1502216553, '5D358CDAED0D',2,30,-43,-44.96666336,1.217214227
1502216553, '9A34ECDEA99E',2,29,-60,-61.9310379,0.650880218
1502216553, '94DC6692F976',3,30,-41,-42.56666946,0.626061976
,,,,,,
1502216613, '459F7A08D5D7',2,29,-66,-67.89653778,2.335211039
1502216613, '5D358CDAED0D',2,30,-43,-43.36666489,0.490132362
1502216613, '9A34ECDEA99E',2,30,-59,-60.40000153,1.003442764
1502216613, '94DC6692F976',3,30,-41,-42.66666794,0.546672404
,,,,,,
1502216673, '459F7A08D5D7',2,27,-66,-68.59257507,1.781512022
1502216673, '5D358CDAED0D',2,29,-45,-45.62068939,0.561488986
1502216673, '9A34ECDEA99E',2,28,-60,-60.82143402,0.772374153
1502216673, '94DC6692F976',3,30,-41,-41.73333359,0.449776292
,,,,,,
1502216733, '459F7A08D5D7',2,28,-64,-67.28572845,2.536505938
1502216733, '5D358CDAED0D',2,29,-46,-45.96551514,0.185695484
1502216733, '9A34ECDEA99E',2,29,-60,-60.44827652,0.572351098
1502216733, '94DC6692F976',3,29,-41,-41.37931061,0.493803233
,,,,,,
1502216793, '459F7A08D5D7',2,26,-63,-68.96154785,4.467488289
1502216793, '5D358CDAED0D',2,30,-43,-45.69999695,0.836659968
1502216793, '9A34ECDEA99E',2,29,-60,-61.79310989,0.675029814
1502216793, '94DC6692F976',3,30,-41,-41.7666626,0.50400722
,,,,,,
1502216853, '459F7A08D5D7',2,28,-66,-69.4642868,3.191217184
1502216853, '5D358CDAED0D',2,30,-43,-43.1333313,0.571345806
1502216853, '9A34ECDEA99E',2,28,-60,-60.57143402,0.790150881
1502216853, '94DC6692F976',3,29,-41,-42.68965149,0.541390121
,,,,,,
1502216913, '459F7A08D5D7',2,29,-66,-67.37930298,0.727708101
1502216913, '5D358CDAED0D',2,30,-42,-43.13332748,0.434172362
1502216913, '9A34ECDEA99E',2,30,-60,-61.33333588,0.802295029
1502216913, '94DC6692F976',3,30,-42,-42.30000687,0.46609059
,,,,,,
1502216973, '459F7A08D5D7',2,27,-66,-67.48149109,2.391819
1502216973, '5D358CDAED0D',2,29,-43,-43.10345459,0.309933007
1502216973, '9A34ECDEA99E',2,30,-61,-61.83333206,0.698932111
1502216973, '94DC6692F976',3,30,-41,-42.56667328,0.568322361
,,,,,,
1502217033, '459F7A08D5D7',2,29,-66,-66.93103027,0.650879681
1502217033, '5D358CDAED0D',2,30,-43,-43.03333664,0.182574347
1502217033, '9A34ECDEA99E',2,30,-60,-62.06666565,1.048261166
1502217033, '94DC6692F976',3,30,-42,-42.26666641,0.449776322
,,,,,,
1502217093, '459F7A08D5D7',2,28,-66,-67.07144165,0.604218245
1502217093, '5D358CDAED0D',2,30,-43,-43,0
1502217093, '9A34ECDEA99E',2,30,-61,-62.79999924,0.99654597
1502217093, '94DC6692F976',3,30,-42,-42.13333511,0.345745295
,,,,,,
1502217153, '459F7A08D5D7',2,27,-67,-68.25925446,0.712125599
1502217153, '5D358CDAED0D',2,30,-43,-43.10000229,0.305128574
1502217153, '9A34ECDEA99E',2,27,-63,-63.81482697,0.681462705
1502217153, '94DC6692F976',3,29,-42,-42.48276138,0.508548081
,,,,,,
1502217213, '459F7A08D5D7',2,29,-65,-67.58620453,1.180716157
1502217213, '5D358CDAED0D',2,30,-42,-43.13333511,0.507416308
1502217213, '9A34ECDEA99E',2,30,-61,-62.43333435,0.727933168
1502217213, '94DC6692F976',3,30,-41,-42.23333359,0.50400573
,,,,,,
1502217273, '459F7A08D5D7',2,27,-67,-67.7036972,1.030863881
1502217273, '5D358CDAED0D',2,30,-43,-43,0
1502217273, '9A34ECDEA99E',2,29,-60,-62.2413826,0.912419975
1502217273, '94DC6692F976',3,30,-42,-42.90000153,0.3051292
,,,,,,
1502217333, '459F7A08D5D7',2,28,-66,-67.60713959,0.91648531
1502217333, '5D358CDAED0D',2,30,-43,-43.03333664,0.182574317
1502217333, '9A34ECDEA99E',2,30,-61,-62.83333588,0.530668736
1502217333, '94DC6692F976',3,29,-42,-42.37931061,0.493803561
,,,,,,
1502217393, '459F7A08D5D7',2,29,-66,-66.93103027,0.650880575
1502217393, '5D358CDAED0D',2,30,-43,-43.06666565,0.365148455
1502217393, '9A34ECDEA99E',2,29,-62,-62.96552658,0.421116203
1502217393, '94DC6692F976',3,30,-42,-42.7333374,1.112106085
,,,,,,
1502217453, '459F7A08D5D7',2,26,-66,-66.49999237,0.761575341
1502217453, '5D358CDAED0D',2,30,-44,-44.29999542,0.595962346
1502217453, '9A34ECDEA99E',2,28,-64,-64.60714722,0.831745088
1502217453, '94DC6692F976',3,29,-44,-44.0689621,0.257881761
,,,,,,
1502217513, '459F7A08D5D7',2,29,-63,-66.03449249,0.731083512
1502217513, '5D358CDAED0D',2,30,-44,-44.56666946,1.104328036
1502217513, '9A34ECDEA99E',2,21,-57,-60.95237732,2.376468897
1502217513, '94DC6692F976',3,30,-41,-44.53332901,2.129162788
,,,,,,
1502217573, '459F7A08D5D7',2,30,-63,-65.40000153,1.037236691
1502217573, '5D358CDAED0D',2,30,-44,-44.66666412,0.479463547
1502217573, '94DC6692F976',3,30,-44,-44.93333054,0.827681243
1502217573, '9A34ECDEA99E',2,29,-59,-60.20689774,0.773641944
,,,,,,
1502217633, '459F7A08D5D7',2,28,-63,-64.46430206,0.922237217
1502217633, '5D358CDAED0D',2,30,-44,-44.8666687,0.345746189
1502217633, '94DC6692F976',3,30,-42,-44.40000153,1.379656672
1502217633, '9A34ECDEA99E',2,29,-60,-60.79310226,1.048103809
,,,,,,
1502217693, '459F7A08D5D7',2,28,-63,-64.60713196,1.165532947
1502217693, '5D358CDAED0D',2,30,-44,-44.40000153,0.674664557
1502217693, '94DC6692F976',3,30,-42,-42.30000305,0.466091603
1502217693, '9A34ECDEA99E',2,30,-60,-60.13333511,0.434172571
,,,,,,
1502217753, '459F7A08D5D7',2,29,-62,-63.99999237,0.654655337
1502217753, '5D358CDAED0D',2,30,-44,-44.26666641,0.449776173
1502217753, '94DC6692F976',3,30,-41,-43.26666641,0.944431841
1502217753, '9A34ECDEA99E',2,29,-60,-60.0689621,0.257880718
,,,,,,
1502217813, '459F7A08D5D7',2,28,-63,-64.14286041,0.524529457
1502217813, '5D358CDAED0D',2,30,-44,-44.03333664,0.182574153
1502217813, '94DC6692F976',3,30,-43,-44.20000076,0.610256433
1502217813, '9A34ECDEA99E',2,29,-60,-60.03448486,0.185695484
,,,,,,
1502217873, '459F7A08D5D7',2,29,-63,-64.72415161,1.221725464
1502217873, '5D358CDAED0D',2,30,-43,-43.96667099,0.319842875
1502217873, '94DC6692F976',3,30,-43,-44.33333206,0.546671271
1502217873, '9A34ECDEA99E',2,29,-59,-59.58620834,0.68228811
,,,,,,
1502217933, '459F7A08D5D7',2,27,-62,-64.85184479,0.988538265
1502217933, '5D358CDAED0D',2,30,-43,-43.83333588,0.379048645
1502217933, '94DC6692F976',3,30,-44,-44.96666336,0.889918327
1502217933, '9A34ECDEA99E',2,30,-58,-59.93334198,0.520830512
,,,,,,
1502217993, '459F7A08D5D7',2,29,-63,-64.20689392,0.559292316
1502217993, '5D358CDAED0D',2,30,-38,-43.7666626,1.104328156
1502217993, '94DC6692F976',3,30,-44,-45.66666412,0.660894215
1502217993, '9A34ECDEA99E',2,27,-59,-60.18518448,0.921414316
,,,,,,
1502218053, '5D358CDAED0D',2,30,-44,-44.16666412,0.592093408
1502218053, '94DC6692F976',3,29,-43,-44.62069702,0.775232196
1502218053, '9A34ECDEA99E',2,30,-57,-59.13333511,1.306043386
1502218053, 'DAD655CD510A',2,30,-55,-55.69999695,0.466091007
,,,,,,
1502218113, '459F7A08D5D7',2,27,-64,-64.777771,0.423659235
1502218113, '5D358CDAED0D',2,29,-44,-44.20689774,0.41225186
1502218113, '94DC6692F976',3,30,-43,-44.26666641,0.52083081
1502218113, '9A34ECDEA99E',2,30,-57,-58.20000076,0.610257089
,,,,,,
1502218173, '459F7A08D5D7',2,30,-64,-64.19999695,0.406837106
1502218173, '5D358CDAED0D',2,30,-44,-44.16666031,0.461133003
1502218173, '94DC6692F976',3,30,-42,-43.86666107,0.776079059
1502218173, '9A34ECDEA99E',2,28,-58,-59.03571701,0.428790867
,,,,,,
1502218233, '459F7A08D5D7',2,30,-63,-63.90000153,0.480659932
1502218233, '5D358CDAED0D',2,30,-44,-44.3666687,0.808716834
1502218233, '94DC6692F976',3,30,-44,-44.16667175,0.379047692
1502218233, '9A34ECDEA99E',2,30,-58,-59.16666794,0.461133063
,,,,,,
1502218293, '459F7A08D5D7',2,30,-64,-64.70001221,0.651257813
1502218293, '5D358CDAED0D',2,30,-44,-44.2333374,0.430183172
1502218293, '94DC6692F976',3,30,-44,-45.13333511,0.819307148
1502218293, '9A34ECDEA99E',2,29,-59,-59.44826889,0.506117523
,,,,,,
1502218353, '459F7A08D5D7',2,30,-64,-65.13332367,0.819307327
1502218353, '5D358CDAED0D',2,30,-44,-44.2666626,0.784915566
1502218353, '94DC6692F976',3,30,-43,-44.20000076,0.76112479
1502218353, '9A34ECDEA99E',2,29,-59,-59.48276138,0.508547008
,,,,,,
1502218413, '459F7A08D5D7',2,28,-63,-65.03570557,0.999340117
1502218413, '5D358CDAED0D',2,30,-44,-44.49999619,0.68228811
1502218413, '94DC6692F976',3,30,-44,-44.49999619,0.508547723
1502218413, '9A34ECDEA99E',2,29,-59,-60.06896973,0.923156202
,,,,,,
1502218473, '459F7A08D5D7',2,30,-64,-65.03334045,0.319842607
1502218473, '5D358CDAED0D',2,30,-44,-44.06666565,0.253707707
1502218473, '94DC6692F976',3,29,-41,-46.48276138,1.378941178
1502218473, '9A34ECDEA99E',2,30,-59,-59.56666946,0.626062453
,,,,,,
1502218533, '5D358CDAED0D',2,30,-44,-44.70000076,0.836660028
1502218533, '94DC6692F976',3,29,-41,-44.27586746,2.085608244
1502218533, '9A34ECDEA99E',2,28,-59,-59.8928566,0.416269928
1502218533, 'DAD655CD510A',2,28,-54,-54.67857742,0.475596189
,,,,,,
1502218593, '459F7A08D5D7',2,29,-65,-65.82757568,0.889179289
1502218593, '5D358CDAED0D',2,30,-44,-45.23334122,0.568321884
1502218593, '94DC6692F976',3,30,-39,-42.19999695,2.234526157
1502218593, '9A34ECDEA99E',2,30,-59,-60.76667023,1.304720163
,,,,,,
1502218653, '459F7A08D5D7',2,29,-64,-65.72412872,1.065586209
1502218653, '5D358CDAED0D',2,30,-45,-45,0
1502218653, '94DC6692F976',3,29,-41,-43.51723862,1.378940105
1502218653, '9A34ECDEA99E',2,30,-60,-61.09999847,0.711966455
,,,,,,
1502218713, '459F7A08D5D7',2,29,-65,-65.96551514,0.625800192
1502218713, '5D358CDAED0D',2,29,-45,-45.37931061,0.493803829
1502218713, '94DC6692F976',3,30,-41,-44.10000229,2.577756405
1502218713, '9A34ECDEA99E',2,28,-60,-60.99999619,0.94280988
,,,,,,
1502218773, '459F7A08D5D7',2,28,-65,-66.10714722,0.628889918
1502218773, '5D358CDAED0D',2,30,-44,-45,0.262612998
1502218773, '94DC6692F976',3,30,-40,-42.89999771,0.884736836
1502218773, '9A34ECDEA99E',2,29,-58,-60.44826889,0.94816345
,,,,,,
1502218833, '459F7A08D5D7',2,29,-65,-68.10344696,3.716227293
1502218833, '5D358CDAED0D',2,30,-45,-45.06666946,0.253707916
1502218833, '94DC6692F976',3,30,-43,-45.63333511,1.425948739
1502218833, '9A34ECDEA99E',2,30,-59,-61.8666687,1.279367447
,,,,,,
1502218893, 'DAD655CD510A',2,29,-53,-54.24137878,0.830453932
1502218893, '459F7A08D5D7',2,29,-65,-70.96551514,5.260925293
1502218893, '5D358CDAED0D',2,30,-44,-45.3666687,0.556053817
1502218893, '2D1032CDC2EC',3,30,-40,-43.66666794,1.124439955
,,,,,,
1502218953, 'DAD655CD510A',2,30,-53,-54.79999542,0.961320758
1502218953, '459F7A08D5D7',2,28,-66,-72.42856598,5.25940752
1502218953, '5D358CDAED0D',2,30,-45,-45.66666794,1.241060495
1502218953, '94DC6692F976',3,30,-42,-44.03333664,1.066199303
,,,,,,
1502219073, 'DAD655CD510A',2,30,-54,-54.93333054,0.449776143
1502219073, '459F7A08D5D7',2,25,-66,-70.32000732,3.738537788
1502219073, '5D358CDAED0D',2,30,-44,-44.86666489,1.041661501
1502219073, '94DC6692F976',3,30,-41,-41.93333817,0.639683843
,,,,,,
1502219133, 'DAD655CD510A',2,30,-53,-54.50000381,0.629723608
1502219133, '459F7A08D5D7',2,28,-65,-69.99999237,3.517152548
1502219133, '5D358CDAED0D',2,30,-44,-44.46666336,0.507416427
1502219133, '94DC6692F976',3,29,-40,-41.2413826,0.786273837
,,,,,,
1502219193, 'DAD655CD510A',2,29,-54,-54.62068558,0.621851087
1502219193, '5D358CDAED0D',2,30,-43,-45.20000076,1.297211766
1502219193, '94DC6692F976',3,30,-43,-45.23333359,0.897634268
1502219193, '9A34ECDEA99E',2,30,-59,-60.1000061,0.711966336
,,,,,,
1502219253, 'DAD655CD510A',2,29,-54,-54.79310608,0.619868577
1502219253, '459F7A08D5D7',2,27,-64,-71.85185242,5.888082504
1502219253, '5D358CDAED0D',2,30,-45,-45.03333664,0.182574272
1502219253, '94DC6692F976',3,29,-44,-45.00000381,0.845156193
,,,,,,
1502219313, 'DAD655CD510A',2,30,-53,-54.30000687,0.534983397
1502219313, '459F7A08D5D7',2,27,-64,-70.1111145,4.335303783
1502219313, '5D358CDAED0D',2,30,-44,-44.76666641,0.430183411
1502219313, '94DC6692F976',3,29,-43,-43.89655304,0.557085633
,,,,,,
1502219373, 'DAD655CD510A',2,29,-53,-54,1.069044948
1502219373, '5D358CDAED0D',2,30,-44,-44.96666336,0.413840979
1502219373, '94DC6692F976',3,30,-43,-43.83333588,0.874281466
1502219373, '9A34ECDEA99E',2,30,-59,-60.33333206,0.958926082
,,,,,,
1502219433, 'DAD655CD510A',2,29,-51,-54.72413635,0.797162473
1502219433, '459F7A08D5D7',2,25,-66,-72.63999939,3.839270115
1502219433, '5D358CDAED0D',2,30,-44,-44.90000153,0.305128276
1502219433, '94DC6692F976',3,30,-43,-44.13333511,0.899552345
,,,,,,
1502219493, 'DAD655CD510A',2,29,-53,-53.65517044,0.613879263
1502219493, '459F7A08D5D7',2,28,-63,-71.85713196,5.917416096
1502219493, '5D358CDAED0D',2,30,-44,-44.96666336,0.319843113
1502219493, '94DC6692F976',3,29,-42,-45.27585983,1.192133665
,,,,,,
1502219553, 'DAD655CD510A',2,30,-53,-53.66666794,0.546672404
1502219553, '459F7A08D5D7',2,27,-63,-64.22222137,1.339728475
1502219553, '5D358CDAED0D',2,30,-41,-44.83333588,0.746639848
1502219553, '94DC6692F976',3,30,-45,-46,0.74278146
,,,,,,
1502219613, 'DAD655CD510A',2,28,-52,-53.5,0.693888485
1502219613, '459F7A08D5D7',2,30,-60,-63.00000381,1.050451994
1502219613, '5D358CDAED0D',2,30,-43,-44.83333206,0.461133718
1502219613, '94DC6692F976',3,30,-41,-45.59999847,1.753812551
,,,,,,
1502219673, 'DAD655CD510A',2,30,-52,-52.86666489,0.681445599
1502219673, '459F7A08D5D7',2,29,-62,-65.58621216,2.784103632
1502219673, '5D358CDAED0D',2,30,-41,-45.06666183,0.907187581
1502219673, '94DC6692F976',3,30,-40,-42.86666489,1.166584492
,,,,,,
1502219733, 'DAD655CD510A',2,29,-52,-53.96551895,1.085051537
1502219733, '459F7A08D5D7',2,30,-61,-65.46666718,2.861557961
1502219733, '5D358CDAED0D',2,30,-44,-44.96666336,0.182574347
1502219733, '94DC6692F976',3,29,-42,-43.20689774,0.675030291
,,,,,,
1502219793, 'DAD655CD510A',2,29,-53,-53.20689774,0.412251592
1502219793, '459F7A08D5D7',2,28,-64,-71.60714722,5.743524075
1502219793, '5D358CDAED0D',2,30,-44,-45,0.262613058
1502219793, '94DC6692F976',3,29,-42,-44.68965912,1.072494745
,,,,,,
1502219853, 'DAD655CD510A',2,30,-52,-52.90000153,0.3051292
1502219853, '459F7A08D5D7',2,29,-64,-72.20690155,4.62431097
1502219853, '5D358CDAED0D',2,30,-45,-45,0
1502219853, '94DC6692F976',3,29,-45,-45.13793182,0.350931078
,,,,,,
1502219913, 'DAD655CD510A',2,29,-51,-53.0689621,0.752662897
1502219913, '459F7A08D5D7',2,26,-66,-70.92307281,4.107780457
1502219913, '5D358CDAED0D',2,30,-44,-45.03332901,0.319841355
1502219913, '94DC6692F976',3,30,-45,-45.73333359,0.691491246
,,,,,,
1502219973, 'DAD655CD510A',2,30,-52,-55.43333435,2.128351927
1502219973, '459F7A08D5D7',2,27,-64,-70.25926971,3.157316685
1502219973, '5D358CDAED0D',2,30,-44,-44.96667099,0.556052744
1502219973, '94DC6692F976',3,30,-44,-45.36666489,0.764890015
,,,,,,
1502220033, 'DAD655CD510A',2,29,-51,-53.75862503,2.385300636
1502220033, '459F7A08D5D7',2,29,-64,-66.37931061,2.210587263
1502220033, '5D358CDAED0D',2,30,-43,-45,0.587220252
1502220033, '94DC6692F976',3,30,-42,-43.76666641,1.546595812
,,,,,,
1502220093, 'DAD655CD510A',2,30,-51,-53.50000381,1.252583504
1502220093, '459F7A08D5D7',2,30,-64,-68.36666107,3.156636715
1502220093, '5D358CDAED0D',2,30,-44,-45.23333359,0.568320155
1502220093, '94DC6692F976',3,29,-42,-43.89655304,1.175489664
,,,,,,
1502220153, 'DAD655CD510A',2,29,-52,-52.8275795,0.928474665
1502220153, '459F7A08D5D7',2,28,-63,-66.42857361,2.76791811
1502220153, '5D358CDAED0D',2,29,-45,-45.89655304,0.617879093
1502220153, '94DC6692F976',3,30,-42,-43.40000153,1.220514536
,,,,,,
6392B6C5FB53,,,,,,
,,,,,,
time,hwid,type,samples,maxRSSI,mean,stddev
1502234193, '94DC6692F976',3,29,-42,-45.3103447,1.038660884
1502234193, 'DAD655CD510A',2,30,-53,-55.70000076,1.622045636
1502234193, '459F7A08D5D7',2,28,-70,-75.57142639,2.515558243
1502234193, '2D1032CDC2EC',3,30,-37,-37.79999542,0.610256076
,,,,,,
1502234253, '9A34ECDEA99E',2,30,-63,-63.43333435,0.817201018
1502234253, '94DC6692F976',3,29,-45,-45.62069321,1.014671564
1502234253, 'DAD655CD510A',2,27,-55,-56.40740585,1.047313571
1502234253, '2D1032CDC2EC',3,30,-36,-37.46666336,0.628812969
,,,,,,
1502234313, '9A34ECDEA99E',2,28,-61,-62.17856979,0.669635713
1502234313, '94DC6692F976',3,30,-42,-43.73333359,1.337350965
1502234313, 'DAD655CD510A',2,30,-55,-56.16666031,0.530669212
1502234313, '459F7A08D5D7',2,27,-72,-74.03704071,1.159624577
