Report file for Node DAD655CD510A,,,,,,,,
,,,,,,,,
4 Nodes with strongest RSSIs per Test Step:,,,,,,,,
,,,,,,,,
END, 94DC6692F976,-78,  2D1032CDC2EC,-71.11537933,  F9632B2DFC58,-82.03845978, ,
MOVE 1, 5D358CDAED0D,-56.0689621,  F9632B2DFC58,-82.03845978,  6392B6C5FB53,-57.48275757,  2D1032CDC2EC,-71.11537933
START, 2D1032CDC2EC,-71.11537933,  94DC6692F976,-71.7692337,  459F7A08D5D7,-79.37499237,  9A34ECDEA99E,-67.14813995
MOVE 3, 9A34ECDEA99E,-67.14813995,  5D358CDAED0D,-56.46666718,  F9632B2DFC58,-82.03845978,  94DC6692F976,-78
MOVE 2, 94DC6692F976,-73.21738434,  5D358CDAED0D,-56.46666718,  9A34ECDEA99E,-67.14813995,  F9632B2DFC58,-82.03845978
MOVE 5, 9A34ECDEA99E,-67.14813995,  94DC6692F976,-78,  2D1032CDC2EC,-71.11537933,  5D358CDAED0D,-56.46666718
MOVE 4, 2D1032CDC2EC,-71.11537933,  9A34ECDEA99E,-67.14813995,  5D358CDAED0D,-56.46666718,  94DC6692F976,-78
MOVE 7, 5D358CDAED0D,-56.46666718,  F9632B2DFC58,-82.03845978,  94DC6692F976,-78,  459F7A08D5D7,-83.75000763
MOVE 6, 9A34ECDEA99E,-71.8888855,  94DC6692F976,-78,  459F7A08D5D7,-82.30435181,  6392B6C5FB53,-57.48275757
MOVE 9, 2D1032CDC2EC,-71.11537933,  F9632B2DFC58,-82.03845978,  94DC6692F976,-78,  6392B6C5FB53,-58.3666687
MOVE 8, 6392B6C5FB53,-58.3666687,  94DC6692F976,-78,  9A34ECDEA99E,-71.8888855,  459F7A08D5D7,-85.7142868
MOVE 10, 5D358CDAED0D,-58.10344696,  6392B6C5FB53,-58.3666687,  9A34ECDEA99E,-71.8888855,  459F7A08D5D7,-85.7142868
,,,,,,,,
,,,,,,,,
 Raw Data:,,,,,,,,
,,,,,,,,
time,hwid,type,samples,maxRSSI,mean,stddev,Change,Event
,,,,,,,,
1502202023 2D1032CDC2EC330-65-68.566658022.990597725,,,,,,,,
1502202023 459F7A08D5D7227-66-77.7777713.320486069,,,,,,,,
1502202023 94DC6692F976329-61-63.344825741.446075201,,,,,,,,
1502202023 6392B6C5FB53228-56-56.928573610.604218602,,,,,,,,
1502202083 2D1032CDC2EC329-66-69.517242433.561906815*START,,,,,,,,
1502202083 459F7A08D5D7224-73-75.416671752.483278751*START,,,,,,,,
1502202083 94DC6692F976328-62-64.142860412.863748074*START,,,,,,,,
1502202083 6392B6C5FB53230-56-56.933338170.639684439*START,,,,,,,,
1502202143 2D1032CDC2EC329-63-67.517242435.082327366*START,,,,,,,,
1502202143 459F7A08D5D7225-70-73.440002443.056141138*START,,,,,,,,
1502202143 94DC6692F976330-59-61.76666261.675035357*START,,,,,,,,
1502202143 6392B6C5FB53230-55-55.599994660.894426048*START,,,,,,,,
1502202203 2D1032CDC2EC330-61-63.833339691.984131575*START,,,,,,,,
1502202203 459F7A08D5D7226-69-74.307693483.641641617*START,,,,,,,,
1502202203 94DC6692F976329-59-62.379314422.194370747*START,,,,,,,,
1502202203 6392B6C5FB53230-54-54.700000760.466091126*START,,,,,,,,
1502202263 2D1032CDC2EC329-60-62.93103792.136937618*START,,,,,,,,
1502202263 94DC6692F976330-56-63.199996952.683281422Node ChangedSTART,,,,,,,,
1502202263 6392B6C5FB53229-54-55.724140170.882227659Node ChangedSTART,,,,,,,,
1502202263 5D358CDAED0D230-55-55.466667180.507415712Node ChangedSTART,,,,,,,,
1502202323 2D1032CDC2EC329-58-623.327375174*START,,,,,,,,
1502202323 459F7A08D5D7228-65-72.714294433.29822731Node ChangedSTART,,,,,,,,
1502202323 94DC6692F976329-58-64.724136353.228185177Node ChangedSTART,,,,,,,,
1502202323 6392B6C5FB53230-53-54.733333590.827682018Node ChangedSTART,,,,,,,,
1502202383 2D1032CDC2EC329-59-610.654653549*START,,,,,,,,
1502202383 459F7A08D5D7230-64-70.166671753.006699324*START,,,,,,,,
1502202383 94DC6692F976329-64-69.241371152.836691618*START,,,,,,,,
1502202383 6392B6C5FB53230-54-54.966667180.556053042*START,,,,,,,,
1502202443 2D1032CDC2EC330-59-64.200004582.60503459*START,,,,,,,,
1502202443 94DC6692F976329-58-64.793106084.212052345Node ChangedSTART,,,,,,,,
1502202443 6392B6C5FB53230-52-55.266674040.980262697Node ChangedSTART,,,,,,,,
1502202443 5D358CDAED0D230-53-54.23333740.678911507Node ChangedSTART,,,,,,,,
1502202503 2D1032CDC2EC328-60-62.21428681.066569328*START,,,,,,,,
1502202503 459F7A08D5D7227-71-77.185188293.431044817Node ChangedSTART,,,,,,,,
1502202503 94DC6692F976329-62-65.448265081.681539059Node ChangedSTART,,,,,,,,
1502202503 6392B6C5FB53230-53-54.733329770.520830452Node ChangedSTART,,,,,,,,
1502202563 2D1032CDC2EC330-62-63.599998471.248446822*START,,,,,,,,
1502202563 459F7A08D5D7229-66-742.866056442*START,,,,,,,,
1502202563 94DC6692F976329-62-63.758613591.550462604*START,,,,,,,,
1502202563 6392B6C5FB53230-54-55.36666870.556054115*START,,,,,,,,
1502202623 2D1032CDC2EC330-61-631.313064456*START,,,,,,,,
1502202623 459F7A08D5D7229-65-73.724136352.505658627*START,,,,,,,,
1502202623 94DC6692F976328-63-65.249992371.43048811*START,,,,,,,,
1502202623 6392B6C5FB53230-54-54.633335110.668676555*START,,,,,,,,
1502202683 2D1032CDC2EC330-59-62.86666871.195777655*START,,,,,,,,
1502202683 459F7A08D5D7228-70-73.392852781.7070508*START,,,,,,,,
1502202683 94DC6692F976325-57-61.759998321.588500023*START,,,,,,,,
1502202683 6392B6C5FB53228-53-54.678569790.722832382*START,,,,,,,,
1502202743 2D1032CDC2EC328-60-63.03571322.185510159*START,,,,,,,,
1502202743 459F7A08D5D7225-72-75.879989621.855622649*START,,,,,,,,
1502202743 94DC6692F976329-60-62.344825743.415049314*START,,,,,,,,
1502202743 6392B6C5FB53230-54-54.866661070.434173346*START,,,,,,,,
1502202803 2D1032CDC2EC329-59-61.344829561.203442693*START,,,,,,,,
1502202803 459F7A08D5D7230-72-73.866683961.613165736*START,,,,,,,,
1502202803 94DC6692F976330-60-66.13333133.390995979*START,,,,,,,,
1502202803 6392B6C5FB53230-54-54.799999240.71438396*START,,,,,,,,
1502202863 2D1032CDC2EC329-62-64.724136351.666830182*START,,,,,,,,
1502202863 459F7A08D5D7226-65-75.115386965.006611824*START,,,,,,,,
1502202863 94DC6692F976329-60-65.448280333.030630827*START,,,,,,,,
1502202863 6392B6C5FB53230-54-55.400005340.563241541*START,,,,,,,,
1502202923 2D1032CDC2EC328-62-64.821434022.22866106*START,,,,,,,,
1502202923 459F7A08D5D7226-66-76.576919565.262494564*START,,,,,,,,
1502202923 94DC6692F976329-61-63.758621221.88329494*START,,,,,,,,
1502202923 6392B6C5FB53228-55-56.142864231.177388668*START,,,,,,,,
1502202983 2D1032CDC2EC330-62-63.933326721.720728636*START,,,,,,,,
1502202983 94DC6692F976329-62-63.655174261.142548442Node ChangedSTART,,,,,,,,
1502202983 6392B6C5FB53230-55-56.666671751.061335921Node ChangedSTART,,,,,,,,
1502202983 F9632B2DFC58228-70-74.857154851.603571057Node ChangedSTART,,,,,,,,
1502203043 2D1032CDC2EC330-61-63.166664121.599209905*START,,,,,,,,
1502203043 459F7A08D5D7227-67-77.407409674.500076294Node ChangedSTART,,,,,,,,
1502203043 94DC6692F976328-61-63.21428681.853069186Node ChangedSTART,,,,,,,,
1502203043 6392B6C5FB53229-54-54.724140170.527565777Node ChangedSTART,,,,,,,,
1502203103 2D1032CDC2EC329-63-65.448272712.131168604*START,,,,,,,,
1502203103 459F7A08D5D7222-73-79.318176272.697201252*START,,,,,,,,
1502203103 94DC6692F976328-61-63.71428681.301200271*START,,,,,,,,
1502203103 6392B6C5FB53229-54-54.620689390.561489999*START,,,,,,,,
1502203163 2D1032CDC2EC328-63-65.928573612.226583719*START,,,,,,,,
1502203163 459F7A08D5D7224-76-79.374992371.860632181*START,,,,,,,,
1502203163 94DC6692F976330-62-65.26666262.420223713*START,,,,,,,,
1502203163 6392B6C5FB53230-53-53.266666410.449776143*START,,,,,,,,
1502203223 F9632B2DFC58220-78-80.51.960129023Node ChangedSTART,,,,,,,,
1502203223 2D1032CDC2EC329-61-64.758621222.3399508Node ChangedSTART,,,,,,,,
1502203223 459F7A08D5D7228-70-76.357139592.312834978Node ChangedSTART,,,,,,,,
1502203223 94DC6692F976327-62-663.902660131Node ChangedSTART,,,,,,,,
1502203283 2D1032CDC2EC325-63-66.400001532.291288376Node ChangedSTART,,,,,,,,
1502203283 459F7A08D5D7229-67-70.482757573.135291815Node ChangedSTART,,,,,,,,
1502203283 94DC6692F976327-65-67.444442751.450021982Node ChangedSTART,,,,,,,,
1502203283 6392B6C5FB53230-52-52.900001530.402578533Node ChangedSTART,,,,,,,,
1502203343 F9632B2DFC58228-76-81.252.605193853Node ChangedSTART,,,,,,,,
1502203343 2D1032CDC2EC330-61-65.299987792.135905266Node ChangedSTART,,,,,,,,
1502203343 459F7A08D5D7227-67-70.962966924.318841457Node ChangedSTART,,,,,,,,
1502203343 94DC6692F976326-64-71.76923375.01444006Node ChangedSTART,,,,,,,,
1502203403 F9632B2DFC58226-77-82.038459783.682181597*START,,,,,,,,
1502203403 2D1032CDC2EC330-61-66.166664123.312289*START,,,,,,,,
1502203403 459F7A08D5D7229-64-71.793098454.312600613*START,,,,,,,,
1502203403 94DC6692F976328-63-67.464279172.516346216*START,,,,,,,,
1502203463 2D1032CDC2EC330-63-63.933338171.048260212Node ChangedSTART,,,,,,,,
1502203463 459F7A08D5D7227-70-72.666671751.270977855Node ChangedSTART,,,,,,,,
1502203463 94DC6692F976327-66-70.481491093.154611111Node ChangedSTART,,,,,,,,
1502203463 6392B6C5FB53229-54-54.413795470.501228571Node ChangedSTART,,,,,,,,
1502203523 9A34ECDEA99E228-63-64.392852781.423069596Node ChangedSTART,,,,,,,,
1502203523 2D1032CDC2EC329-62-63.75861741.455413461Node ChangedSTART,,,,,,,,
1502203523 459F7A08D5D7228-68-72.999992371.845919013Node ChangedSTART,,,,,,,,
1502203523 94DC6692F976326-66-71.038467413.974727392Node ChangedSTART,,,,,,,,
1502203583 9A34ECDEA99E230-63-63.433330541.135124087*START,,,,,,,,
1502203583 2D1032CDC2EC325-62-64.040000921.059873581*START,,,,,,,,
1502203583 459F7A08D5D7225-66-74.639999392.928025484*START,,,,,,,,
1502203583 94DC6692F976328-62-68.071418765.113003731*START,,,,,,,,
1502203643 9A34ECDEA99E230-62-63.866661071.357820034*START,,,,,,,,
1502203643 2D1032CDC2EC330-62-65.166664122.150916576*START,,,,,,,,
1502203643 459F7A08D5D7225-74-77.319992073.184860468*START,,,,,,,,
1502203643 94DC6692F976330-62-64.36666872.075859785*START,,,,,,,,
1502203703 9A34ECDEA99E227-62-63.481479641.122163653*START,,,,,,,,
1502203703 2D1032CDC2EC329-64-67.103446962.483443499*START,,,,,,,,
1502203703 459F7A08D5D7226-66-74.846145635.296733379*START,,,,,,,,
1502203703 94DC6692F976329-62-63.620689391.236752272*START,,,,,,,,
1502203763 9A34ECDEA99E230-63-63.533332820.681446314*START,,,,,,,,
1502203763 2D1032CDC2EC330-60-63.566665651.977167249*START,,,,,,,,
1502203763 459F7A08D5D7227-66-72.370368964.133802891*START,,,,,,,,
1502203763 94DC6692F976330-60-63.033336642.042368412*START,,,,,,,,
1502203823 9A34ECDEA99E230-63-63.799999241.214849353*START,,,,,,,,
1502203823 2D1032CDC2EC329-63-64.413787841.427216411*START,,,,,,,,
1502203823 459F7A08D5D7229-66-69.275863652.548060417*START,,,,,,,,
1502203823 94DC6692F976330-60-62.266674041.412586093*START,,,,,,,,
1502203883 9A34ECDEA99E231-63-63.7741891.627054691*START,,,,,,,,
1502203883 2D1032CDC2EC329-64-66.310340881.627957582*START,,,,,,,,
1502203883 459F7A08D5D7229-65-70.48276523.480772257*START,,,,,,,,
1502203883 94DC6692F976329-61-63.999996191.511856556*START,,,,,,,,
1502203943 2D1032CDC2EC328-63-65.214271551.449321866Node ChangedSTART,,,,,,,,
1502203943 94DC6692F976330-61-63.166675571.599209785Node ChangedSTART,,,,,,,,
1502203943 6392B6C5FB53229-54-55.137931820.44111383Node ChangedSTART,,,,,,,,
1502203943 5D358CDAED0D230-55-55.966663360.490132749Node ChangedSTART,,,,,,,,
1502204003 9A34ECDEA99E229-63-63.310348510.47082299Node ChangedSTART,,,,,,,,
1502204003 2D1032CDC2EC328-62-64.428573611.793579221Node ChangedSTART,,,,,,,,
1502204003 F9632B2DFC58227-74-76.444442751.086042404Node ChangedSTART,,,,,,,,
1502204003 94DC6692F976329-58-60.999996191.309307694Node ChangedSTART,,,,,,,,
1502204063 9A34ECDEA99E230-63-63.333335880.606478274*START,,,,,,,,
1502204063 2D1032CDC2EC329-61-65.275863651.980198026*START,,,,,,,,
1502204063 459F7A08D5D7230-68-74.833343513.66797328Node ChangedSTART,,,,,,,,
1502204063 F9632B2DFC58223-77-79.826087952.386556387Node ChangedSTART,,,,,,,,
1502204123 9A34ECDEA99E230-64-65.63333131.771097541*START,,,,,,,,
1502204123 2D1032CDC2EC330-62-63.866653441.041659951*START,,,,,,,,
1502204123 459F7A08D5D7229-74-76.724136352.051071882*START,,,,,,,,
1502204123 94DC6692F976328-61-64.392852782.249928474Node ChangedSTART,,,,,,,,
1502204183 9A34ECDEA99E229-63-64.965507510.944259524*START,,,,,,,,
1502204183 2D1032CDC2EC329-64-65.413787841.52402842*START,,,,,,,,
1502204183 459F7A08D5D7223-75-78.130432131.961083055*START,,,,,,,,
1502204183 94DC6692F976328-59-61.21428681.16609931*START,,,,,,,,
1502204243 9A34ECDEA99E230-65-65.500007630.629720569*START,,,,,,,,
1502204243 2D1032CDC2EC330-63-66.03332521.884296179*START,,,,,,,,
1502204243 94DC6692F976327-60-63.333328252.148345709Node ChangedSTART,,,,,,,,
1502204243 459F7A08D5D7225-65-75.480003362.987754107Node ChangedSTART,,,,,,,,
1502204303 9A34ECDEA99E227-65-67.148139953.146473408*START,,,,,,,,
1502204303 2D1032CDC2EC326-63-71.115379337.361124516*START,,,,,,,,
1502204303 94DC6692F976329-60-62.586208342.163285255*START,,,,,,,,
1502204303 459F7A08D5D7225-73-74.360000611.287115812*START,,,,,,,,
1502204363 9A34ECDEA99E229-64-65.793106080.726010084*START,,,,,,,,
1502204363 2D1032CDC2EC329-61-63.448272711.478082299*START,,,,,,,,
1502204363 94DC6692F976328-62-63.357139591.339272261*START,,,,,,,,
1502204363 F9632B2DFC58226-73-75.423080442.516714334Node ChangedSTART,,,,,,,,
1502204423 9A34ECDEA99E229-64-65.896560671.858278155*START,,,,,,,,
1502204423 2D1032CDC2EC329-61-67.379302985.178345203*START,,,,,,,,
1502204423 94DC6692F976330-62-64.333335882.248881817*START,,,,,,,,
1502204423 459F7A08D5D7228-69-72.607139591.950106621Node ChangedSTART,,,,,,,,
1502204483 9A34ECDEA99E229-65-66.551727290.736121655*START,,,,,,,,
1502204483 2D1032CDC2EC330-62-66.433326724.074168682*START,,,,,,,,
1502204483 5D358CDAED0D229-54-54.793106080.491304129Node ChangedSTART,,,,,,,,
1502204483 94DC6692F976329-62-66.344833374.159979343Node ChangedSTART,,,,,,,,
1502204483 9A34ECDEA99E229-65-66.551727290.736121655*START,,,,,,,,
1502204483 2D1032CDC2EC330-62-66.433326724.074168682*START,,,,,,,,
1502204483 5D358CDAED0D229-54-54.793106080.491304129*START,,,,,,,,
1502204483 94DC6692F976329-62-66.344833374.159979343*START,,,,,,,,
1502204483 9A34ECDEA99E229-65-66.551727290.736121655*START,,,,,,,,
1502204483 2D1032CDC2EC330-62-66.433326724.074168682*START,,,,,,,,
1502204483 5D358CDAED0D229-54-54.793106080.491304129*START,,,,,,,,
1502204483 94DC6692F976329-62-66.344833374.159979343*START,,,,,,,,
1502204543 9A34ECDEA99E229-62-63.999992372.50713253*START,,,,,,,,
1502204543 2D1032CDC2EC329-63-66.41380313.145483732*START,,,,,,,,
1502204543 5D358CDAED0D230-54-54.933338170.253707767*START,,,,,,,,
1502204543 94DC6692F976328-63-66.71428682.323106527*START,,,,,,,,
1502204603 9A34ECDEA99E229-62-64.793113712.350975275*START,,,,,,,,
1502204603 2D1032CDC2EC330-60-63.89999391.900088906*START,,,,,,,,
1502204603 5D358CDAED0D229-54-54.93103790.3713907*START,,,,,,,,
1502204603 94DC6692F976328-57-60.178573612.625425339*START,,,,,,,,
1502204663 9A34ECDEA99E229-64-65.413787841.955160975*START,,,,,,,,
1502204663 2D1032CDC2EC328-60-62.46428681.104943156*START,,,,,,,,
1502204663 5D358CDAED0D230-55-55.166664120.379048795*START,,,,,,,,
1502204663 94DC6692F976330-57-60.066677092.462591887*START,,,,,,,,
1502204723 9A34ECDEA99E230-64-64.766670230.504006565*START,,,,,,,,
1502204723 2D1032CDC2EC329-54-57.034477232.884472847*START,,,,,,,,
1502204723 5D358CDAED0D230-54-54.700000760.534985125*START,,,,,,,,
1502204723 94DC6692F976328-59-68.255.175620556*START,,,,,,,,
1502204723 9A34ECDEA99E230-64-64.766670230.504006565*START,,,,,,,,
1502204723 2D1032CDC2EC329-54-57.034477232.884472847*START,,,,,,,,
1502204723 5D358CDAED0D230-54-54.700000760.534985125*START,,,,,,,,
1502204723 94DC6692F976328-59-68.255.175620556*START,,,,,,,,
1502204783 2D1032CDC2EC330-55-59.566669462.884958982Node ChangedMOVE 1,,,,,,,,
1502204783 5D358CDAED0D229-54-54.517242430.633622646Node ChangedMOVE 1,,,,,,,,
1502204783 94DC6692F976330-62-67.166671755.420795918Node ChangedMOVE 1,,,,,,,,
1502204783 F9632B2DFC58230-72-74.333328251.44636023Node ChangedMOVE 1,,,,,,,,
1502204843 2D1032CDC2EC329-61-63.68965532.071980238*MOVE 1,,,,,,,,
1502204843 5D358CDAED0D230-55-55.233329770.430183589*MOVE 1,,,,,,,,
1502204843 94DC6692F976330-60-62.266666411.574215531*MOVE 1,,,,,,,,
1502204843 F9632B2DFC58226-72-74.384613041.387858033*MOVE 1,,,,,,,,
1502204903 2D1032CDC2EC327-62-64.88888552.886752129*MOVE 1,,,,,,,,
1502204903 5D358CDAED0D229-55-55.620697020.676854253*MOVE 1,,,,,,,,
1502204903 94DC6692F976328-60-62.03571322.501586914*MOVE 1,,,,,,,,
1502204903 F9632B2DFC58224-71-76.500007635.340576649*MOVE 1,,,,,,,,
1502204963 2D1032CDC2EC328-62-64.321434022.31026125*MOVE 1,,,,,,,,
1502204963 5D358CDAED0D230-55-55.13333130.345745236*MOVE 1,,,,,,,,
1502204963 94DC6692F976329-61-63.034484862.321988344*MOVE 1,,,,,,,,
1502204963 F9632B2DFC58229-71-72.413787841.118582964*MOVE 1,,,,,,,,
1502205023 2D1032CDC2EC330-60-63.23333741.278020382*MOVE 1,,,,,,,,
1502205023 5D358CDAED0D230-54-55.200000760.664363325*MOVE 1,,,,,,,,
1502205023 94DC6692F976330-58-61.466667180.973204374*MOVE 1,,,,,,,,
1502205023 6392B6C5FB53229-56-57.482757570.828970373Node ChangedMOVE 1,,,,,,,,
1502205083 2D1032CDC2EC327-62-63.222217561.625123262*MOVE 1,,,,,,,,
1502205083 5D358CDAED0D229-55-55.379310610.493804067*MOVE 1,,,,,,,,
1502205083 94DC6692F976330-61-62.400001532.268221617*MOVE 1,,,,,,,,
1502205083 F9632B2DFC58230-70-71.366661070.964301705Node ChangedMOVE 1,,,,,,,,
1502205143 2D1032CDC2EC328-62-62.642860410.678466916*MOVE 1,,,,,,,,
1502205143 5D358CDAED0D230-55-55.600002290.498272687*MOVE 1,,,,,,,,
1502205143 94DC6692F976328-60-62.642860412.778412104*MOVE 1,,,,,,,,
1502205143 F9632B2DFC58228-70-71.250007630.84437263*MOVE 1,,,,,,,,
1502205203 2D1032CDC2EC330-61-63.36666872.008316517*MOVE 1,,,,,,,,
1502205203 5D358CDAED0D230-55-55.966667180.319842011*MOVE 1,,,,,,,,
1502205203 94DC6692F976330-59-61.933334351.142693639*MOVE 1,,,,,,,,
1502205203 F9632B2DFC58229-69-70.241371150.830455363*MOVE 1,,,,,,,,
1502205263 2D1032CDC2EC329-59-61.103446961.144702911*MOVE 1,,,,,,,,
1502205263 5D358CDAED0D229-54-55.034484860.325440139*MOVE 1,,,,,,,,
1502205263 94DC6692F976329-59-60.862071991.684469938*MOVE 1,,,,,,,,
1502205263 F9632B2DFC58229-68-70.620697022.161576748*MOVE 1,,,,,,,,
1502205323 2D1032CDC2EC329-58-59.862071991.846312046*MOVE 1,,,,,,,,
1502205323 5D358CDAED0D229-54-55.068969730.371390343*MOVE 1,,,,,,,,
1502205323 94DC6692F976329-59-61.517242431.271125913*MOVE 1,,,,,,,,
1502205323 F9632B2DFC58228-69-71.107147221.257252574*MOVE 1,,,,,,,,
1502205383 2D1032CDC2EC330-58-61.433330542.373466253*MOVE 1,,,,,,,,
1502205383 94DC6692F976328-57-60.14285662.634729147Node ChangedMOVE 1,,,,,,,,
1502205383 5D358CDAED0D229-55-55.586212160.568032265Node ChangedMOVE 1,,,,,,,,
1502205383 F9632B2DFC58227-71-72.925918582.164858341*MOVE 1,,,,,,,,
1502205443 2D1032CDC2EC330-59-62.433330542.176414728*MOVE 1,,,,,,,,
1502205443 94DC6692F976329-58-61.586208342.163284779*MOVE 1,,,,,,,,
1502205443 5D358CDAED0D228-54-55.071426390.539448977*MOVE 1,,,,,,,,
1502205443 F9632B2DFC58227-70-72.592590332.649518013*MOVE 1,,,,,,,,
1502205503 2D1032CDC2EC329-60-61.48276521.703372478*MOVE 1,,,,,,,,
1502205503 94DC6692F976328-60-61.178569791.906199932*MOVE 1,,,,,,,,
1502205503 5D358CDAED0D229-54-54.965515140.185695574*MOVE 1,,,,,,,,
1502205503 F9632B2DFC58227-71-71.444435120.50636971*MOVE 1,,,,,,,,
1502205563 2D1032CDC2EC328-59-60.642860410.989361286*MOVE 1,,,,,,,,
1502205563 94DC6692F976330-59-61.600002292.328237772*MOVE 1,,,,,,,,
1502205563 5D358CDAED0D230-55-55.566669460.504005611*MOVE 1,,,,,,,,
1502205563 F9632B2DFC58229-71-73.172416692.752518177*MOVE 1,,,,,,,,
1502205623 2D1032CDC2EC330-59-61.500003811.943158031*MOVE 1,,,,,,,,
1502205623 94DC6692F976330-60-61.233333592.045741796*MOVE 1,,,,,,,,
1502205623 5D358CDAED0D229-56-56.06896210.257880628*MOVE 1,,,,,,,,
1502205623 F9632B2DFC58227-72-74.11111451.086041689*MOVE 1,,,,,,,,
1502205683 2D1032CDC2EC329-60-61.448272710.73611933*MOVE 1,,,,,,,,
1502205683 94DC6692F976330-60-61.466659550.681444526*MOVE 1,,,,,,,,
1502205683 5D358CDAED0D230-54-56.033332820.556053698*MOVE 1,,,,,,,,
1502205683 F9632B2DFC58228-73-74.285705570.712700248*MOVE 1,,,,,,,,
1502205743 2D1032CDC2EC330-60-62.499992372.825377464*MOVE 1,,,,,,,,
1502205743 94DC6692F976330-60-62.100002291.62629354*MOVE 1,,,,,,,,
1502205743 5D358CDAED0D230-54-54.933338170.365148991*MOVE 1,,,,,,,,
1502205743 F9632B2DFC58227-73-74.259269711.059485555*MOVE 1,,,,,,,,
1502205803 2D1032CDC2EC329-60-61.551727290.736120284*MOVE 1,,,,,,,,
1502205803 94DC6692F976330-60-61.36666871.731719017*MOVE 1,,,,,,,,
1502205803 5D358CDAED0D229-55-550*MOVE 1,,,,,,,,
1502205803 F9632B2DFC58227-71-72.740745541.992149472*MOVE 1,,,,,,,,
1502205863 2D1032CDC2EC329-60-61.82757951.774198174*MOVE 1,,,,,,,,
1502205863 94DC6692F976330-61-62.166664121.782739758*MOVE 1,,,,,,,,
1502205863 5D358CDAED0D230-54-54.799995420.406837106*MOVE 1,,,,,,,,
1502205863 F9632B2DFC58225-71-72.759986880.830662429*MOVE 1,,,,,,,,
1502205923 2D1032CDC2EC328-51-59.64285662.791711807*MOVE 2,,,,,,,,
1502205923 94DC6692F976329-58-61.689659121.560757041*MOVE 2,,,,,,,,
1502205923 5D358CDAED0D229-54-54.93103790.457558781*MOVE 2,,,,,,,,
1502205923 F9632B2DFC58227-74-76.555557252.172083139*MOVE 2,,,,,,,,
1502205983 2D1032CDC2EC330-58-65.133338933.748408794*MOVE 2,,,,,,,,
1502205983 94DC6692F976328-58-60.78571322.5583148*MOVE 2,,,,,,,,
1502205983 5D358CDAED0D228-54-54.250003810.440959245*MOVE 2,,,,,,,,
1502205983 F9632B2DFC58225-70-75.999992372.327372313*MOVE 2,,,,,,,,
1502206043 2D1032CDC2EC329-64-66.172409060.889178514*MOVE 2,,,,,,,,
1502206043 94DC6692F976330-57-64.033340453.863921642*MOVE 2,,,,,,,,
1502206043 5D358CDAED0D230-54-55.033336640.718393385*MOVE 2,,,,,,,,
1502206043 F9632B2DFC58228-71-74.678581242.88101697*MOVE 2,,,,,,,,
1502206103 2D1032CDC2EC328-66-67.892860412.330780745*MOVE 2,,,,,,,,
1502206103 94DC6692F976329-60-65.896553043.233141184*MOVE 2,,,,,,,,
1502206103 5D358CDAED0D229-55-55.931034090.650880873*MOVE 2,,,,,,,,
1502206103 F9632B2DFC58227-70-75.851844793.820024967*MOVE 2,,,,,,,,
1502206163 9A34ECDEA99E230-63-64.10000612.040115833Node ChangedMOVE 2,,,,,,,,
1502206163 2D1032CDC2EC329-65-67.034477231.657941461Node ChangedMOVE 2,,,,,,,,
1502206163 94DC6692F976328-61-64.107139592.845910549Node ChangedMOVE 2,,,,,,,,
1502206163 5D358CDAED0D230-54-55.699996950.794377148Node ChangedMOVE 2,,,,,,,,
1502206223 9A34ECDEA99E228-62-64.52.13437438*MOVE 2,,,,,,,,
1502206223 2D1032CDC2EC330-65-66.53332521.041661024*MOVE 2,,,,,,,,
1502206223 94DC6692F976330-61-65.533332823.014143944*MOVE 2,,,,,,,,
1502206223 5D358CDAED0D227-55-55.703704830.465322196*MOVE 2,,,,,,,,
1502206283 9A34ECDEA99E230-64-65.266654971.574219108*MOVE 2,,,,,,,,
1502206283 2D1032CDC2EC330-65-66.166664122.052472353*MOVE 2,,,,,,,,
1502206283 94DC6692F976329-63-67.689659122.867345572*MOVE 2,,,,,,,,
1502206283 5D358CDAED0D230-56-56.466667180.50741607*MOVE 2,,,,,,,,
1502206343 9A34ECDEA99E230-63-65.433334351.654322386*MOVE 2,,,,,,,,
1502206343 2D1032CDC2EC330-64-65.699996951.441980362*MOVE 2,,,,,,,,
1502206343 94DC6692F976330-61-63.933326722.702911377*MOVE 2,,,,,,,,
1502206343 5D358CDAED0D230-55-56.033340450.490133166*MOVE 2,,,,,,,,
1502206403 9A34ECDEA99E230-63-64.966667180.556054056*MOVE 2,,,,,,,,
1502206403 2D1032CDC2EC330-63-66.233329771.959651709*MOVE 2,,,,,,,,
1502206403 94DC6692F976329-61-64.724143983.127031565*MOVE 2,,,,,,,,
1502206403 5D358CDAED0D230-55-55.899997710.844863296*MOVE 2,,,,,,,,
1502206463 9A34ECDEA99E230-64-64.833335881.288766503*MOVE 2,,,,,,,,
1502206463 2D1032CDC2EC330-64-66.233329771.040005088*MOVE 2,,,,,,,,
1502206463 94DC6692F976330-58-61.233329771.941975236*MOVE 2,,,,,,,,
1502206463 5D358CDAED0D228-54-54.857139590.356347561*MOVE 2,,,,,,,,
1502206523 9A34ECDEA99E228-62-63.71428681.863035679*MOVE 2,,,,,,,,
1502206523 2D1032CDC2EC329-64-65.999992370.963624299*MOVE 2,,,,,,,,
1502206523 94DC6692F976330-59-63.933330542.981937885*MOVE 2,,,,,,,,
1502206523 5D358CDAED0D229-54-55.310340880.603767395*MOVE 2,,,,,,,,
1502206583 9A34ECDEA99E228-62-63.21428681.571909308*MOVE 2,,,,,,,,
1502206583 2D1032CDC2EC329-65-66.275871280.648985207*MOVE 2,,,,,,,,
1502206583 94DC6692F976329-60-65.172401432.841887712*MOVE 2,,,,,,,,
1502206583 5D358CDAED0D229-55-550*MOVE 2,,,,,,,,
1502206643 9A34ECDEA99E230-63-63.266666410.449775845*MOVE 2,,,,,,,,
1502206643 94DC6692F976329-59-66.93103793.644281626Node ChangedMOVE 2,,,,,,,,
1502206643 5D358CDAED0D229-55-55.103446960.309934109Node ChangedMOVE 2,,,,,,,,
1502206643 F9632B2DFC58230-68-72.099998473.021188974Node ChangedMOVE 2,,,,,,,,
1502206703 9A34ECDEA99E230-63-63.63333131.564329267*MOVE 2,,,,,,,,
1502206703 94DC6692F976323-65-73.217384345.616179943*MOVE 2,,,,,,,,
1502206703 5D358CDAED0D229-55-55.06896210.257880688*MOVE 2,,,,,,,,
1502206703 F9632B2DFC58227-67-69.999992372.148339272*MOVE 2,,,,,,,,
1502206763 9A34ECDEA99E228-63-64.46428681.794686317*MOVE 2,,,,,,,,
1502206763 94DC6692F976330-63-68.633323673.253466368*MOVE 2,,,,,,,,
1502206763 5D358CDAED0D230-55-55.066661830.253707796*MOVE 2,,,,,,,,
1502206763 6392B6C5FB53230-54-54.999996190.525226593Node ChangedMOVE 2,,,,,,,,
1502206823 9A34ECDEA99E230-63-64.36666871.245221019*MOVE 2,,,,,,,,
1502206823 94DC6692F976328-60-65.107147224.645503521*MOVE 2,,,,,,,,
1502206823 5D358CDAED0D230-54-54.966663360.319841981*MOVE 2,,,,,,,,
1502206823 F9632B2DFC58230-71-72.89999392.264419079Node ChangedMOVE 2,,,,,,,,
1502206883 9A34ECDEA99E229-63-64.241378780.689471006*MOVE 2,,,,,,,,
1502206883 94DC6692F976330-59-64.766670232.50080514*MOVE 2,,,,,,,,
1502206883 5D358CDAED0D230-55-55.799999240.48423475*MOVE 2,,,,,,,,
1502206883 F9632B2DFC58230-73-76.699996952.351081133*MOVE 2,,,,,,,,
1502206943 9A34ECDEA99E230-64-64.73333741.28474772*MOVE 2,,,,,,,,
1502206943 94DC6692F976330-59-62.166664122.679210424*MOVE 2,,,,,,,,
1502206943 5D358CDAED0D228-55-55.71428680.599823236*MOVE 2,,,,,,,,
1502206943 F9632B2DFC58225-72-741.118033648*MOVE 2,,,,,,,,
1502207003 9A34ECDEA99E227-63-64.148147581.747607231*MOVE 2,,,,,,,,
1502207003 94DC6692F976330-60-63.266666413.139662266*MOVE 2,,,,,,,,
1502207003 5D358CDAED0D230-55-55.600002290.621455669*MOVE 2,,,,,,,,
1502207003 F9632B2DFC58229-68-71.999992373.035498857*MOVE 2,,,,,,,,
1502207063 9A34ECDEA99E228-63-64.392860411.852712035*MOVE 2,,,,,,,,
1502207063 94DC6692F976330-59-61.600002293.606508732*MOVE 2,,,,,,,,
1502207063 5D358CDAED0D229-55-55.275871280.45486179*MOVE 2,,,,,,,,
1502207063 F9632B2DFC58228-68-70.642852781.568537712*MOVE 2,,,,,,,,
1502207123 9A34ECDEA99E230-63-63.099998470.305128604*MOVE 2,,,,,,,,
1502207123 94DC6692F976329-61-62.344829560.768851519*MOVE 2,,,,,,,,
1502207123 5D358CDAED0D228-55-55.107147220.314970225*MOVE 2,,,,,,,,
1502207123 F9632B2DFC58228-70-71.249992371.993043303*MOVE 2,,,,,,,,
1502207183 9A34ECDEA99E230-63-63.666667942.279342651*MOVE 3,,,,,,,,
1502207183 94DC6692F976328-52-65.178573615.773846626*MOVE 3,,,,,,,,
1502207183 5D358CDAED0D230-54-55.066661830.365148664*MOVE 3,,,,,,,,
1502207183 F9632B2DFC58225-68-72.400001533.188520193*MOVE 3,,,,,,,,
1502207243 9A34ECDEA99E230-62-63.433330541.695497632*MOVE 3,,,,,,,,
1502207243 94DC6692F976328-66-68.999992373.19722271*MOVE 3,,,,,,,,
1502207243 5D358CDAED0D230-54-54.833335880.46113342*MOVE 3,,,,,,,,
1502207243 F9632B2DFC58227-70-74.148147582.46051383*MOVE 3,,,,,,,,
1502207303 9A34ECDEA99E228-63-63.035717010.188982457*MOVE 3,,,,,,,,
1502207303 94DC6692F976328-71-76.753.38433075*MOVE 3,,,,,,,,
1502207303 5D358CDAED0D230-55-55.13333130.345745504*MOVE 3,,,,,,,,
1502207303 F9632B2DFC58225-73-74.280006410.678233743*MOVE 3,,,,,,,,
1502207363 9A34ECDEA99E228-63-63.321426391.700840235*MOVE 3,,,,,,,,
1502207363 94DC6692F976329-71-73.551719671.453719497*MOVE 3,,,,,,,,
1502207363 5D358CDAED0D228-54-54.96428680.331342906*MOVE 3,,,,,,,,
1502207363 F9632B2DFC58225-72-74.440010072.180976629*MOVE 3,,,,,,,,
1502207423 9A34ECDEA99E229-63-63.482757571.682275414*MOVE 3,,,,,,,,
1502207423 94DC6692F976326-70-72.76923371.965861917*MOVE 3,,,,,,,,
1502207423 5D358CDAED0D229-54-54.724136350.527565241*MOVE 3,,,,,,,,
1502207423 F9632B2DFC58229-70-72.48276522.131745338*MOVE 3,,,,,,,,
1502207483 9A34ECDEA99E228-63-64.178565982.404525042*MOVE 3,,,,,,,,
1502207483 94DC6692F976326-67-71.500007632.302176476*MOVE 3,,,,,,,,
1502207483 5D358CDAED0D230-54-54.933338170.253708601*MOVE 3,,,,,,,,
1502207483 F9632B2DFC58228-70-72.142852782.383808136*MOVE 3,,,,,,,,
1502207543 9A34ECDEA99E230-63-63.166667940.461133152*MOVE 3,,,,,,,,
1502207543 94DC6692F976329-70-72.517250062.429296017*MOVE 3,,,,,,,,
1502207543 5D358CDAED0D230-54-550.262613028*MOVE 3,,,,,,,,
1502207543 F9632B2DFC58229-69-71.344825741.876087666*MOVE 3,,,,,,,,
1502207603 9A34ECDEA99E230-62-63.89999392.482350588*MOVE 3,,,,,,,,
1502207603 94DC6692F976326-65-71.076934813.599147081*MOVE 3,,,,,,,,
1502207603 5D358CDAED0D230-54-55.533336640.571346402*MOVE 3,,,,,,,,
1502207603 F9632B2DFC58225-71-73.439994812.416610003*MOVE 3,,,,,,,,
1502207663 9A34ECDEA99E226-62-63.423076631.604321003*MOVE 3,,,,,,,,
1502207663 94DC6692F976330-63-68.599990842.298428535*MOVE 3,,,,,,,,
1502207663 5D358CDAED0D230-55-55.599998470.49827224*MOVE 3,,,,,,,,
1502207663 F9632B2DFC58229-69-71.896545411.718487859*MOVE 3,,,,,,,,
1502207723 9A34ECDEA99E228-62-63.107151031.812290311*MOVE 3,,,,,,,,
1502207723 94DC6692F976328-67-72.321426394.190408707*MOVE 3,,,,,,,,
1502207723 5D358CDAED0D228-54-55.000003810.6666677*MOVE 3,,,,,,,,
1502207723 F9632B2DFC58228-71-71.53571320.692934155*MOVE 3,,,,,,,,
1502207783 9A34ECDEA99E229-62-62.793102261.473075271*MOVE 3,,,,,,,,
1502207783 94DC6692F976325-68-74.760002144.418518543*MOVE 3,,,,,,,,
1502207783 5D358CDAED0D229-55-55.379314420.493804097*MOVE 3,,,,,,,,
1502207783 6392B6C5FB53229-55-55.75861740.689469278Node ChangedMOVE 3,,,,,,,,
1502207843 9A34ECDEA99E230-62-63.433330542.661129951*MOVE 3,,,,,,,,
1502207843 94DC6692F976324-70-77.541671754.180486202*MOVE 3,,,,,,,,
1502207843 5D358CDAED0D229-55-55.448272710.572351694*MOVE 3,,,,,,,,
1502207843 F9632B2DFC58228-74-77.214294432.131895304Node ChangedMOVE 3,,,,,,,,
1502207903 9A34ECDEA99E230-62-63.566669462.299675465*MOVE 3,,,,,,,,
1502207903 94DC6692F976325-73-783.403429031*MOVE 3,,,,,,,,
1502207903 5D358CDAED0D229-55-56.103446960.409251601*MOVE 3,,,,,,,,
1502207903 F9632B2DFC58228-73-76.035720831.574850798*MOVE 3,,,,,,,,
1502207963 9A34ECDEA99E229-62-63.551723482.354117632*MOVE 3,,,,,,,,
1502207963 94DC6692F976325-73-77.680000312.528505087*MOVE 3,,,,,,,,
1502207963 5D358CDAED0D230-55-55.599998470.563241422*MOVE 3,,,,,,,,
1502207963 F9632B2DFC58228-73-74.928581241.488937259*MOVE 3,,,,,,,,
1502208023 9A34ECDEA99E230-62-63.066665651.617433667*MOVE 3,,,,,,,,
1502208023 94DC6692F976329-67-75.068969734.034945965*MOVE 3,,,,,,,,
1502208023 5D358CDAED0D230-55-55.533332820.507415891*MOVE 3,,,,,,,,
1502208023 F9632B2DFC58226-74-76.115386961.728049159*MOVE 3,,,,,,,,
1502208083 9A34ECDEA99E230-62-63.000003810.643267095*MOVE 3,,,,,,,,
1502208083 94DC6692F976328-67-72.321418762.326235771*MOVE 3,,,,,,,,
1502208083 5D358CDAED0D229-55-55.758625030.635563493*MOVE 3,,,,,,,,
1502208083 F9632B2DFC58227-72-75.259254461.430238485*MOVE 3,,,,,,,,
1502208143 9A34ECDEA99E230-62-63.066661831.552158356*MOVE 3,,,,,,,,
1502208143 94DC6692F976326-70-76.076919564.629670143*MOVE 3,,,,,,,,
1502208143 5D358CDAED0D230-54-54.499992370.572350144*MOVE 3,,,,,,,,
1502208143 F9632B2DFC58226-71-73.038467411.509456277*MOVE 3,,,,,,,,
1502208203 9A34ECDEA99E230-63-63.36666870.556052923*MOVE 3,,,,,,,,
1502208203 94DC6692F976327-72-74.666664122.148344994*MOVE 3,,,,,,,,
1502208203 5D358CDAED0D230-54-54.733333590.449775994*MOVE 3,,,,,,,,
1502208203 F9632B2DFC58226-71-74.76923373.314305544*MOVE 3,,,,,,,,
1502208263 9A34ECDEA99E228-62-63.428565981.573591352*MOVE 3,,,,,,,,
1502208263 94DC6692F976327-67-74.444450383.619744301*MOVE 3,,,,,,,,
1502208263 5D358CDAED0D230-54-54.733329770.44977659*MOVE 3,,,,,,,,
1502208263 F9632B2DFC58228-71-73.000007631.305257082*MOVE 3,,,,,,,,
1502208323 9A34ECDEA99E229-62-63.965515142.382716656*MOVE 3,,,,,,,,
1502208323 94DC6692F976329-70-75.689643863.048460722*MOVE 3,,,,,,,,
1502208323 5D358CDAED0D230-54-54.700000760.466091394*MOVE 3,,,,,,,,
1502208323 F9632B2DFC58226-70-72.730758671.5889045*MOVE 3,,,,,,,,
1502208503 9A34ECDEA99E230-63-63.266670230.583292544*MOVE 3,,,,,,,,
1502208503 5D358CDAED0D230-55-55.533336640.571346164Node ChangedMOVE 3,,,,,,,,
1502208503 F9632B2DFC58226-70-75.576919563.667948008Node ChangedMOVE 3,,,,,,,,
1502208503 6392B6C5FB53229-54-55.379306790.621851861Node ChangedMOVE 3,,,,,,,,
1502208563 9A34ECDEA99E228-63-63.464282991.346659184*MOVE 3,,,,,,,,
1502208563 94DC6692F976329-67-69.310340881.391387701Node ChangedMOVE 3,,,,,,,,
1502208563 5D358CDAED0D230-55-55.76666260.430183291Node ChangedMOVE 3,,,,,,,,
1502208563 F9632B2DFC58229-72-73.965507510.865314484Node ChangedMOVE 3,,,,,,,,
1502208623 9A34ECDEA99E230-63-63.433334351.478193402*MOVE 3,,,,,,,,
1502208623 94DC6692F976329-67-72.620681764.304598808*MOVE 3,,,,,,,,
1502208623 5D358CDAED0D230-55-55.166664120.379048675*MOVE 3,,,,,,,,
1502208623 F9632B2DFC58225-73-75.359992982.464413643*MOVE 3,,,,,,,,
1502208683 9A34ECDEA99E229-62-63.551723481.502051115*MOVE 3,,,,,,,,
1502208683 94DC6692F976328-68-73.749992372.810365915*MOVE 3,,,,,,,,
1502208683 5D358CDAED0D230-55-55.200000760.406838089*MOVE 3,,,,,,,,
1502208683 F9632B2DFC58228-69-73.071434022.463493347*MOVE 3,,,,,,,,
1502208743 9A34ECDEA99E230-61-63.399997711.588752747*MOVE 3,,,,,,,,
1502208743 5D358CDAED0D228-53-54.750.96705097Node ChangedMOVE 3,,,,,,,,
1502208743 F9632B2DFC58227-71-72.185173031.861284018Node ChangedMOVE 3,,,,,,,,
1502208743 6392B6C5FB53229-52-55.724132541.601262331Node ChangedMOVE 3,,,,,,,,
1502208803 9A34ECDEA99E229-63-64.965515143.029413223*MOVE 4,,,,,,,,
1502208803 94DC6692F976326-68-70.923080442.897210836Node ChangedMOVE 4,,,,,,,,
1502208803 5D358CDAED0D230-52-52.933338170.86834538Node ChangedMOVE 4,,,,,,,,
1502208803 F9632B2DFC58228-70-73.071434022.853569269Node ChangedMOVE 4,,,,,,,,
1502208863 9A34ECDEA99E230-63-66.066665652.34790206*MOVE 4,,,,,,,,
1502208863 94DC6692F976327-66-73.925933844.787209034*MOVE 4,,,,,,,,
1502208863 5D358CDAED0D230-53-54.333332060.758100152*MOVE 4,,,,,,,,
1502208863 6392B6C5FB53230-53-54.799999240.714384258Node ChangedMOVE 4,,,,,,,,
1502208923 9A34ECDEA99E229-63-65.758636471.618091702*MOVE 4,,,,,,,,
1502208923 94DC6692F976329-65-69.655174264.037995815*MOVE 4,,,,,,,,
1502208923 5D358CDAED0D230-54-55.166664120.746639907*MOVE 4,,,,,,,,
1502208923 6392B6C5FB53230-54-55.166664120.647721112*MOVE 4,,,,,,,,
1502208923 9A34ECDEA99E229-63-65.758636471.618091702*MOVE 4,,,,,,,,
1502208923 94DC6692F976329-65-69.655174264.037995815*MOVE 4,,,,,,,,
1502208923 5D358CDAED0D230-54-55.166664120.746639907*MOVE 4,,,,,,,,
1502208923 6392B6C5FB53230-54-55.166664120.647721112*MOVE 4,,,,,,,,
1502208983 9A34ECDEA99E227-65-66.740745542.158927679*MOVE 4,,,,,,,,
1502208983 94DC6692F976329-68-70.000007631.603566766*MOVE 4,,,,,,,,
1502208983 5D358CDAED0D230-55-550*MOVE 4,,,,,,,,
1502208983 6392B6C5FB53230-55-55.333339690.479461581*MOVE 4,,,,,,,,
1502209043 9A34ECDEA99E226-65-66.346153261.440619469*MOVE 4,,,,,,,,
1502209043 5D358CDAED0D230-54-54.966667180.182574183Node ChangedMOVE 4,,,,,,,,
1502209043 2D1032CDC2EC329-65-66.068977361.850308895Node ChangedMOVE 4,,,,,,,,
1502209043 F9632B2DFC58229-67-71.206901552.568758249Node ChangedMOVE 4,,,,,,,,
1502209103 9A34ECDEA99E229-64-65.034484860.731083453*MOVE 4,,,,,,,,
1502209103 94DC6692F976329-65-66.655166631.778357744Node ChangedMOVE 4,,,,,,,,
1502209103 5D358CDAED0D229-55-550Node ChangedMOVE 4,,,,,,,,
1502209103 2D1032CDC2EC330-63-65.46667480.860366881Node ChangedMOVE 4,,,,,,,,
1502209163 9A34ECDEA99E228-64-66.107147221.931019902*MOVE 4,,,,,,,,
1502209163 94DC6692F976328-65-672.479547262*MOVE 4,,,,,,,,
1502209163 5D358CDAED0D230-54-54.76666260.430183709*MOVE 4,,,,,,,,
1502209163 2D1032CDC2EC326-65-66.153846742.16688323*MOVE 4,,,,,,,,
1502209223 9A34ECDEA99E229-65-65.896560671.144703388*MOVE 4,,,,,,,,
1502209223 94DC6692F976329-65-66.482757570.986359954*MOVE 4,,,,,,,,
1502209223 5D358CDAED0D230-54-54.966663360.182574436*MOVE 4,,,,,,,,
1502209223 2D1032CDC2EC330-65-65.433326720.504006982*MOVE 4,,,,,,,,
1502209283 9A34ECDEA99E230-65-67.133338932.542512655*MOVE 4,,,,,,,,
1502209283 94DC6692F976328-64-65.607139591.133306503*MOVE 4,,,,,,,,
1502209283 5D358CDAED0D230-55-550*MOVE 4,,,,,,,,
1502209283 2D1032CDC2EC329-65-66.620689392.289943457*MOVE 4,,,,,,,,
1502209343 9A34ECDEA99E230-64-65.766670230.727931261*MOVE 4,,,,,,,,
1502209343 5D358CDAED0D230-55-550Node ChangedMOVE 4,,,,,,,,
1502209343 2D1032CDC2EC330-65-66.166679380.53066808Node ChangedMOVE 4,,,,,,,,
1502209343 F9632B2DFC58229-69-71.517242432.443953991Node ChangedMOVE 4,,,,,,,,
1502209403 9A34ECDEA99E230-63-66.066665651.337350845*MOVE 4,,,,,,,,
1502209403 94DC6692F976330-64-69.39999393.700886011Node ChangedMOVE 4,,,,,,,,
1502209403 5D358CDAED0D230-54-54.933338170.365148574Node ChangedMOVE 4,,,,,,,,
1502209403 2D1032CDC2EC328-64-65.571426391.525792837Node ChangedMOVE 4,,,,,,,,
1502209463 9A34ECDEA99E230-64-66.066658021.311314464*MOVE 5,,,,,,,,
1502209463 94DC6692F976329-68-71.448272712.959079742*MOVE 5,,,,,,,,
1502209463 5D358CDAED0D230-55-55.199996950.484233916*MOVE 5,,,,,,,,
1502209463 2D1032CDC2EC330-47-57.566665653.962612391*MOVE 5,,,,,,,,
1502209523 9A34ECDEA99E228-64-66.321441652.055769444*MOVE 5,,,,,,,,
1502209523 5D358CDAED0D230-54-54.966663360.182574183Node ChangedMOVE 5,,,,,,,,
1502209523 2D1032CDC2EC328-57-59.14285661.799470186Node ChangedMOVE 5,,,,,,,,
1502209523 F9632B2DFC58230-70-71.333328251.516196132Node ChangedMOVE 5,,,,,,,,
1502209583 9A34ECDEA99E229-64-66.034492491.322411418*MOVE 5,,,,,,,,
1502209583 94DC6692F976329-65-67.896553042.636892319Node ChangedMOVE 5,,,,,,,,
1502209583 5D358CDAED0D230-54-55.033336640.3198421Node ChangedMOVE 5,,,,,,,,
1502209583 2D1032CDC2EC329-58-60.068969730.961065292Node ChangedMOVE 5,,,,,,,,
1502209643 9A34ECDEA99E228-65-66.428565981.874361157*MOVE 5,,,,,,,,
1502209643 94DC6692F976329-62-65.206901552.36611867*MOVE 5,,,,,,,,
1502209643 2D1032CDC2EC330-56-57.600002291.753815413Node ChangedMOVE 5,,,,,,,,
1502209643 F9632B2DFC58229-70-71.965499882.337321997Node ChangedMOVE 5,,,,,,,,
1502209703 9A34ECDEA99E230-64-66.033332822.092406273*MOVE 5,,,,,,,,
1502209703 94DC6692F976327-63-66.037025452.564273357*MOVE 5,,,,,,,,
1502209703 5D358CDAED0D229-54-54.862071990.350931555Node ChangedMOVE 5,,,,,,,,
1502209703 2D1032CDC2EC330-57-57.800003050.610257268Node ChangedMOVE 5,,,,,,,,
1502209763 9A34ECDEA99E228-65-66.321449281.188013911*MOVE 5,,,,,,,,
1502209763 94DC6692F976330-65-67.199996952.171921015*MOVE 5,,,,,,,,
1502209763 5D358CDAED0D229-54-54.620689390.493804067*MOVE 5,,,,,,,,
1502209763 2D1032CDC2EC330-57-58.533332821.074254632*MOVE 5,,,,,,,,
1502209823 9A34ECDEA99E228-65-66.178565981.764959455*MOVE 5,,,,,,,,
1502209823 94DC6692F976328-63-67.464294432.081348896*MOVE 5,,,,,,,,
1502209823 2D1032CDC2EC329-58-59.551731110.909718215Node ChangedMOVE 5,,,,,,,,
1502209823 F9632B2DFC58227-66-70.333335882.148344755Node ChangedMOVE 5,,,,,,,,
1502209883 9A34ECDEA99E229-63-65.413795470.779983819*MOVE 5,,,,,,,,
1502209883 94DC6692F976327-66-68.703704832.034602165*MOVE 5,,,,,,,,
1502209883 5D358CDAED0D229-54-54.965515140.185695484Node ChangedMOVE 5,,,,,,,,
1502209883 F9632B2DFC58229-70-72.758621222.230553865*MOVE 5,,,,,,,,
1502209943 9A34ECDEA99E229-65-65.172416690.384425342*MOVE 5,,,,,,,,
1502209943 94DC6692F976329-67-69.379325872.858743906*MOVE 5,,,,,,,,
1502209943 5D358CDAED0D230-55-55.033336640.182574153*MOVE 5,,,,,,,,
1502209943 2D1032CDC2EC329-62-68.586219795.415035725Node ChangedMOVE 5,,,,,,,,
1502210003 9A34ECDEA99E229-65-66.413795472.113176107*MOVE 5,,,,,,,,
1502210003 94DC6692F976328-64-66.999992372.227771759*MOVE 5,,,,,,,,
1502210003 5D358CDAED0D230-55-550*MOVE 5,,,,,,,,
1502210003 2D1032CDC2EC327-61-67.259262084.840476036*MOVE 5,,,,,,,,
1502210063 9A34ECDEA99E230-64-65.833320622.001435041*MOVE 5,,,,,,,,
1502210063 94DC6692F976329-65-67.137931821.301760554*MOVE 5,,,,,,,,
1502210063 5D358CDAED0D230-54-55.233329770.568320334*MOVE 5,,,,,,,,
1502210063 F9632B2DFC58227-70-72.259262082.427290201Node ChangedMOVE 5,,,,,,,,
1502210123 9A34ECDEA99E230-64-65.766670231.454679728*MOVE 5,,,,,,,,
1502210123 94DC6692F976328-64-67.178565982.708741665*MOVE 5,,,,,,,,
1502210123 5D358CDAED0D230-55-55.699993130.534982324*MOVE 5,,,,,,,,
1502210123 2D1032CDC2EC329-55-62.931026464.869224072Node ChangedMOVE 5,,,,,,,,
1502210183 9A34ECDEA99E229-65-66.620681761.61275661*MOVE 6,,,,,,,,
1502210183 94DC6692F976328-66-67.607147221.547741413*MOVE 6,,,,,,,,
1502210183 5D358CDAED0D230-54-54.566665650.504005969*MOVE 6,,,,,,,,
1502210183 2D1032CDC2EC330-58-63.566665653.720247507*MOVE 6,,,,,,,,
1502210243 9A34ECDEA99E229-64-65.862075811.663131714*MOVE 6,,,,,,,,
1502210243 459F7A08D5D7229-68-73.275856022.051072359Node ChangedMOVE 6,,,,,,,,
1502210243 94DC6692F976327-66-70.333335882.787331104Node ChangedMOVE 6,,,,,,,,
1502210243 5D358CDAED0D230-54-55.166664120.746639729Node ChangedMOVE 6,,,,,,,,
1502210303 9A34ECDEA99E229-66-67.793106081.698304892*MOVE 6,,,,,,,,
1502210303 459F7A08D5D7225-69-77.759986884.342427731*MOVE 6,,,,,,,,
1502210303 94DC6692F976330-67-68.499992371.167077422*MOVE 6,,,,,,,,
1502210303 5D358CDAED0D230-55-55.566669460.504006922*MOVE 6,,,,,,,,
1502210363 9A34ECDEA99E227-65-71.555557252.764240503*MOVE 6,,,,,,,,
1502210363 94DC6692F976330-65-68.133338932.582878351Node ChangedMOVE 6,,,,,,,,
1502210363 5D358CDAED0D229-55-55.999996190.462911278Node ChangedMOVE 6,,,,,,,,
1502210363 2D1032CDC2EC329-57-60.379310611.840297818Node ChangedMOVE 6,,,,,,,,
1502210423 9A34ECDEA99E227-70-71.88888551.423250437*MOVE 6,,,,,,,,
1502210423 459F7A08D5D7227-76-79.555549621.804552317Node ChangedMOVE 6,,,,,,,,
1502210423 94DC6692F976327-66-68.333335881.640825391Node ChangedMOVE 6,,,,,,,,
1502210423 5D358CDAED0D229-55-55.827587130.468201011Node ChangedMOVE 6,,,,,,,,
1502210483 9A34ECDEA99E227-69-71.111122131.804553151*MOVE 6,,,,,,,,
1502210483 459F7A08D5D7226-76-79.923072811.598078012*MOVE 6,,,,,,,,
1502210483 94DC6692F976330-65-66.73333741.760353804*MOVE 6,,,,,,,,
1502210483 5D358CDAED0D228-55-55.964282990.188982457*MOVE 6,,,,,,,,
1502210543 9A34ECDEA99E228-68-70.46428681.261458278*MOVE 6,,,,,,,,
1502210543 459F7A08D5D7228-74-78.214279171.524057627*MOVE 6,,,,,,,,
1502210543 94DC6692F976328-64-68.821426393.232399225*MOVE 6,,,,,,,,
1502210543 2D1032CDC2EC329-55-58.275863651.943791628Node ChangedMOVE 6,,,,,,,,
1502210603 9A34ECDEA99E230-67-69.266670231.818170905*MOVE 6,,,,,,,,
1502210603 459F7A08D5D7223-77-82.304351812.786897898*MOVE 6,,,,,,,,
1502210603 94DC6692F976327-67-70.740745543.288587809*MOVE 6,,,,,,,,
1502210603 5D358CDAED0D230-55-55.799991610.484235555Node ChangedMOVE 6,,,,,,,,
1502210663 9A34ECDEA99E227-65-66.407424930.930645823*MOVE 6,,,,,,,,
1502210663 459F7A08D5D7226-76-78.846160891.848078251*MOVE 6,,,,,,,,
1502210663 94DC6692F976329-67-71.413795471.918279529*MOVE 6,,,,,,,,
1502210663 5D358CDAED0D230-55-55.966659550.31984219*MOVE 6,,,,,,,,
1502210723 2D1032CDC2EC329-57-58.413795470.824501276Node ChangedMOVE 6,,,,,,,,
1502210723 9A34ECDEA99E229-66-66.793098452.076729774Node ChangedMOVE 6,,,,,,,,
1502210723 459F7A08D5D7225-63-78.039985665.167846203Node ChangedMOVE 6,,,,,,,,
1502210723 94DC6692F976328-68-71.285705571.781742454Node ChangedMOVE 6,,,,,,,,
1502210783 2D1032CDC2EC330-56-59.599998471.476249218*MOVE 6,,,,,,,,
1502210783 9A34ECDEA99E228-66-66.785720831.548167944*MOVE 6,,,,,,,,
1502210783 459F7A08D5D7229-76-78.586204531.701201797*MOVE 6,,,,,,,,
1502210783 94DC6692F976328-72-76.749992373.449372053*MOVE 6,,,,,,,,
1502210843 2D1032CDC2EC330-52-61.066665656.469735146*MOVE 7,,,,,,,,
1502210843 9A34ECDEA99E227-66-66.518524171.783911347*MOVE 7,,,,,,,,
1502210843 459F7A08D5D7224-78-81.125007632.327762842*MOVE 7,,,,,,,,
1502210843 94DC6692F976326-51-60.461532597.234531403*MOVE 7,,,,,,,,
1502210903 2D1032CDC2EC331-60-64.258064272.756417751*MOVE 7,,,,,,,,
1502210903 459F7A08D5D7220-77-82.050003053.531436682Node ChangedMOVE 7,,,,,,,,
1502210903 94DC6692F976329-57-58.655174261.2894032Node ChangedMOVE 7,,,,,,,,
1502210903 5D358CDAED0D230-55-55.066661830.253707737Node ChangedMOVE 7,,,,,,,,
1502210963 9A34ECDEA99E230-66-67.36666870.889917016Node ChangedMOVE 7,,,,,,,,
1502210963 459F7A08D5D7224-78-81.666671752.140026093*MOVE 7,,,,,,,,
1502210963 94DC6692F976330-57-59.366657261.376734734*MOVE 7,,,,,,,,
1502210963 5D358CDAED0D228-55-55.39285660.49734652*MOVE 7,,,,,,,,
1502211023 9A34ECDEA99E227-66-68.814819342.760115385*MOVE 7,,,,,,,,
1502211023 459F7A08D5D7224-76-78.541664121.768788815*MOVE 7,,,,,,,,
1502211023 94DC6692F976330-54-59.466667182.700362682*MOVE 7,,,,,,,,
1502211023 5D358CDAED0D229-55-55.620689390.493803471*MOVE 7,,,,,,,,
1502211083 459F7A08D5D7227-63-73.518516545.444619656Node ChangedMOVE 7,,,,,,,,
1502211083 9A34ECDEA99E230-66-68.699996952.520946741Node ChangedMOVE 7,,,,,,,,
1502211083 94DC6692F976328-55-58.642860412.655733585*MOVE 7,,,,,,,,
1502211083 5D358CDAED0D230-55-55.76666260.504007101*MOVE 7,,,,,,,,
1502211143 459F7A08D5D7223-66-76.086952214.737787724*MOVE 7,,,,,,,,
1502211143 94DC6692F976330-55-55.400001530.563241482Node ChangedMOVE 7,,,,,,,,
1502211143 5D358CDAED0D230-55-55.533332820.507417142Node ChangedMOVE 7,,,,,,,,
1502211143 F9632B2DFC58229-72-74.965522771.841635227Node ChangedMOVE 7,,,,,,,,
1502211203 459F7A08D5D7225-72-76.759986883.099460602*MOVE 7,,,,,,,,
1502211203 9A34ECDEA99E229-68-69.793090821.206509233Node ChangedMOVE 7,,,,,,,,
1502211203 94DC6692F976329-56-57.931034091.624171376Node ChangedMOVE 7,,,,,,,,
1502211203 5D358CDAED0D230-55-55.099998470.305128396Node ChangedMOVE 7,,,,,,,,
1502211263 459F7A08D5D7220-68-83.750007634.265836239*MOVE 7,,,,,,,,
1502211263 9A34ECDEA99E228-68-70.464302061.137964725*MOVE 7,,,,,,,,
1502211263 94DC6692F976329-56-57.862060551.05978775*MOVE 7,,,,,,,,
1502211263 5D358CDAED0D229-55-550*MOVE 7,,,,,,,,
1502211323 9A34ECDEA99E229-68-70.93103791.869513154Node ChangedMOVE 7,,,,,,,,
1502211323 94DC6692F976330-56-57.333335880.922265649Node ChangedMOVE 7,,,,,,,,
1502211323 5D358CDAED0D230-55-55.099998470.305128634Node ChangedMOVE 7,,,,,,,,
1502211323 6392B6C5FB53230-53-53.833328250.647718489Node ChangedMOVE 7,,,,,,,,
1502211383 9A34ECDEA99E229-63-69.172416695.085479259*MOVE 8,,,,,,,,
1502211383 94DC6692F976328-53-56.321426391.123934031*MOVE 8,,,,,,,,
1502211383 5D358CDAED0D230-54-54.900001530.402577937*MOVE 8,,,,,,,,
1502211383 6392B6C5FB53230-53-54.799999240.924755454*MOVE 8,,,,,,,,
1502211443 459F7A08D5D7222-74-78.818176271.967262745Node ChangedMOVE 8,,,,,,,,
1502211443 9A34ECDEA99E229-62-631.414213896Node ChangedMOVE 8,,,,,,,,
1502211443 94DC6692F976329-53-58.034481052.397659063Node ChangedMOVE 8,,,,,,,,
1502211443 5D358CDAED0D229-53-54.724132540.648987174Node ChangedMOVE 8,,,,,,,,
1502211503 459F7A08D5D7225-74-77.999992372.677061796*MOVE 8,,,,,,,,
1502211503 9A34ECDEA99E229-62-62.689659120.541389585*MOVE 8,,,,,,,,
1502211503 94DC6692F976329-55-56.75861741.765851021*MOVE 8,,,,,,,,
1502211503 5D358CDAED0D229-54-55.620685580.727706969*MOVE 8,,,,,,,,
1502211563 459F7A08D5D7226-78-79.961532591.611975074*MOVE 8,,,,,,,,
1502211563 9A34ECDEA99E230-62-62.966667181.217213273*MOVE 8,,,,,,,,
1502211563 94DC6692F976330-55-58.51.456258774*MOVE 8,,,,,,,,
1502211563 5D358CDAED0D230-54-54.86666870.434172243*MOVE 8,,,,,,,,
1502211623 9A34ECDEA99E229-63-630Node ChangedMOVE 8,,,,,,,,
1502211623 94DC6692F976330-55-56.200000760.714383543Node ChangedMOVE 8,,,,,,,,
1502211623 5D358CDAED0D229-54-54.517238620.508546829Node ChangedMOVE 8,,,,,,,,
1502211623 6392B6C5FB53229-55-550Node ChangedMOVE 8,,,,,,,,
1502211683 5D358CDAED0D230-54-54.299999240.794377089Node ChangedMOVE 8,,,,,,,,
1502211683 6392B6C5FB53230-53-55.066665650.583292067Node ChangedMOVE 8,,,,,,,,
1502211683 459F7A08D5D7226-77-80.307701112.204890013Node ChangedMOVE 8,,,,,,,,
1502211683 9A34ECDEA99E230-62-63.633327482.204749823Node ChangedMOVE 8,,,,,,,,
1502211743 5D358CDAED0D230-54-55.066661830.583291292*MOVE 8,,,,,,,,
1502211743 6392B6C5FB53229-54-55.448276520.948162735*MOVE 8,,,,,,,,
1502211743 459F7A08D5D7221-65-74.761901866.260227203*MOVE 8,,,,,,,,
1502211743 9A34ECDEA99E230-63-63.333332060.47946316*MOVE 8,,,,,,,,
1502211803 5D358CDAED0D230-55-55.066661830.253707916*MOVE 8,,,,,,,,
1502211803 6392B6C5FB53229-55-55.448272710.572352111*MOVE 8,,,,,,,,
1502211803 459F7A08D5D7229-64-72.206901555.045361519*MOVE 8,,,,,,,,
1502211803 9A34ECDEA99E229-63-63.931030271.334461212*MOVE 8,,,,,,,,
1502211863 5D358CDAED0D229-55-55.482761380.633622408*MOVE 8,,,,,,,,
1502211863 6392B6C5FB53230-55-55.966670990.850286961*MOVE 8,,,,,,,,
1502211863 459F7A08D5D7226-70-76.769241334.032937527*MOVE 8,,,,,,,,
1502211863 9A34ECDEA99E229-63-63.517242430.508547843*MOVE 8,,,,,,,,
1502211923 5D358CDAED0D230-55-55.700004580.53498286*MOVE 8,,,,,,,,
1502211923 6392B6C5FB53229-55-56.206897740.977581441*MOVE 8,,,,,,,,
1502211923 459F7A08D5D7228-66-77.392852783.403039455*MOVE 8,,,,,,,,
1502211923 9A34ECDEA99E229-63-64.344833371.11085093*MOVE 8,,,,,,,,
1502211983 5D358CDAED0D230-55-55.799999240.550861776*MOVE 8,,,,,,,,
1502211983 459F7A08D5D7218-70-79.388893133.852254868Node ChangedMOVE 8,,,,,,,,
1502211983 9A34ECDEA99E230-63-64.60000611.811837554Node ChangedMOVE 8,,,,,,,,
1502211983 F9632B2DFC58229-72-75.034477231.426352739Node ChangedMOVE 8,,,,,,,,
1502212043 5D358CDAED0D230-55-55.36666870.490132868*MOVE 8,,,,,,,,
1502212043 6392B6C5FB53230-54-54.166664120.379048675Node ChangedMOVE 8,,,,,,,,
1502212043 459F7A08D5D7225-74-80.240005493.205203772Node ChangedMOVE 8,,,,,,,,
1502212043 9A34ECDEA99E230-63-64.133338931.455864668Node ChangedMOVE 8,,,,,,,,
1502212103 5D358CDAED0D227-55-55.370376590.492102236*MOVE 8,,,,,,,,
1502212103 6392B6C5FB53230-53-54.333339690.660892308*MOVE 8,,,,,,,,
1502212103 9A34ECDEA99E229-63-63.344829560.48372525Node ChangedMOVE 8,,,,,,,,
1502212103 94DC6692F976329-54-56.586204532.260171652Node ChangedMOVE 8,,,,,,,,
1502212163 5D358CDAED0D230-55-55.933330540.365148783*MOVE 8,,,,,,,,
1502212163 6392B6C5FB53230-53-54.76666260.568319976*MOVE 8,,,,,,,,
1502212163 9A34ECDEA99E230-63-63.900001530.402577966*MOVE 8,,,,,,,,
1502212163 94DC6692F976329-56-59.655174262.057666302*MOVE 8,,,,,,,,
1502212223 5D358CDAED0D231-55-55.161293030.373877466*MOVE 8,,,,,,,,
1502212223 6392B6C5FB53229-53-55.241374971.057464361*MOVE 8,,,,,,,,
1502212223 9A34ECDEA99E229-62-63.827583311.197287083*MOVE 8,,,,,,,,
1502212223 94DC6692F976329-55-58.344825742.716035843*MOVE 8,,,,,,,,
1502212283 6392B6C5FB53229-53-54.758621221.023131847Node ChangedMOVE 8,,,,,,,,
1502212283 9A34ECDEA99E230-63-63.266670231.284746885Node ChangedMOVE 8,,,,,,,,
1502212283 94DC6692F976330-57-60.799995422.155986786Node ChangedMOVE 8,,,,,,,,
1502212283 F9632B2DFC58229-73-74.620681761.80106771Node ChangedMOVE 8,,,,,,,,
1502212343 6392B6C5FB53229-53-55.034477230.778403521*MOVE 8,,,,,,,,
1502212343 9A34ECDEA99E230-63-63.23333741.27801919*MOVE 8,,,,,,,,
1502212343 94DC6692F976330-55-59.033332822.722617626*MOVE 8,,,,,,,,
1502212343 F9632B2DFC58230-72-74.89999391.97134614*MOVE 8,,,,,,,,
1502212403 6392B6C5FB53230-54-55.50.629723489*MOVE 8,,,,,,,,
1502212403 459F7A08D5D7221-76-79.190475462.112319469Node ChangedMOVE 8,,,,,,,,
1502212403 9A34ECDEA99E230-62-63.033340451.376738191Node ChangedMOVE 8,,,,,,,,
1502212403 94DC6692F976330-57-60.36666871.884296894Node ChangedMOVE 8,,,,,,,,
1502212463 6392B6C5FB53230-55-55.266666410.449775785*MOVE 8,,,,,,,,
1502212463 459F7A08D5D7225-76-78.440002441.356465578*MOVE 8,,,,,,,,
1502212463 9A34ECDEA99E229-63-63.24138261.122979999*MOVE 8,,,,,,,,
1502212463 94DC6692F976330-57-58.099998470.711968184*MOVE 8,,,,,,,,
1502212523 6392B6C5FB53229-54-54.620693210.621853888*MOVE 8,,,,,,,,
1502212523 459F7A08D5D7223-78-80.826087951.556575179*MOVE 8,,,,,,,,
1502212523 9A34ECDEA99E229-62-63.137931820.44111371*MOVE 8,,,,,,,,
1502212523 94DC6692F976329-57-60.586208342.009214401*MOVE 8,,,,,,,,
1502212583 6392B6C5FB53229-53-54.482757570.63362211*MOVE 8,,,,,,,,
1502212583 9A34ECDEA99E230-62-63.700000761.578956366Node ChangedMOVE 8,,,,,,,,
1502212583 94DC6692F976328-58-62.642864232.570696115Node ChangedMOVE 8,,,,,,,,
1502212583 2D1032CDC2EC329-59-60.931034092.344156981Node ChangedMOVE 8,,,,,,,,
1502212643 6392B6C5FB53230-54-54.733333590.868344963*MOVE 8,,,,,,,,
1502212643 459F7A08D5D7220-79-82.10000611.997366548Node ChangedMOVE 8,,,,,,,,
1502212643 9A34ECDEA99E230-61-62.966663360.614947855Node ChangedMOVE 8,,,,,,,,
1502212643 94DC6692F976328-58-60.392860411.594881773Node ChangedMOVE 8,,,,,,,,
1502212703 6392B6C5FB53230-55-55.799999240.761124074*MOVE 8,,,,,,,,
1502212703 459F7A08D5D7221-81-83.952377322.246692896*MOVE 8,,,,,,,,
1502212703 9A34ECDEA99E230-62-63.133327481.136640072*MOVE 8,,,,,,,,
1502212703 94DC6692F976329-58-62.551727292.529626846*MOVE 8,,,,,,,,
1502212763 6392B6C5FB53230-55-56.133338931.224273443*MOVE 8,,,,,,,,
1502212763 459F7A08D5D7212-80-83.166664121.850470543*MOVE 8,,,,,,,,
1502212763 9A34ECDEA99E228-61-62.928573610.465758801*MOVE 8,,,,,,,,
1502212763 94DC6692F976328-59-63.107147222.377974749*MOVE 8,,,,,,,,
1502212823 6392B6C5FB53229-55-56.275859830.959782362*MOVE 8,,,,,,,,
1502212823 9A34ECDEA99E230-62-63.566665650.897634387Node ChangedMOVE 8,,,,,,,,
1502212823 94DC6692F976330-58-61.933334352.887944698Node ChangedMOVE 8,,,,,,,,
1502212823 F9632B2DFC58229-69-75.586204533.417571783Node ChangedMOVE 8,,,,,,,,
1502212883 6392B6C5FB53230-56-57.299995420.794376671*MOVE 8,,,,,,,,
1502212883 9A34ECDEA99E230-63-64.099990841.936046124*MOVE 8,,,,,,,,
1502212883 94DC6692F976330-59-62.266670232.303421497*MOVE 8,,,,,,,,
1502212883 2D1032CDC2EC330-56-56.933338170.691491783Node ChangedMOVE 8,,,,,,,,
1502212943 6392B6C5FB53229-55-56.689659120.660273314*MOVE 8,,,,,,,,
1502212943 9A34ECDEA99E229-63-63.551723480.631676376*MOVE 8,,,,,,,,
1502212943 94DC6692F976330-56-58.833335881.821014881*MOVE 8,,,,,,,,
1502212943 2D1032CDC2EC329-57-61.68965532.928962469*MOVE 8,,,,,,,,
1502213003 6392B6C5FB53230-55-58.36666870.850286782*MOVE 8,,,,,,,,
1502213003 9A34ECDEA99E229-63-64.586204531.955161452*MOVE 8,,,,,,,,
1502213003 94DC6692F976330-56-56.699996950.702214122*MOVE 8,,,,,,,,
1502213003 2D1032CDC2EC330-61-62.63333131.188547015*MOVE 8,,,,,,,,
1502213063 6392B6C5FB53229-56-57.379310611.449477553*MOVE 8,,,,,,,,
1502213063 459F7A08D5D7218-67-77.388877874.704678535Node ChangedMOVE 8,,,,,,,,
1502213063 9A34ECDEA99E230-63-64.066665651.387961864Node ChangedMOVE 8,,,,,,,,
1502213063 94DC6692F976329-55-56.344829561.078220487Node ChangedMOVE 8,,,,,,,,
1502213123 6392B6C5FB53229-54-55.793102260.773643553*MOVE 8,,,,,,,,
1502213123 459F7A08D5D7221-82-85.380950931.856776834*MOVE 8,,,,,,,,
1502213123 9A34ECDEA99E229-64-65.241363531.503688216*MOVE 8,,,,,,,,
1502213123 94DC6692F976330-57-59.966663361.272611856*MOVE 8,,,,,,,,
1502213183 6392B6C5FB53230-55-56.633335110.614947975*MOVE 8,,,,,,,,
1502213183 459F7A08D5D727-83-85.71428681.79947114*MOVE 8,,,,,,,,
1502213183 9A34ECDEA99E227-63-64.962959292.393605471*MOVE 8,,,,,,,,
1502213183 94DC6692F976330-55-56.933338173.867934704*MOVE 8,,,,,,,,
1502213243 6392B6C5FB53230-55-56.666667940.958926558*MOVE 8,,,,,,,,
1502213243 9A34ECDEA99E229-63-64.275871281.386067033Node ChangedMOVE 8,,,,,,,,
1502213243 94DC6692F976329-56-57.551727290.909717679Node ChangedMOVE 8,,,,,,,,
1502213243 2D1032CDC2EC330-58-61.73333741.720733166Node ChangedMOVE 8,,,,,,,,
1502213303 6392B6C5FB53230-56-57.433330540.626061857*MOVE 8,,,,,,,,
1502213303 9A34ECDEA99E228-63-63.607147221.314853072*MOVE 8,,,,,,,,
1502213303 94DC6692F976330-56-57.033332820.718395472*MOVE 8,,,,,,,,
1502213303 2D1032CDC2EC329-59-60.793102260.773641825*MOVE 8,,,,,,,,
1502213363 6392B6C5FB53228-56-56.785717010.786796272*MOVE 8,,,,,,,,
1502213363 459F7A08D5D7228-64-78.571434025.231165886Node ChangedMOVE 8,,,,,,,,
1502213363 9A34ECDEA99E229-63-63.137928010.441114604Node ChangedMOVE 8,,,,,,,,
1502213363 94DC6692F976330-55-60.933338173.590536833Node ChangedMOVE 8,,,,,,,,
1502213423 6392B6C5FB53228-55-58.178569791.441541433*MOVE 8,,,,,,,,
1502213423 459F7A08D5D7226-65-75.038467414.321859837*MOVE 8,,,,,,,,
1502213423 9A34ECDEA99E227-62-63.703704831.81478548*MOVE 8,,,,,,,,
1502213423 94DC6692F976328-55-57.107139591.523625374*MOVE 8,,,,,,,,
1502213483 6392B6C5FB53229-55-57.862071991.125170946*MOVE 8,,,,,,,,
1502213483 9A34ECDEA99E230-63-64.066658021.257621288Node ChangedMOVE 8,,,,,,,,
1502213483 94DC6692F976329-55-58.172412872.891723156Node ChangedMOVE 8,,,,,,,,
1502213483 2D1032CDC2EC329-59-61.965515142.243765116Node ChangedMOVE 8,,,,,,,,
1502213543 6392B6C5FB53229-56-58.034484861.209568858*MOVE 8,,,,,,,,
1502213543 9A34ECDEA99E229-63-64.655174261.343658209*MOVE 8,,,,,,,,
1502213543 94DC6692F976330-55-55.533329010.81930846*MOVE 8,,,,,,,,
1502213543 F9632B2DFC58228-72-74.500007631.934099436Node ChangedMOVE 8,,,,,,,,
1502213543 6392B6C5FB53229-56-58.034484861.209568858*MOVE 8,,,,,,,,
1502213543 9A34ECDEA99E229-63-64.655174261.343658209*MOVE 8,,,,,,,,
1502213543 94DC6692F976330-55-55.533329010.81930846*MOVE 8,,,,,,,,
1502213543 F9632B2DFC58228-72-74.500007631.934099436*MOVE 8,,,,,,,,
1502213603 6392B6C5FB53229-56-57.793109891.56705606*MOVE 8,,,,,,,,
1502213603 9A34ECDEA99E230-64-65.566665651.330888867*MOVE 8,,,,,,,,
1502213603 94DC6692F976329-55-56.517242431.242712379*MOVE 8,,,,,,,,
1502213603 459F7A08D5D7227-78-80.851852421.511590719Node ChangedMOVE 8,,,,,,,,
1502213663 9A34ECDEA99E230-65-65.400001531.132589936Node ChangedMOVE 8,,,,,,,,
1502213663 94DC6692F976330-56-56.333332060.546673Node ChangedMOVE 8,,,,,,,,
1502213663 6392B6C5FB53229-56-57.241378780.912421107Node ChangedMOVE 8,,,,,,,,
1502213663 2D1032CDC2EC329-59-60.896545411.676410198Node ChangedMOVE 8,,,,,,,,
1502213723 94DC6692F976330-56-56.933338170.520829618Node ChangedMOVE 8,,,,,,,,
1502213723 6392B6C5FB53230-56-56.533332820.50741607Node ChangedMOVE 8,,,,,,,,
1502213723 459F7A08D5D7227-67-77.925926214.937500954Node ChangedMOVE 8,,,,,,,,
1502213723 9A34ECDEA99E228-65-661.763834834Node ChangedMOVE 8,,,,,,,,
1502213783 94DC6692F976329-57-57.482757570.508548915*MOVE 8,,,,,,,,
1502213783 6392B6C5FB53229-54-56.999996190.886404276*MOVE 8,,,,,,,,
1502213783 459F7A08D5D7226-72-77.730758673.040499449*MOVE 8,,,,,,,,
1502213783 9A34ECDEA99E228-63-65.28571321.329358935*MOVE 8,,,,,,,,
1502213843 94DC6692F976329-56-57.103446960.488790751*MOVE 8,,,,,,,,
1502213843 6392B6C5FB53230-55-56.000003810.587219954*MOVE 8,,,,,,,,
1502213843 459F7A08D5D7228-75-77.499992371.527525425*MOVE 8,,,,,,,,
1502213843 9A34ECDEA99E230-64-65.166664121.366680622*MOVE 8,,,,,,,,
1502213903 94DC6692F976329-56-56.275863650.454859465*MOVE 8,,,,,,,,
1502213903 6392B6C5FB53229-55-55.965515140.185695574*MOVE 8,,,,,,,,
1502213903 9A34ECDEA99E229-64-64.413795471.32334137Node ChangedMOVE 8,,,,,,,,
1502213903 2D1032CDC2EC330-62-63.51.456259847Node ChangedMOVE 8,,,,,,,,
1502213963 94DC6692F976330-55-56.066669460.907187819*MOVE 8,,,,,,,,
1502213963 6392B6C5FB53230-55-55.700004580.466091067*MOVE 8,,,,,,,,
1502213963 9A34ECDEA99E229-64-64.275863651.306484103*MOVE 8,,,,,,,,
1502213963 2D1032CDC2EC327-59-63.777786251.552502275*MOVE 8,,,,,,,,
1502214023 5D358CDAED0D230-56-56.066669460.253707975Node ChangedMOVE 8,,,,,,,,
1502214023 94DC6692F976330-55-57.166671751.366678119Node ChangedMOVE 8,,,,,,,,
1502214023 6392B6C5FB53229-56-56.896553040.617877603Node ChangedMOVE 8,,,,,,,,
1502214023 459F7A08D5D7223-76-78.130439761.217461348Node ChangedMOVE 8,,,,,,,,
1502214083 5D358CDAED0D229-56-560*MOVE 8,,,,,,,,
1502214083 94DC6692F976330-57-57.699993130.794374585*MOVE 8,,,,,,,,
1502214083 6392B6C5FB53229-57-57.379314420.493804008*MOVE 8,,,,,,,,
1502214083 459F7A08D5D7226-76-77.500007630.905538797*MOVE 8,,,,,,,,
1502214143 5D358CDAED0D229-56-56.034484860.185695276*MOVE 8,,,,,,,,
1502214143 94DC6692F976330-56-57.200000760.714384675*MOVE 8,,,,,,,,
1502214143 6392B6C5FB53230-57-57.733325960.639685273*MOVE 8,,,,,,,,
1502214143 459F7A08D5D7228-75-76.607147221.13331008*MOVE 8,,,,,,,,
1502214203 5D358CDAED0D229-55-56.068965910.37139082*MOVE 8,,,,,,,,
1502214203 94DC6692F976330-55-57.066661831.2298944*MOVE 8,,,,,,,,
1502214203 6392B6C5FB53229-56-57.24138260.635563314*MOVE 8,,,,,,,,
1502214203 459F7A08D5D7228-74-76.21428680.994692624*MOVE 8,,,,,,,,
1502214263 5D358CDAED0D230-56-56.033332820.182574317*MOVE 8,,,,,,,,
1502214263 94DC6692F976329-55-55.965515140.421117634*MOVE 8,,,,,,,,
1502214263 6392B6C5FB53229-55-56.241378780.510963559*MOVE 8,,,,,,,,
1502214263 459F7A08D5D7218-76-77.555557250.983523488*MOVE 8,,,,,,,,
1502214323 5D358CDAED0D230-56-560*MOVE 8,,,,,,,,
1502214323 94DC6692F976329-56-56.344821930.483726799*MOVE 8,,,,,,,,
1502214323 6392B6C5FB53230-55-55.466667180.507415593*MOVE 8,,,,,,,,
1502214323 459F7A08D5D7225-76-77.92000580.862172127*MOVE 8,,,,,,,,
1502214383 5D358CDAED0D230-56-56.033332820.182574183*MOVE 8,,,,,,,,
1502214383 94DC6692F976330-55-56.13333130.434171617*MOVE 8,,,,,,,,
1502214383 6392B6C5FB53229-55-55.862068180.350931078*MOVE 8,,,,,,,,
1502214383 459F7A08D5D7224-76-76.916664120.775530398*MOVE 8,,,,,,,,
1502214443 5D358CDAED0D230-55-56.366664890.668675244*MOVE 8,,,,,,,,
1502214443 94DC6692F976327-54-56.222221371.120897651*MOVE 8,,,,,,,,
1502214443 6392B6C5FB53229-55-55.93103790.798705935*MOVE 8,,,,,,,,
1502214443 459F7A08D5D7225-64-73.479995734.528794765*MOVE 8,,,,,,,,
1502214563 5D358CDAED0D228-55-56.071426390.539448917*MOVE 8,,,,,,,,
1502214563 94DC6692F976330-55-56.099998470.884736836*MOVE 8,,,,,,,,
1502214563 6392B6C5FB53229-55-56.689659121.038661242*MOVE 8,,,,,,,,
1502214563 459F7A08D5D7229-63-71.551712043.794604778*MOVE 8,,,,,,,,
1502214623 5D358CDAED0D228-55-55.499996190.509173393*MOVE 8,,,,,,,,
1502214623 94DC6692F976328-55-56.60714340.785954177*MOVE 8,,,,,,,,
1502214623 6392B6C5FB53230-56-57.266666410.58329314*MOVE 8,,,,,,,,
1502214623 459F7A08D5D7229-67-72.275863653.022493362*MOVE 8,,,,,,,,
1502214683 5D358CDAED0D228-55-55.50.693888605*MOVE 8,,,,,,,,
1502214683 94DC6692F976330-55-57.033329011.217213511*MOVE 8,,,,,,,,
1502214683 6392B6C5FB53230-55-57.400001530.770132303*MOVE 8,,,,,,,,
1502214683 459F7A08D5D7222-69-75.86363223.328026772*MOVE 8,,,,,,,,
1502214743 5D358CDAED0D229-55-55.172412870.384426177*MOVE 8,,,,,,,,
1502214743 94DC6692F976329-55-57.172412870.928476751*MOVE 8,,,,,,,,
1502214743 6392B6C5FB53229-56-57.68965530.967450738*MOVE 8,,,,,,,,
1502214743 459F7A08D5D7217-66-76.882354747.296253204*MOVE 8,,,,,,,,
1502214803 5D358CDAED0D229-55-56.275863650.701861918*MOVE 8,,,,,,,,
1502214803 94DC6692F976330-55-59.200000761.399507284*MOVE 8,,,,,,,,
1502214803 6392B6C5FB53230-56-57.033332820.999424815*MOVE 8,,,,,,,,
1502214803 459F7A08D5D7229-63-70.310348514.855801582*MOVE 8,,,,,,,,
1502214863 5D358CDAED0D230-55-55.900001530.305128723*MOVE 8,,,,,,,,
1502214863 94DC6692F976329-57-59.068969731.032716632*MOVE 8,,,,,,,,
1502214863 6392B6C5FB53227-56-56.999996190.480385572*MOVE 8,,,,,,,,
1502214863 459F7A08D5D7226-75-77.76923371.210213423*MOVE 8,,,,,,,,
1502214923 5D358CDAED0D229-55-550*MOVE 8,,,,,,,,
1502214923 94DC6692F976328-57-57.39285660.497347176*MOVE 8,,,,,,,,
1502214923 6392B6C5FB53230-57-57.166664120.379048735*MOVE 8,,,,,,,,
1502214923 459F7A08D5D7227-67-75.740737922.246237993*MOVE 8,,,,,,,,
1502214983 5D358CDAED0D230-54-55.266666410.691491067*MOVE 8,,,,,,,,
1502214983 94DC6692F976330-55-57.23333741.524135232*MOVE 8,,,,,,,,
1502214983 6392B6C5FB53230-55-56.366672520.850288928*MOVE 8,,,,,,,,
1502214983 459F7A08D5D7225-65-75.559997564.233596802*MOVE 8,,,,,,,,
1502215043 5D358CDAED0D230-56-56.133335110.34574607*MOVE 8,,,,,,,,
1502215043 94DC6692F976329-55-57.517242430.949462175*MOVE 8,,,,,,,,
1502215043 6392B6C5FB53230-55-55.700000760.915386379*MOVE 8,,,,,,,,
1502215043 9A34ECDEA99E229-63-64.379310611.590458989Node ChangedMOVE 8,,,,,,,,
1502215103 5D358CDAED0D230-55-55.900001530.305128485*MOVE 8,,,,,,,,
1502215103 94DC6692F976327-57-61.777778634.440489292*MOVE 8,,,,,,,,
1502215103 6392B6C5FB53229-55-56.482757570.687682211*MOVE 8,,,,,,,,
1502215103 9A34ECDEA99E229-64-64.241371151.299867272*MOVE 8,,,,,,,,
1502215163 5D358CDAED0D230-56-56.099998470.305128694*MOVE 8,,,,,,,,
1502215163 94DC6692F976329-59-64.275871282.926440477*MOVE 8,,,,,,,,
1502215163 6392B6C5FB53230-55-56.700000760.952310383*MOVE 8,,,,,,,,
1502215163 9A34ECDEA99E230-63-64.500007631.47974813*MOVE 8,,,,,,,,
1502215223 5D358CDAED0D224-51-53.416667942.749177456*MOVE 9,,,,,,,,
1502215223 94DC6692F976329-53-59.655174264.812749863*MOVE 9,,,,,,,,
1502215223 6392B6C5FB53231-55-56.80645371.194972277*MOVE 9,,,,,,,,
1502215223 459F7A08D5D7228-67-72.107147225.187871933Node ChangedMOVE 9,,,,,,,,
1502215283 94DC6692F976330-60-62.099998471.422721863Node ChangedMOVE 9,,,,,,,,
1502215283 F9632B2DFC58226-72-75.846153261.592288852Node ChangedMOVE 9,,,,,,,,
1502215283 6392B6C5FB53230-56-57.133338930.899552405*MOVE 9,,,,,,,,
1502215283 5D358CDAED0D229-51-51.75861740.435494244Node ChangedMOVE 9,,,,,,,,
1502215343 94DC6692F976329-58-63.448280333.822734356*MOVE 9,,,,,,,,
1502215343 F9632B2DFC58228-74-76.785720831.792102337*MOVE 9,,,,,,,,
1502215343 2D1032CDC2EC328-63-67.142852783.638418198Node ChangedMOVE 9,,,,,,,,
1502215343 6392B6C5FB53228-53-56.464282991.261455059Node ChangedMOVE 9,,,,,,,,
1502215403 94DC6692F976329-53-56.551719675.137998104*MOVE 9,,,,,,,,
1502215403 F9632B2DFC58227-74-75.851852421.703022003*MOVE 9,,,,,,,,
1502215403 2D1032CDC2EC330-59-65.166671755.153395176*MOVE 9,,,,,,,,
1502215403 6392B6C5FB53230-53-56.166660311.416243792*MOVE 9,,,,,,,,
1502215463 94DC6692F976328-53-56.321426391.925531268*MOVE 9,,,,,,,,
1502215463 F9632B2DFC58226-73-75.153854371.376728535*MOVE 9,,,,,,,,
1502215463 2D1032CDC2EC330-59-64.366661073.378261089*MOVE 9,,,,,,,,
1502215463 6392B6C5FB53230-54-57.266670232.03305912*MOVE 9,,,,,,,,
1502215523 94DC6692F976330-53-54.566665651.304722071*MOVE 9,,,,,,,,
1502215523 2D1032CDC2EC328-60-68.500015264.517447472Node ChangedMOVE 9,,,,,,,,
1502215523 6392B6C5FB53228-55-56.10714340.994030654Node ChangedMOVE 9,,,,,,,,
1502215523 9A34ECDEA99E230-62-65.066658021.617432594Node ChangedMOVE 9,,,,,,,,
1502215583 94DC6692F976330-54-55.033332820.964305162*MOVE 9,,,,,,,,
1502215583 F9632B2DFC58227-73-75.29630281.46273756Node ChangedMOVE 9,,,,,,,,
1502215583 6392B6C5FB53230-54-56.533336640.819307506*MOVE 9,,,,,,,,
1502215583 9A34ECDEA99E230-63-64.566673281.072648525*MOVE 9,,,,,,,,
1502215643 94DC6692F976329-53-55.310340880.967449784*MOVE 9,,,,,,,,
1502215643 F9632B2DFC58226-71-75.52.641968489*MOVE 9,,,,,,,,
1502215643 2D1032CDC2EC329-61-64.724136351.485562563Node ChangedMOVE 9,,,,,,,,
1502215643 9A34ECDEA99E228-63-64.46428681.574849844*MOVE 9,,,,,,,,
1502215703 94DC6692F976329-52-55.68965531.490528226*MOVE 9,,,,,,,,
1502215703 F9632B2DFC58226-71-74.538459782.353393793*MOVE 9,,,,,,,,
1502215703 2D1032CDC2EC330-56-62.599998473.682204008*MOVE 9,,,,,,,,
1502215703 6392B6C5FB53229-54-56.793102261.58968401Node ChangedMOVE 9,,,,,,,,
1502215763 94DC6692F976329-56-57.931034091.556805968*MOVE 9,,,,,,,,
1502215763 F9632B2DFC58230-70-71.566665651.813422918*MOVE 9,,,,,,,,
1502215763 6392B6C5FB53230-54-56.166667941.234094739Node ChangedMOVE 9,,,,,,,,
1502215763 9A34ECDEA99E230-64-65.73333742.318340302Node ChangedMOVE 9,,,,,,,,
1502215763 94DC6692F976329-56-57.931034091.556805968*MOVE 9,,,,,,,,
1502215763 F9632B2DFC58230-70-71.566665651.813422918*MOVE 9,,,,,,,,
1502215763 6392B6C5FB53230-54-56.166667941.234094739*MOVE 9,,,,,,,,
1502215763 9A34ECDEA99E230-64-65.73333742.318340302*MOVE 9,,,,,,,,
1502215823 94DC6692F976330-55-58.366661071.129031777*MOVE 9,,,,,,,,
1502215823 F9632B2DFC58228-70-72.107147221.892270327*MOVE 9,,,,,,,,
1502215823 2D1032CDC2EC329-59-61.448276521.804481745Node ChangedMOVE 9,,,,,,,,
1502215823 6392B6C5FB53230-55-56.566661831.278019071Node ChangedMOVE 9,,,,,,,,
1502215883 94DC6692F976328-56-60.14285664.896818161*MOVE 9,,,,,,,,
1502215883 F9632B2DFC58228-69-72.285697942.416870356*MOVE 9,,,,,,,,
1502215883 2D1032CDC2EC328-55-57.252.576604366*MOVE 9,,,,,,,,
1502215883 6392B6C5FB53230-53-55.033332821.033353209*MOVE 9,,,,,,,,
1502215943 94DC6692F976330-53-55.333332060.884086251*MOVE 9,,,,,,,,
1502215943 F9632B2DFC58222-69-71.590927121.46902144*MOVE 9,,,,,,,,
1502215943 2D1032CDC2EC330-54-54.833332060.530668437*MOVE 9,,,,,,,,
1502215943 6392B6C5FB53230-54-54.966663360.413841605*MOVE 9,,,,,,,,
1502216003 94DC6692F976328-52-53.78571320.738222778*MOVE 9,,,,,,,,
1502216003 F9632B2DFC58227-70-71.962966922.047163486*MOVE 9,,,,,,,,
1502216003 2D1032CDC2EC330-54-56.233333591.40647018*MOVE 9,,,,,,,,
1502216003 6392B6C5FB53230-54-54.966663360.182574436*MOVE 9,,,,,,,,
1502216063 94DC6692F976330-52-53.133335110.730296254*MOVE 9,,,,,,,,
1502216063 F9632B2DFC58226-72-73.346153260.891846657*MOVE 9,,,,,,,,
1502216063 2D1032CDC2EC329-55-56.275859830.751026034*MOVE 9,,,,,,,,
1502216063 6392B6C5FB53230-54-54.800003050.550862312*MOVE 9,,,,,,,,
1502216123 94DC6692F976330-52-53.73333740.907187641*MOVE 9,,,,,,,,
1502216123 F9632B2DFC58228-73-74.392852781.06594789*MOVE 9,,,,,,,,
1502216123 2D1032CDC2EC329-56-56.862071990.742781818*MOVE 9,,,,,,,,
1502216123 6392B6C5FB53229-55-55.413795470.682287872*MOVE 9,,,,,,,,
1502216183 94DC6692F976330-52-54.066665650.827681899*MOVE 9,,,,,,,,
1502216183 F9632B2DFC58227-72-73.740745540.764229*MOVE 9,,,,,,,,
1502216183 2D1032CDC2EC328-56-58.357139591.129217505*MOVE 9,,,,,,,,
1502216183 6392B6C5FB53229-56-57.241378780.689470589*MOVE 9,,,,,,,,
1502216243 94DC6692F976329-53-54.137928010.515761554*MOVE 9,,,,,,,,
1502216243 F9632B2DFC58229-72-73.689666751.774891734*MOVE 9,,,,,,,,
1502216243 2D1032CDC2EC327-57-59.407409670.84395045*MOVE 9,,,,,,,,
1502216243 6392B6C5FB53230-56-57.533332820.776079774*MOVE 9,,,,,,,,
1502216303 94DC6692F976329-52-54.172412870.928476334*MOVE 9,,,,,,,,
1502216303 F9632B2DFC58229-71-73.206886291.319612265*MOVE 9,,,,,,,,
1502216303 2D1032CDC2EC330-55-56.966670991.217214584*MOVE 9,,,,,,,,
1502216303 6392B6C5FB53230-55-57.799999241.423933506*MOVE 9,,,,,,,,
1502216363 94DC6692F976329-54-55.793106081.473075151*MOVE 9,,,,,,,,
1502216363 F9632B2DFC58229-71-71.689659121.514298916*MOVE 9,,,,,,,,
1502216363 2D1032CDC2EC330-55-57.299999241.149213552*MOVE 9,,,,,,,,
1502216363 6392B6C5FB53230-53-57.766666412.541832924*MOVE 9,,,,,,,,
1502216423 94DC6692F976329-53-55.655178072.142691851*MOVE 9,,,,,,,,
1502216423 F9632B2DFC58229-70-72.310348512.436382532*MOVE 9,,,,,,,,
1502216423 2D1032CDC2EC330-52-57.066669462.490442276*MOVE 9,,,,,,,,
1502216423 6392B6C5FB53229-52-54.06896211.066738605*MOVE 9,,,,,,,,
1502216483 94DC6692F976328-53-54.071426390.604217947*MOVE 9,,,,,,,,
1502216483 F9632B2DFC58230-69-74.366661072.38506031*MOVE 9,,,,,,,,
1502216483 2D1032CDC2EC329-53-53.862068180.639427185*MOVE 9,,,,,,,,
1502216483 6392B6C5FB53230-53-54.76666260.678910792*MOVE 9,,,,,,,,
1502216543 94DC6692F976330-52-53.833339690.746640086*MOVE 9,,,,,,,,
1502216543 F9632B2DFC58228-71-74.785720832.25021863*MOVE 9,,,,,,,,
1502216543 2D1032CDC2EC330-51-52.766666410.626062334*MOVE 9,,,,,,,,
1502216543 6392B6C5FB53230-52-54.433330540.89763397*MOVE 9,,,,,,,,
1502216603 94DC6692F976330-51-52.066665650.520830393*MOVE 9,,,,,,,,
1502216603 F9632B2DFC58229-71-72.310340881.774892807*MOVE 9,,,,,,,,
1502216603 2D1032CDC2EC330-52-53.13333130.937102377*MOVE 9,,,,,,,,
1502216603 6392B6C5FB53230-54-54.86666870.43417269*MOVE 9,,,,,,,,
1502216663 94DC6692F976329-52-52.586212160.824503064*MOVE 9,,,,,,,,
1502216663 F9632B2DFC58225-69-70.720001220.842615008*MOVE 9,,,,,,,,
1502216663 2D1032CDC2EC329-52-52.793102260.491303474*MOVE 9,,,,,,,,
1502216663 6392B6C5FB53229-54-54.724128720.454861522*MOVE 9,,,,,,,,
1502216723 94DC6692F976330-51-51.766670230.430183917*MOVE 9,,,,,,,,
1502216723 F9632B2DFC58227-69-70.222221370.64051199*MOVE 9,,,,,,,,
1502216723 2D1032CDC2EC330-53-53.233329770.430183798*MOVE 9,,,,,,,,
1502216723 6392B6C5FB53230-54-550.37139073*MOVE 9,,,,,,,,
1502216783 94DC6692F976330-51-51.933338170.449775696*MOVE 9,,,,,,,,
1502216783 F9632B2DFC58228-70-72.428558351.951802373*MOVE 9,,,,,,,,
1502216783 2D1032CDC2EC330-52-53.166671750.530668736*MOVE 9,,,,,,,,
1502216783 6392B6C5FB53229-55-55.758621220.435494095*MOVE 9,,,,,,,,
1502216843 94DC6692F976329-51-52.068965910.593479216*MOVE 9,,,,,,,,
1502216843 F9632B2DFC58227-70-71.518516541.220668197*MOVE 9,,,,,,,,
1502216843 2D1032CDC2EC329-52-53.620689390.862463713*MOVE 9,,,,,,,,
1502216843 6392B6C5FB53230-53-54.200000760.846901417*MOVE 9,,,,,,,,
1502216903 94DC6692F976330-50-51.466670990.628810167*MOVE 9,,,,,,,,
1502216903 F9632B2DFC58228-69-72.571426392.602400064*MOVE 9,,,,,,,,
1502216903 2D1032CDC2EC330-53-54.133335110.571346164*MOVE 9,,,,,,,,
1502216903 6392B6C5FB53229-53-53.551723480.685888648*MOVE 9,,,,,,,,
1502216963 94DC6692F976330-51-51.933338170.639683962*MOVE 9,,,,,,,,
1502216963 F9632B2DFC58226-70-71.692306521.15824759*MOVE 9,,,,,,,,
1502216963 2D1032CDC2EC330-52-54.366664890.889918387*MOVE 9,,,,,,,,
1502216963 6392B6C5FB53230-53-53.300003050.466092318*MOVE 9,,,,,,,,
1502217023 94DC6692F976330-51-51.666664120.546672046*MOVE 9,,,,,,,,
1502217023 F9632B2DFC58229-70-71.724136351.065583467*MOVE 9,,,,,,,,
1502217023 2D1032CDC2EC329-52-53.241378780.830455184*MOVE 9,,,,,,,,
1502217023 6392B6C5FB53230-53-53.26666260.449777424*MOVE 9,,,,,,,,
1502217083 94DC6692F976330-51-51.50.508547425*MOVE 9,,,,,,,,
1502217083 F9632B2DFC58230-70-72.033332822.311639309*MOVE 9,,,,,,,,
1502217083 2D1032CDC2EC329-52-52.793106080.412251353*MOVE 9,,,,,,,,
1502217083 6392B6C5FB53230-53-53.266670230.44977653*MOVE 9,,,,,,,,
1502217143 94DC6692F976329-51-51.31034470.541390538*MOVE 9,,,,,,,,
1502217143 F9632B2DFC58226-71-71.961540220.773602664*MOVE 9,,,,,,,,
1502217143 2D1032CDC2EC330-52-52.766666410.817199886*MOVE 9,,,,,,,,
1502217143 6392B6C5FB53230-52-52.933338170.365148425*MOVE 9,,,,,,,,
1502217203 94DC6692F976330-52-52.166664120.379048586*MOVE 9,,,,,,,,
1502217203 F9632B2DFC58229-70-72.137931821.025536776*MOVE 9,,,,,,,,
1502217203 2D1032CDC2EC330-53-54.599998470.621454835*MOVE 9,,,,,,,,
1502217203 6392B6C5FB53230-53-53.833335880.46113354*MOVE 9,,,,,,,,
1502217263 94DC6692F976330-52-520*MOVE 9,,,,,,,,
1502217263 F9632B2DFC58228-69-71.071426391.119807601*MOVE 9,,,,,,,,
1502217263 2D1032CDC2EC330-53-53.10000610.305127531*MOVE 9,,,,,,,,
1502217263 6392B6C5FB53229-53-530*MOVE 9,,,,,,,,
1502217323 94DC6692F976330-52-520*MOVE 9,,,,,,,,
1502217323 F9632B2DFC58228-71-72.071434021.74119091*MOVE 9,,,,,,,,
1502217323 2D1032CDC2EC330-53-53.533332820.507416248*MOVE 9,,,,,,,,
1502217323 6392B6C5FB53230-52-52.966667180.182574347*MOVE 9,,,,,,,,
1502217383 94DC6692F976330-52-52.033336640.182574436*MOVE 9,,,,,,,,
1502217383 F9632B2DFC58228-71-72.285705570.658681154*MOVE 9,,,,,,,,
1502217383 2D1032CDC2EC330-53-53.566661830.504006088*MOVE 9,,,,,,,,
1502217383 6392B6C5FB53230-52-52.800006870.406838179*MOVE 9,,,,,,,,
1502217443 94DC6692F976329-51-52.034484860.325440347*MOVE 9,,,,,,,,
1502217443 F9632B2DFC58229-71-72.620697021.65645659*MOVE 9,,,,,,,,
1502217443 2D1032CDC2EC329-53-53.689659120.541388869*MOVE 9,,,,,,,,
1502217443 6392B6C5FB53230-52-53.76666260.504005849*MOVE 9,,,,,,,,
1502217503 94DC6692F976330-52-52.633338931.54212749*MOVE 10,,,,,,,,
1502217503 F9632B2DFC58228-71-731.414214969*MOVE 10,,,,,,,,
1502217503 2D1032CDC2EC330-53-54.900005343.220086098*MOVE 10,,,,,,,,
1502217503 6392B6C5FB53230-53-54.200004580.484234363*MOVE 10,,,,,,,,
1502217563 94DC6692F976330-58-61.799995425.326577663*MOVE 10,,,,,,,,
1502217563 9A34ECDEA99E229-63-64.965515141.636258245Node ChangedMOVE 10,,,,,,,,
1502217563 F9632B2DFC58225-72-73.39999391.825741053Node ChangedMOVE 10,,,,,,,,
1502217563 2D1032CDC2EC330-63-67.666671754.707540512Node ChangedMOVE 10,,,,,,,,
1502217623 94DC6692F976324-62-69.125007634.215007782*MOVE 10,,,,,,,,
1502217623 9A34ECDEA99E229-64-64.827590940.848063111*MOVE 10,,,,,,,,
1502217623 F9632B2DFC58229-70-71.551734920.909716725*MOVE 10,,,,,,,,
1502217623 2D1032CDC2EC329-63-64.896560672.59594202*MOVE 10,,,,,,,,
1502217683 94DC6692F976328-61-65.785697942.657717705*MOVE 10,,,,,,,,
1502217683 9A34ECDEA99E230-64-64.799995421.68972528*MOVE 10,,,,,,,,
1502217683 F9632B2DFC58227-71-73.074073791.959708452*MOVE 10,,,,,,,,
1502217683 2D1032CDC2EC328-60-63.321422582.53937006*MOVE 10,,,,,,,,
1502217743 94DC6692F976330-59-62.566669462.079179525*MOVE 10,,,,,,,,
1502217743 9A34ECDEA99E230-63-64.166656490.833907545*MOVE 10,,,,,,,,
1502217743 F9632B2DFC58228-72-73.142852780.524530947*MOVE 10,,,,,,,,
1502217743 2D1032CDC2EC330-58-62.633327482.251179695*MOVE 10,,,,,,,,
1502217803 94DC6692F976331-59-59.870971680.805892766*MOVE 10,,,,,,,,
1502217803 9A34ECDEA99E230-64-64.599998471.904620767*MOVE 10,,,,,,,,
1502217803 F9632B2DFC58228-71-72.785705571.227979302*MOVE 10,,,,,,,,
1502217803 2D1032CDC2EC330-60-61.433326721.546595454*MOVE 10,,,,,,,,
1502217863 9A34ECDEA99E230-64-65.099998470.994814098Node ChangedMOVE 10,,,,,,,,
1502217863 F9632B2DFC58226-70-72.538459782.082897902Node ChangedMOVE 10,,,,,,,,
1502217863 2D1032CDC2EC327-62-62.925926210.873803437Node ChangedMOVE 10,,,,,,,,
1502217863 6392B6C5FB53229-55-56.068965910.37139079Node ChangedMOVE 10,,,,,,,,
1502217923 9A34ECDEA99E230-65-65.533332820.507416189*MOVE 10,,,,,,,,
1502217923 F9632B2DFC58229-73-73.655174260.669534206*MOVE 10,,,,,,,,
1502217923 2D1032CDC2EC330-60-62.333332061.34762466*MOVE 10,,,,,,,,
1502217923 6392B6C5FB53230-56-56.299995420.466090083*MOVE 10,,,,,,,,
1502217983 9A34ECDEA99E228-64-65.50.881918073*MOVE 10,,,,,,,,
1502217983 F9632B2DFC58229-72-74.379302981.265301108*MOVE 10,,,,,,,,
1502217983 2D1032CDC2EC330-61-63.266670232.827614307*MOVE 10,,,,,,,,
1502217983 6392B6C5FB53229-56-56.586212160.568031073*MOVE 10,,,,,,,,
1502218043 9A34ECDEA99E230-65-66.766677861.977168441*MOVE 10,,,,,,,,
1502218043 F9632B2DFC58229-73-75.3448411.142547607*MOVE 10,,,,,,,,
1502218043 2D1032CDC2EC330-60-62.333339691.604591489*MOVE 10,,,,,,,,
1502218043 6392B6C5FB53230-56-56.533332820.507416785*MOVE 10,,,,,,,,
1502218103 9A34ECDEA99E230-64-65.666656492.264162302*MOVE 10,,,,,,,,
1502218103 F9632B2DFC58227-72-74.111106872.025478125*MOVE 10,,,,,,,,
1502218103 2D1032CDC2EC329-61-62.827587132.205009937*MOVE 10,,,,,,,,
1502218103 6392B6C5FB53230-55-55.933334350.365148902*MOVE 10,,,,,,,,
1502218163 9A34ECDEA99E230-65-65.833328250.647718847*MOVE 10,,,,,,,,
1502218163 F9632B2DFC58228-71-72.464294430.961562514*MOVE 10,,,,,,,,
1502218163 2D1032CDC2EC330-61-62.36666871.751518011*MOVE 10,,,,,,,,
1502218163 6392B6C5FB53229-52-55.241371150.830456793*MOVE 10,,,,,,,,
1502218223 9A34ECDEA99E228-64-65.750.799305499*MOVE 10,,,,,,,,
1502218223 2D1032CDC2EC330-62-63.133335111.814374804Node ChangedMOVE 10,,,,,,,,
1502218223 F9632B2DFC58230-70-72.10000612.218262196Node ChangedMOVE 10,,,,,,,,
1502218223 6392B6C5FB53230-55-55.166664120.379048556*MOVE 10,,,,,,,,
1502218283 9A34ECDEA99E230-64-65.60000611.868063092*MOVE 10,,,,,,,,
1502218283 2D1032CDC2EC328-62-63.52.364865541*MOVE 10,,,,,,,,
1502218283 F9632B2DFC58226-70-71.538459781.81616652*MOVE 10,,,,,,,,
1502218283 6392B6C5FB53230-55-55.200000760.40683803*MOVE 10,,,,,,,,
1502218343 9A34ECDEA99E230-64-65.033332821.629117131*MOVE 10,,,,,,,,
1502218343 2D1032CDC2EC328-60-62.321430211.678923488*MOVE 10,,,,,,,,
1502218343 F9632B2DFC58228-71-72.714279172.33899641*MOVE 10,,,,,,,,
1502218343 6392B6C5FB53230-55-55.23333740.430182308*MOVE 10,,,,,,,,
1502218403 9A34ECDEA99E229-63-64.379302981.740562677*MOVE 10,,,,,,,,
1502218403 2D1032CDC2EC330-60-61.666667940.802295566*MOVE 10,,,,,,,,
1502218403 F9632B2DFC58226-69-72.76923372.642841816*MOVE 10,,,,,,,,
1502218403 6392B6C5FB53229-55-55.655174260.483724862*MOVE 10,,,,,,,,
1502218463 9A34ECDEA99E230-62-64.099998471.6681602*MOVE 10,,,,,,,,
1502218463 2D1032CDC2EC329-60-62.448276521.824166656*MOVE 10,,,,,,,,
1502218463 F9632B2DFC58230-71-74.233345033.212940693*MOVE 10,,,,,,,,
1502218463 459F7A08D5D7229-71-73.482757571.744803548Node ChangedMOVE 10,,,,,,,,
1502218523 9A34ECDEA99E228-59-63.749996191.142609835*MOVE 10,,,,,,,,
1502218523 2D1032CDC2EC330-58-61.600002291.714039326*MOVE 10,,,,,,,,
1502218523 F9632B2DFC58227-71-72.814819341.039122581*MOVE 10,,,,,,,,
1502218523 459F7A08D5D7222-67-75.72726443.268636227*MOVE 10,,,,,,,,
1502218583 9A34ECDEA99E229-63-65.172409062.592143536*MOVE 10,,,,,,,,
1502218583 2D1032CDC2EC329-61-63.896553043.287906885*MOVE 10,,,,,,,,
1502218583 F9632B2DFC58228-70-72.285720832.274774313*MOVE 10,,,,,,,,
1502218583 459F7A08D5D7223-65-75.217391972.968876362*MOVE 10,,,,,,,,
1502218643 9A34ECDEA99E230-64-64.566673280.568320453*MOVE 10,,,,,,,,
1502218643 2D1032CDC2EC330-62-65.066673282.318341732*MOVE 10,,,,,,,,
1502218643 F9632B2DFC58229-71-71.896537780.673200786*MOVE 10,,,,,,,,
1502218643 459F7A08D5D7224-69-78.041656494.154400349*MOVE 10,,,,,,,,
1502218703 9A34ECDEA99E229-64-65.137924191.597410917*MOVE 10,,,,,,,,
1502218703 2D1032CDC2EC328-59-66.321434025.856641293*MOVE 10,,,,,,,,
1502218703 F9632B2DFC58228-71-72.321434022.055770636*MOVE 10,,,,,,,,
1502218703 6392B6C5FB53230-55-55.533332820.860366166Node ChangedMOVE 10,,,,,,,,
1502218763 9A34ECDEA99E230-64-65.400009160.855003715*MOVE 10,,,,,,,,
1502218763 2D1032CDC2EC330-60-65.23333743.500575066*MOVE 10,,,,,,,,
1502218763 F9632B2DFC58229-70-71.241371150.872401595*MOVE 10,,,,,,,,
1502218763 6392B6C5FB53230-53-55.233333590.727931082*MOVE 10,,,,,,,,
1502218763 9A34ECDEA99E230-64-65.400009160.855003715*MOVE 10,,,,,,,,
1502218763 2D1032CDC2EC330-60-65.23333743.500575066*MOVE 10,,,,,,,,
1502218763 F9632B2DFC58229-70-71.241371150.872401595*MOVE 10,,,,,,,,
1502218763 6392B6C5FB53230-53-55.233333590.727931082*MOVE 10,,,,,,,,
1502218823 9A34ECDEA99E230-65-67.599990842.966479778*MOVE 10,,,,,,,,
1502218823 2D1032CDC2EC328-57-59.928569791.676163793*MOVE 10,,,,,,,,
1502218823 6392B6C5FB53228-53-54.178565981.090479136Node ChangedMOVE 10,,,,,,,,
1502218823 459F7A08D5D7226-66-73.307693483.495932102Node ChangedMOVE 10,,,,,,,,
1502218883 6392B6C5FB53230-53-54.799999240.886683524Node ChangedMOVE 10,,,,,,,,
1502218883 459F7A08D5D7230-63-69.433349613.775454283Node ChangedMOVE 10,,,,,,,,
1502218883 5D358CDAED0D228-55-57.96428682.471798658Node ChangedMOVE 10,,,,,,,,
1502218883 2D1032CDC2EC330-59-61.466663361.907034516Node ChangedMOVE 10,,,,,,,,
1502218943 6392B6C5FB53230-52-55.366661071.098066568*MOVE 10,,,,,,,,
1502218943 459F7A08D5D7228-60-67.071426395.353633404*MOVE 10,,,,,,,,
1502218943 5D358CDAED0D229-55-57.06896210.923155606*MOVE 10,,,,,,,,
1502218943 94DC6692F976330-58-62.766666412.87298131Node ChangedMOVE 10,,,,,,,,
1502219003 6392B6C5FB53229-55-56.137931820.693033338*MOVE 10,,,,,,,,
1502219003 459F7A08D5D7228-63-69.857147225.352149963*MOVE 10,,,,,,,,
1502219003 5D358CDAED0D229-56-57.06896210.457558602*MOVE 10,,,,,,,,
1502219003 94DC6692F976329-59-62.241378782.115506887*MOVE 10,,,,,,,,
1502219063 6392B6C5FB53228-55-55.71428680.599824667*MOVE 10,,,,,,,,
1502219063 459F7A08D5D7228-59-653.721808672*MOVE 10,,,,,,,,
1502219063 5D358CDAED0D230-57-57.133338930.345744997*MOVE 10,,,,,,,,
1502219063 94DC6692F976329-56-58.241378781.479747891*MOVE 10,,,,,,,,
1502219123 6392B6C5FB53230-54-55.233333590.504006505*MOVE 10,,,,,,,,
1502219123 459F7A08D5D7229-61-66.310348512.564920425*MOVE 10,,,,,,,,
1502219123 5D358CDAED0D230-52-57.300003051.578955531*MOVE 10,,,,,,,,
1502219123 94DC6692F976330-57-59.466663361.479361057*MOVE 10,,,,,,,,
1502219183 6392B6C5FB53230-53-55.266666410.944433212*MOVE 10,,,,,,,,
1502219183 459F7A08D5D7228-63-66.821426393.367090702*MOVE 10,,,,,,,,
1502219183 5D358CDAED0D229-56-58.068969731.193165898*MOVE 10,,,,,,,,
1502219183 94DC6692F976330-55-58.066669461.760355711*MOVE 10,,,,,,,,
1502219243 6392B6C5FB53230-54-55.399997710.563243449*MOVE 10,,,,,,,,
1502219243 459F7A08D5D7230-62-67.366661073.746109009*MOVE 10,,,,,,,,
1502219243 5D358CDAED0D228-57-57.035717010.188982382*MOVE 10,,,,,,,,
1502219243 9A34ECDEA99E229-66-67.413795471.973344922Node ChangedMOVE 10,,,,,,,,
1502219303 6392B6C5FB53230-54-55.066661830.520830154*MOVE 10,,,,,,,,
1502219303 459F7A08D5D7227-60-66.037033083.936821699*MOVE 10,,,,,,,,
1502219303 5D358CDAED0D230-56-57.799999242.023994446*MOVE 10,,,,,,,,
1502219303 94DC6692F976329-56-57.482757570.633622766Node ChangedMOVE 10,,,,,,,,
1502219363 6392B6C5FB53230-53-54.599994660.770131648*MOVE 10,,,,,,,,
1502219363 5D358CDAED0D230-56-57.933338171.284748077Node ChangedMOVE 10,,,,,,,,
1502219363 94DC6692F976329-55-581.164965391Node ChangedMOVE 10,,,,,,,,
1502219363 9A34ECDEA99E229-66-69.068969733.034692049Node ChangedMOVE 10,,,,,,,,
1502219423 6392B6C5FB53230-54-55.166671750.530668378*MOVE 10,,,,,,,,
1502219423 459F7A08D5D7229-61-65.379302983.931684494Node ChangedMOVE 10,,,,,,,,
1502219423 5D358CDAED0D229-57-58.103446960.673201978Node ChangedMOVE 10,,,,,,,,
1502219423 94DC6692F976328-56-58.892848971.892270207Node ChangedMOVE 10,,,,,,,,
1502219483 6392B6C5FB53229-54-54.586212160.627766907*MOVE 10,,,,,,,,
1502219483 459F7A08D5D7229-62-69.172401435.22404623*MOVE 10,,,,,,,,
1502219483 5D358CDAED0D230-57-58.066661830.583292782*MOVE 10,,,,,,,,
1502219483 94DC6692F976330-55-57.10000611.18467319*MOVE 10,,,,,,,,
1502219543 6392B6C5FB53230-54-54.433330540.504006505*MOVE 10,,,,,,,,
1502219543 459F7A08D5D7227-62-71.11111454.994868279*MOVE 10,,,,,,,,
1502219543 5D358CDAED0D229-56-57.724136350.797161818*MOVE 10,,,,,,,,
1502219543 94DC6692F976330-56-56.100002290.305128455*MOVE 10,,,,,,,,
1502219603 459F7A08D5D7230-64-71.099990844.38138628Node ChangedMOVE 10,,,,,,,,
1502219603 5D358CDAED0D230-57-57.63333130.556053817Node ChangedMOVE 10,,,,,,,,
1502219603 94DC6692F976330-55-57.166664122.717546701Node ChangedMOVE 10,,,,,,,,
1502219603 9A34ECDEA99E228-69-69.928565982.089275837Node ChangedMOVE 10,,,,,,,,
1502219663 6392B6C5FB53229-53-53.551727290.631677151Node ChangedMOVE 10,,,,,,,,
1502219663 459F7A08D5D7228-64-73.56.292263508Node ChangedMOVE 10,,,,,,,,
1502219663 5D358CDAED0D230-57-57.266666410.583292484Node ChangedMOVE 10,,,,,,,,
1502219663 94DC6692F976329-56-61.068969732.506150484Node ChangedMOVE 10,,,,,,,,
1502219723 6392B6C5FB53228-53-54.50.63828516*MOVE 10,,,,,,,,
1502219723 459F7A08D5D7229-64-70.275863653.899602652*MOVE 10,,,,,,,,
1502219723 94DC6692F976330-55-56.200000760.846901715Node ChangedMOVE 10,,,,,,,,
1502219723 9A34ECDEA99E229-69-71.137939451.746917963Node ChangedMOVE 10,,,,,,,,
1502219783 6392B6C5FB53230-53-54.199996950.714383602*MOVE 10,,,,,,,,
1502219783 459F7A08D5D7230-63-69.400001534.476759434*MOVE 10,,,,,,,,
1502219783 5D358CDAED0D230-57-57.066661830.253708005Node ChangedMOVE 10,,,,,,,,
1502219783 94DC6692F976329-55-57.379314421.473908663Node ChangedMOVE 10,,,,,,,,
1502219843 6392B6C5FB53229-53-53.586208340.50123024*MOVE 10,,,,,,,,
1502219843 459F7A08D5D7227-64-70.259246835.11101675*MOVE 10,,,,,,,,
1502219843 5D358CDAED0D229-57-57.137931820.441113561*MOVE 10,,,,,,,,
1502219843 94DC6692F976329-57-57.965515140.498766363*MOVE 10,,,,,,,,
1502219903 6392B6C5FB53230-53-54.066669460.583292186*MOVE 10,,,,,,,,
1502219903 459F7A08D5D7226-64-70.769218444.384583473*MOVE 10,,,,,,,,
1502219903 5D358CDAED0D229-52-56.655174261.564697027*MOVE 10,,,,,,,,
1502219903 94DC6692F976327-57-58.444446561.012738943*MOVE 10,,,,,,,,
1502219963 6392B6C5FB53229-51-55.551723482.147858858*MOVE 10,,,,,,,,
1502219963 459F7A08D5D7226-63-70.692314156.392302036*MOVE 10,,,,,,,,
1502219963 5D358CDAED0D230-51-53.633335111.8096174*MOVE 10,,,,,,,,
1502219963 94DC6692F976330-55-59.999996193.10727787*MOVE 10,,,,,,,,
1502220023 6392B6C5FB53229-52-55.241378782.165560961*MOVE 10,,,,,,,,
1502220023 5D358CDAED0D228-49-52.51.934099555Node ChangedMOVE 10,,,,,,,,
1502220023 94DC6692F976330-57-62.13333133.137463808Node ChangedMOVE 10,,,,,,,,
1502220023 9A34ECDEA99E229-64-67.06896212.50614953Node ChangedMOVE 10,,,,,,,,
1502220083 6392B6C5FB53230-51-53.966667181.325696468*MOVE 10,,,,,,,,
1502220083 459F7A08D5D7230-60-63.566669462.028814793Node ChangedMOVE 10,,,,,,,,
1502220083 5D358CDAED0D229-51-53.965515141.822140336Node ChangedMOVE 10,,,,,,,,
1502220083 9A34ECDEA99E230-66-70.933326723.050532103*MOVE 10,,,,,,,,
1502220143 6392B6C5FB53230-52-53.799999241.12648356*MOVE 10,,,,,,,,
1502220143 459F7A08D5D7228-61-65.464271553.625858784*MOVE 10,,,,,,,,
1502220143 5D358CDAED0D230-51-52.866664891.431982994*MOVE 10,,,,,,,,
1502220143 94DC6692F976328-58-65.678565984.3209548Node ChangedMOVE 10,,,,,,,,
1502220203 6392B6C5FB53229-52-53.896549220.939028263*MOVE 10,,,,,,,,
1502220203 459F7A08D5D7229-63-68.448272712.693725824*MOVE 10,,,,,,,,
1502220203 5D358CDAED0D228-50-57.178569793.981936216*MOVE 10,,,,,,,,
1502220203 94DC6692F976327-61-66.777778635.124098778*MOVE 10,,,,,,,,
1502234183 6392B6C5FB53229-54-55.793106081.655709982*,,,,,,,,
