F9632B2DFC58,,,,,,
time,hwid,type,samples,maxRSSI,mean,stddev
1502202046, '9A34ECDEA99E',2,30,-70,-71.56668091,1.040006161
1502202046, 'DAD655CD510A',2,28,-68,-68.71427917,0.534522772
1502202046, '2D1032CDC2EC',3,27,-74,-79.00000763,3.823013544
1502202046, '459F7A08D5D7',2,29,-75,-79.31034851,1.312125206
,,,,,,
1502202106, '9A34ECDEA99E',2,30,-71,-72.83333588,1.205828667
1502202106, 'DAD655CD510A',2,30,-68,-69.26667023,0.63968271
1502202106, '2D1032CDC2EC',3,26,-75,-77.26924133,1.537731886
1502202106, '459F7A08D5D7',2,28,-77,-79.57143402,1.525796771
,,,,,,
1502202166, '9A34ECDEA99E',2,29,-69,-72.65518188,1.47056663
1502202166, 'DAD655CD510A',2,28,-69,-70.57141876,1.793581843
1502202166, '2D1032CDC2EC',3,28,-70,-73.60715485,1.196888089
1502202166, '459F7A08D5D7',2,30,-76,-79.80000305,1.669193387
,,,,,,
1502202226, '9A34ECDEA99E',2,29,-71,-71.79309845,0.619867563
1502202226, 'DAD655CD510A',2,28,-69,-71.25,1.23603344
1502202226, '2D1032CDC2EC',3,29,-70,-72.344841,1.289403319
1502202226, '459F7A08D5D7',2,26,-78,-79.53846741,0.947872043
,,,,,,
1502202286, '9A34ECDEA99E',2,30,-68,-70.90000153,1.184672952
1502202286, 'DAD655CD510A',2,28,-68,-70.85713959,2.837766886
1502202286, '2D1032CDC2EC',3,29,-69,-72.62069702,2.094444275
1502202286, '459F7A08D5D7',2,25,-77,-79.04000092,1.206923842
,,,,,,
1502202346, '9A34ECDEA99E',2,30,-66,-69.56666565,2.254240513
1502202346, 'DAD655CD510A',2,28,-68,-71.35713959,2.627693653
1502202346, '2D1032CDC2EC',3,29,-71,-74.65516663,2.553374052
1502202346, '459F7A08D5D7',2,28,-72,-78.9642868,2.045448542
,,,,,,
1502202406, '9A34ECDEA99E',2,29,-67,-69.55172729,2.720107794
1502202406, 'DAD655CD510A',2,29,-69,-71.17241669,2.08855629
1502202406, '2D1032CDC2EC',3,28,-71,-74.96427917,2.395710468
1502202406, '459F7A08D5D7',2,25,-73,-79.24000549,2.222611904
,,,,,,
1502202406, '9A34ECDEA99E',2,29,-67,-69.55172729,2.720107794
1502202406, 'DAD655CD510A',2,29,-69,-71.17241669,2.08855629
1502202406, '2D1032CDC2EC',3,28,-71,-74.96427917,2.395710468
1502202406, '459F7A08D5D7',2,25,-73,-79.24000549,2.222611904
,,,,,,
1502202466, '9A34ECDEA99E',2,30,-69,-71.33333588,1.124439716
1502202466, 'DAD655CD510A',2,28,-67,-67.64285278,0.621485829
1502202466, '2D1032CDC2EC',3,30,-71,-72.06667328,0.739681005
1502202466, '459F7A08D5D7',2,30,-77,-78.6000061,0.770132005
,,,,,,
1502202526, '9A34ECDEA99E',2,29,-70,-71.24137115,0.689472318
1502202526, 'DAD655CD510A',2,29,-67,-68.48275757,0.687681437
1502202526, '2D1032CDC2EC',3,28,-71,-73.28570557,0.975898564
1502202526, '459F7A08D5D7',2,27,-77,-78.81481171,1.00142312
,,,,,,
1502202586, '9A34ECDEA99E',2,28,-70,-70.89286804,0.497347593
1502202586, 'DAD655CD510A',2,29,-67,-68.62069702,0.676851153
1502202586, '2D1032CDC2EC',3,29,-72,-73.10343933,0.976319253
1502202586, '94DC6692F976',3,28,-70,-71.64284515,1.339277625
,,,,,,
1502202586, '9A34ECDEA99E',2,28,-70,-70.89286804,0.497347593
1502202586, 'DAD655CD510A',2,29,-67,-68.62069702,0.676851153
1502202586, '2D1032CDC2EC',3,29,-72,-73.10343933,0.976319253
1502202586, '94DC6692F976',3,28,-70,-71.64284515,1.339277625
,,,,,,
1502202646, '5D358CDAED0D',2,29,-70,-76.03449249,4.338227749
1502202646, '9A34ECDEA99E',2,30,-67,-70.56666565,4.312637329
1502202646, 'DAD655CD510A',2,30,-69,-71.96665192,2.326510191
1502202646, '2D1032CDC2EC',3,30,-71,-74.70000458,3.142038822
,,,,,,
1502202706, '5D358CDAED0D',2,30,-70,-71.4666748,0.730296671
1502202706, '9A34ECDEA99E',2,28,-68,-68.85714722,0.65059942
1502202706, 'DAD655CD510A',2,30,-71,-71.63333893,0.718394935
1502202706, '2D1032CDC2EC',3,28,-69,-71.85714722,1.380131483
,,,,,,
1502202766, '5D358CDAED0D',2,29,-69,-72.51724243,1.454565883
1502202766, '9A34ECDEA99E',2,30,-66,-69.33333588,1.446358323
1502202766, 'DAD655CD510A',2,30,-71,-72.09999084,0.803010404
1502202766, '2D1032CDC2EC',3,30,-68,-70.6333313,1.129031539
,,,,,,
1502202826, '5D358CDAED0D',2,29,-70,-71.72413635,1.031522155
1502202826, '9A34ECDEA99E',2,30,-67,-68.73332977,0.784915268
1502202826, 'DAD655CD510A',2,28,-69,-71.67856598,0.862965643
1502202826, '2D1032CDC2EC',3,29,-70,-72.48274994,1.213634014
,,,,,,
1502202946, '5D358CDAED0D',2,27,-74,-75.96295929,1.480162501
1502202946, '9A34ECDEA99E',2,28,-73,-75.57142639,1.372442961
1502202946, 'DAD655CD510A',2,30,-72,-74.50000763,1.456257105
1502202946, '2D1032CDC2EC',3,30,-67,-69.03334045,1.351457596
,,,,,,
1502202946, '5D358CDAED0D',2,27,-74,-75.96295929,1.480162501
1502202946, '9A34ECDEA99E',2,28,-73,-75.57142639,1.372442961
1502202946, 'DAD655CD510A',2,30,-72,-74.50000763,1.456257105
1502202946, '2D1032CDC2EC',3,30,-67,-69.03334045,1.351457596
,,,,,,
1502203006, '5D358CDAED0D',2,25,-71,-78.11998749,3.60924983
1502203006, 'DAD655CD510A',2,29,-69,-73.27585602,2.914207458
1502203006, '2D1032CDC2EC',3,29,-69,-70.44826508,1.270157337
1502203006, '459F7A08D5D7',2,28,-73,-76.07142639,1.561780214
,,,,,,
1502203066, '5D358CDAED0D',2,24,-70,-77.29166412,2.457980871
1502203066, '9A34ECDEA99E',2,28,-69,-71.75,1.109721541
1502203066, 'DAD655CD510A',2,30,-70,-71.06667328,0.827681303
1502203066, '2D1032CDC2EC',3,27,-72,-74.99999237,1.839732409
,,,,,,
1502203066, '5D358CDAED0D',2,24,-70,-77.29166412,2.457980871
1502203066, '9A34ECDEA99E',2,28,-69,-71.75,1.109721541
1502203066, 'DAD655CD510A',2,30,-70,-71.06667328,0.827681303
1502203066, '2D1032CDC2EC',3,27,-72,-74.99999237,1.839732409
,,,,,,
1502203066, '5D358CDAED0D',2,24,-70,-77.29166412,2.457980871
1502203066, '9A34ECDEA99E',2,28,-69,-71.75,1.109721541
1502203066, 'DAD655CD510A',2,30,-70,-71.06667328,0.827681303
1502203066, '2D1032CDC2EC',3,27,-72,-74.99999237,1.839732409
,,,,,,
1502203066, '5D358CDAED0D',2,24,-70,-77.29166412,2.457980871
1502203066, '9A34ECDEA99E',2,28,-69,-71.75,1.109721541
1502203066, 'DAD655CD510A',2,30,-70,-71.06667328,0.827681303
1502203066, '2D1032CDC2EC',3,27,-72,-74.99999237,1.839732409
,,,,,,
1502203126, '5D358CDAED0D',2,30,-74,-78.13334656,2.19298768
1502203126, '9A34ECDEA99E',2,27,-66,-78.25925446,5.599398136
1502203126, 'DAD655CD510A',2,30,-71,-76.90000153,3.176967621
1502203126, '2D1032CDC2EC',3,27,-72,-75.03704834,2.409619808
,,,,,,
1502203126, '5D358CDAED0D',2,30,-74,-78.13334656,2.19298768
1502203126, '9A34ECDEA99E',2,27,-66,-78.25925446,5.599398136
1502203126, 'DAD655CD510A',2,30,-71,-76.90000153,3.176967621
1502203126, '2D1032CDC2EC',3,27,-72,-75.03704834,2.409619808
,,,,,,
1502203126, '5D358CDAED0D',2,30,-74,-78.13334656,2.19298768
1502203126, '9A34ECDEA99E',2,27,-66,-78.25925446,5.599398136
1502203126, 'DAD655CD510A',2,30,-71,-76.90000153,3.176967621
1502203126, '2D1032CDC2EC',3,27,-72,-75.03704834,2.409619808
,,,,,,
1502203126, '5D358CDAED0D',2,30,-74,-78.13334656,2.19298768
1502203126, '9A34ECDEA99E',2,27,-66,-78.25925446,5.599398136
1502203126, 'DAD655CD510A',2,30,-71,-76.90000153,3.176967621
1502203126, '2D1032CDC2EC',3,27,-72,-75.03704834,2.409619808
,,,,,,
1502203126, '5D358CDAED0D',2,30,-74,-78.13334656,2.19298768
1502203126, '9A34ECDEA99E',2,27,-66,-78.25925446,5.599398136
1502203126, 'DAD655CD510A',2,30,-71,-76.90000153,3.176967621
1502203126, '2D1032CDC2EC',3,27,-72,-75.03704834,2.409619808
,,,,,,
1502203306, '94DC6692F976',3,24,-68,-71.79167175,1.864524841
1502203306, '6392B6C5FB53',2,23,-77,-83.08695221,3.13213563
1502203306, '5D358CDAED0D',2,22,-74,-76.7272644,1.420322895
1502203306, '9A34ECDEA99E',2,24,-74,-77.50000763,2.126438379
,,,,,,
1502203366, '5D358CDAED0D',2,29,-69,-75.55172729,2.860895872
1502203366, '9A34ECDEA99E',2,27,-73,-77.62963104,2.559269667
1502203366, '2D1032CDC2EC',3,29,-70,-73.24139404,2.198302507
1502203366, '459F7A08D5D7',2,28,-75,-79.35714722,2.29676652
,,,,,,
1502203486, '5D358CDAED0D',2,26,-74,-75.84615326,1.405484319
1502203486, 'DAD655CD510A',2,25,-75,-80.44000244,4.113798618
1502203486, '9A34ECDEA99E',2,28,-72,-77.28572083,2.225394487
1502203486, '2D1032CDC2EC',3,30,-72,-74.30001831,1.57896018
,,,,,,
1502203486, '5D358CDAED0D',2,26,-74,-75.84615326,1.405484319
1502203486, 'DAD655CD510A',2,25,-75,-80.44000244,4.113798618
1502203486, '9A34ECDEA99E',2,28,-72,-77.28572083,2.225394487
1502203486, '2D1032CDC2EC',3,30,-72,-74.30001831,1.57896018
,,,,,,
1502203606, '5D358CDAED0D',2,30,-73,-76.30000305,2.002584219
1502203606, 'DAD655CD510A',2,29,-74,-79.68965912,3.263472557
1502203606, '2D1032CDC2EC',3,29,-70,-72.37930298,1.424627542
1502203606, '459F7A08D5D7',2,26,-74,-77.11538696,1.47856307
,,,,,,
1502203606, '5D358CDAED0D',2,30,-73,-76.30000305,2.002584219
1502203606, 'DAD655CD510A',2,29,-74,-79.68965912,3.263472557
1502203606, '2D1032CDC2EC',3,29,-70,-72.37930298,1.424627542
1502203606, '459F7A08D5D7',2,26,-74,-77.11538696,1.47856307
,,,,,,
1502203606, '5D358CDAED0D',2,30,-73,-76.30000305,2.002584219
1502203606, 'DAD655CD510A',2,29,-74,-79.68965912,3.263472557
1502203606, '2D1032CDC2EC',3,29,-70,-72.37930298,1.424627542
1502203606, '459F7A08D5D7',2,26,-74,-77.11538696,1.47856307
,,,,,,
1502203606, '5D358CDAED0D',2,30,-73,-76.30000305,2.002584219
1502203606, 'DAD655CD510A',2,29,-74,-79.68965912,3.263472557
1502203606, '2D1032CDC2EC',3,29,-70,-72.37930298,1.424627542
1502203606, '459F7A08D5D7',2,26,-74,-77.11538696,1.47856307
,,,,,,
1502203606, '5D358CDAED0D',2,30,-73,-76.30000305,2.002584219
1502203606, 'DAD655CD510A',2,29,-74,-79.68965912,3.263472557
1502203606, '2D1032CDC2EC',3,29,-70,-72.37930298,1.424627542
1502203606, '459F7A08D5D7',2,26,-74,-77.11538696,1.47856307
,,,,,,
1502203666, 'DAD655CD510A',2,25,-73,-77.08000946,2.737396479
1502203666, '9A34ECDEA99E',2,25,-74,-78.23999786,4.342427254
1502203666, '2D1032CDC2EC',3,25,-72,-74.3999939,1.354005933
1502203666, '459F7A08D5D7',2,22,-77,-78.7727356,1.020353198
,,,,,,
1502203726, 'DAD655CD510A',2,27,-73,-76.07406616,1.920055032
1502203726, '9A34ECDEA99E',2,28,-72,-77.67856598,3.11571455
1502203726, '2D1032CDC2EC',3,29,-71,-73.65517426,1.631735682
1502203726, '459F7A08D5D7',2,29,-75,-78.96550751,1.880026221
,,,,,,
1502203726, 'DAD655CD510A',2,27,-73,-76.07406616,1.920055032
1502203726, '9A34ECDEA99E',2,28,-72,-77.67856598,3.11571455
1502203726, '2D1032CDC2EC',3,29,-71,-73.65517426,1.631735682
1502203726, '459F7A08D5D7',2,29,-75,-78.96550751,1.880026221
,,,,,,
1502203726, 'DAD655CD510A',2,27,-73,-76.07406616,1.920055032
1502203726, '9A34ECDEA99E',2,28,-72,-77.67856598,3.11571455
1502203726, '2D1032CDC2EC',3,29,-71,-73.65517426,1.631735682
1502203726, '459F7A08D5D7',2,29,-75,-78.96550751,1.880026221
,,,,,,
1502203786, 'DAD655CD510A',2,28,-74,-77.92857361,3.066287041
1502203786, '9A34ECDEA99E',2,24,-75,-79.75000763,4.16245985
1502203786, '2D1032CDC2EC',3,26,-71,-73.73075867,2.108226061
1502203786, '459F7A08D5D7',2,28,-75,-77.60713959,1.969004869
,,,,,,
1502203786, 'DAD655CD510A',2,28,-74,-77.92857361,3.066287041
1502203786, '9A34ECDEA99E',2,24,-75,-79.75000763,4.16245985
1502203786, '2D1032CDC2EC',3,26,-71,-73.73075867,2.108226061
1502203786, '459F7A08D5D7',2,28,-75,-77.60713959,1.969004869
,,,,,,
1502203786, 'DAD655CD510A',2,28,-74,-77.92857361,3.066287041
1502203786, '9A34ECDEA99E',2,24,-75,-79.75000763,4.16245985
1502203786, '2D1032CDC2EC',3,26,-71,-73.73075867,2.108226061
1502203786, '459F7A08D5D7',2,28,-75,-77.60713959,1.969004869
,,,,,,
1502203786, 'DAD655CD510A',2,28,-74,-77.92857361,3.066287041
1502203786, '9A34ECDEA99E',2,24,-75,-79.75000763,4.16245985
1502203786, '2D1032CDC2EC',3,26,-71,-73.73075867,2.108226061
1502203786, '459F7A08D5D7',2,28,-75,-77.60713959,1.969004869
,,,,,,
1502203786, 'DAD655CD510A',2,28,-74,-77.92857361,3.066287041
1502203786, '9A34ECDEA99E',2,24,-75,-79.75000763,4.16245985
1502203786, '2D1032CDC2EC',3,26,-71,-73.73075867,2.108226061
1502203786, '459F7A08D5D7',2,28,-75,-77.60713959,1.969004869
,,,,,,
1502203786, 'DAD655CD510A',2,28,-74,-77.92857361,3.066287041
1502203786, '9A34ECDEA99E',2,24,-75,-79.75000763,4.16245985
1502203786, '2D1032CDC2EC',3,26,-71,-73.73075867,2.108226061
1502203786, '459F7A08D5D7',2,28,-75,-77.60713959,1.969004869
,,,,,,
1502203786, 'DAD655CD510A',2,28,-74,-77.92857361,3.066287041
1502203786, '9A34ECDEA99E',2,24,-75,-79.75000763,4.16245985
1502203786, '2D1032CDC2EC',3,26,-71,-73.73075867,2.108226061
1502203786, '459F7A08D5D7',2,28,-75,-77.60713959,1.969004869
,,,,,,
1502203786, 'DAD655CD510A',2,28,-74,-77.92857361,3.066287041
1502203786, '9A34ECDEA99E',2,24,-75,-79.75000763,4.16245985
1502203786, '2D1032CDC2EC',3,26,-71,-73.73075867,2.108226061
1502203786, '459F7A08D5D7',2,28,-75,-77.60713959,1.969004869
,,,,,,
1502203786, 'DAD655CD510A',2,28,-74,-77.92857361,3.066287041
1502203786, '9A34ECDEA99E',2,24,-75,-79.75000763,4.16245985
1502203786, '2D1032CDC2EC',3,26,-71,-73.73075867,2.108226061
1502203786, '459F7A08D5D7',2,28,-75,-77.60713959,1.969004869
,,,,,,
1502203786, 'DAD655CD510A',2,28,-74,-77.92857361,3.066287041
1502203786, '9A34ECDEA99E',2,24,-75,-79.75000763,4.16245985
1502203786, '2D1032CDC2EC',3,26,-71,-73.73075867,2.108226061
1502203786, '459F7A08D5D7',2,28,-75,-77.60713959,1.969004869
,,,,,,
1502203846, 'DAD655CD510A',2,22,-74,-76.59091187,1.140556216
1502203846, '9A34ECDEA99E',2,21,-72,-76.76190948,2.300104141
1502203846, '459F7A08D5D7',2,20,-77,-78.59999847,1.095447898
1502203846, '94DC6692F976',3,21,-69,-71.23809814,2.624970675
,,,,,,
1502203906, 'DAD655CD510A',2,15,-74,-76.79999542,1.424280286
1502203906, '9A34ECDEA99E',2,13,-71,-76,3.34165597
1502203906, '2D1032CDC2EC',3,16,-69,-71.18750763,2.400518656
1502203906, '459F7A08D5D7',2,16,-77,-78.9375,1.340087175
,,,,,,
1502203966, '94DC6692F976',3,28,-70,-73.60714722,1.707047939
1502203966, '6392B6C5FB53',2,25,-72,-77.55999756,4.052569866
1502203966, '5D358CDAED0D',2,28,-74,-76.96427917,2.252276659
1502203966, '9A34ECDEA99E',2,26,-71,-77.42308044,4.562216759
,,,,,,
1502204086, '94DC6692F976',3,30,-68,-72.56667328,1.735695481
1502204086, '6392B6C5FB53',2,25,-71,-75.40000153,2.645750284
1502204086, '5D358CDAED0D',2,28,-75,-79.78572845,2.643756628
1502204086, '9A34ECDEA99E',2,28,-71,-78.17858124,3.580332994
,,,,,,
1502204146, '94DC6692F976',3,29,-69,-74.03448486,2.227791309
1502204146, '6392B6C5FB53',2,30,-71,-76.03334045,2.772815228
1502204146, '5D358CDAED0D',2,30,-71,-78.50000763,2.3156147
1502204146, '9A34ECDEA99E',2,28,-71,-75.46429443,1.710147381
,,,,,,
1502204266, '94DC6692F976',3,30,-68,-70.80000305,0.846900344
1502204266, '459F7A08D5D7',2,26,-78,-81.15383911,1.189701557
1502204266, '6392B6C5FB53',2,27,-69,-70.03704071,0.649345934
1502204266, '5D358CDAED0D',2,29,-71,-71.89654541,1.234759808
,,,,,,
1502204506, '6392B6C5FB53',2,27,-68,-71.48148346,2.172740936
1502204506, '459F7A08D5D7',2,26,-77,-79.69230652,0.970330179
1502204506, '9A34ECDEA99E',2,27,-70,-77.48149109,6.698857784
1502204506, 'DAD655CD510A',2,29,-71,-73.72413635,2.418623924
,,,,,,
1502204566, '6392B6C5FB53',2,29,-70,-71.10344696,1.046930313
1502204566, '459F7A08D5D7',2,28,-76,-79.17857361,1.188012958
1502204566, '9A34ECDEA99E',2,28,-69,-71.50001526,1.319369555
1502204566, 'DAD655CD510A',2,29,-71,-72.31034851,1.072495341
,,,,,,
1502204686, '6392B6C5FB53',2,30,-70,-71.79999542,1.494817734
1502204686, '459F7A08D5D7',2,28,-77,-78.60712433,1.31485343
1502204686, '9A34ECDEA99E',2,29,-69,-71.51725006,1.549672008
1502204686, 'DAD655CD510A',2,29,-72,-73.24137878,0.6894719
,,,,,,
1502204746, '6392B6C5FB53',2,29,-71,-74.55171967,2.045659781
1502204746, '459F7A08D5D7',2,19,-74,-79.10525513,2.979460478
1502204746, '9A34ECDEA99E',2,29,-68,-71.37931824,1.497946024
1502204746, 'DAD655CD510A',2,28,-71,-73.0357132,1.231745601
,,,,,,
1502204866, '6392B6C5FB53',2,27,-69,-71.37036133,1.181528687
1502204866, '9A34ECDEA99E',2,27,-69,-71.88889313,1.783112526
1502204866, 'DAD655CD510A',2,28,-72,-74.24999237,0.927960932
1502204866, '2D1032CDC2EC',3,30,-68,-69.80000305,0.886685312
,,,,,,
1502204866, '6392B6C5FB53',2,27,-69,-71.37036133,1.181528687
1502204866, '9A34ECDEA99E',2,27,-69,-71.88889313,1.783112526
1502204866, 'DAD655CD510A',2,28,-72,-74.24999237,0.927960932
1502204866, '2D1032CDC2EC',3,30,-68,-69.80000305,0.886685312
,,,,,,
1502204866, '6392B6C5FB53',2,27,-69,-71.37036133,1.181528687
1502204866, '9A34ECDEA99E',2,27,-69,-71.88889313,1.783112526
1502204866, 'DAD655CD510A',2,28,-72,-74.24999237,0.927960932
1502204866, '2D1032CDC2EC',3,30,-68,-69.80000305,0.886685312
,,,,,,
1502204926, '6392B6C5FB53',2,23,-73,-78.00000763,3.316624403
1502204926, '459F7A08D5D7',2,29,-70,-74.27587128,2.388911486
1502204926, '9A34ECDEA99E',2,29,-66,-73.58620453,4.136230946
1502204926, 'DAD655CD510A',2,24,-71,-73.66665649,2.745217562
,,,,,,
1502204986, '6392B6C5FB53',2,30,-76,-78.43333435,1.633344054
1502204986, '459F7A08D5D7',2,30,-71,-74.83332825,1.464129686
1502204986, '9A34ECDEA99E',2,28,-76,-81.39285278,3.247098446
1502204986, 'DAD655CD510A',2,30,-71,-72.06665802,0.827681422
,,,,,,
1502205046, '6392B6C5FB53',2,27,-78,-79.74074554,1.258588076
1502205046, '459F7A08D5D7',2,30,-74,-76.83332825,1.703612685
1502205046, '9A34ECDEA99E',2,27,-74,-80.14814758,2.641439915
1502205046, 'DAD655CD510A',2,28,-70,-71.67856598,0.862964749
,,,,,,
1502205166, '6392B6C5FB53',2,24,-73,-82.87500763,4.163113117
1502205166, '459F7A08D5D7',2,26,-74,-78.11538696,2.268512964
1502205166, '9A34ECDEA99E',2,29,-71,-77.51724243,4.461107254
1502205166, 'DAD655CD510A',2,29,-69,-70.655159,1.289400578
,,,,,,
1502205226, '459F7A08D5D7',2,28,-73,-78.35713959,2.765051603
1502205226, '9A34ECDEA99E',2,26,-73,-79,3.698649168
1502205226, 'DAD655CD510A',2,29,-68,-70.0689621,1.307426691
1502205226, '2D1032CDC2EC',3,27,-70,-72.88887024,2.501286745
,,,,,,
1502205286, '459F7A08D5D7',2,27,-72,-76.96295929,2.780169487
1502205286, '9A34ECDEA99E',2,30,-72,-81.53334045,3.266690493
1502205286, 'DAD655CD510A',2,30,-69,-69.99999237,0.946864545
1502205286, '2D1032CDC2EC',3,29,-71,-72.62068176,1.146854281
,,,,,,
1502205346, '5D358CDAED0D',2,27,-69,-73.11112213,1.527525067
1502205346, '6392B6C5FB53',2,27,-73,-75.48148346,2.02617979
1502205346, '459F7A08D5D7',2,25,-72,-75.91999817,1.869046211
1502205346, '9A34ECDEA99E',2,29,-71,-82.4827652,5.288938046
,,,,,,
1502205406, '5D358CDAED0D',2,26,-71,-73.07691193,1.262472749
1502205406, '6392B6C5FB53',2,27,-72,-73.70371246,1.067519188
1502205406, '459F7A08D5D7',2,27,-75,-77.51850128,1.826525688
1502205406, 'DAD655CD510A',2,29,-71,-72.06896973,0.65088129
,,,,,,
1502205466, '5D358CDAED0D',2,27,-70,-71.777771,0.751066983
1502205466, '6392B6C5FB53',2,29,-72,-74.86205292,1.903462768
1502205466, '459F7A08D5D7',2,25,-77,-79.87998962,2.650792122
1502205466, '9A34ECDEA99E',2,25,-78,-83.08000946,2.970973969
,,,,,,
1502205526, '5D358CDAED0D',2,28,-71,-72.21427917,0.7382254
1502205526, '6392B6C5FB53',2,30,-75,-78.26667023,1.7798388
1502205526, '459F7A08D5D7',2,26,-74,-79.7307663,5.165710449
1502205526, '9A34ECDEA99E',2,25,-79,-82.99999237,2.768874884
,,,,,,
1502205586, '5D358CDAED0D',2,28,-71,-72.39285278,0.916486979
1502205586, '6392B6C5FB53',2,28,-73,-75.89286041,1.571488857
1502205586, '459F7A08D5D7',2,26,-71,-76.69230652,4.645595074
1502205586, 'DAD655CD510A',2,28,-71,-72.82142639,1.248808265
,,,,,,
1502205646, '5D358CDAED0D',2,27,-71,-71.74074554,0.594371915
1502205646, '6392B6C5FB53',2,27,-74,-76.44443512,1.82574749
1502205646, '459F7A08D5D7',2,29,-73,-75.82759094,1.712744355
1502205646, '9A34ECDEA99E',2,25,-75,-83.52000427,2.740437984
,,,,,,
1502205706, '5D358CDAED0D',2,29,-70,-71.4827652,0.737793326
1502205706, '6392B6C5FB53',2,30,-74,-76.43331909,1.250745535
1502205706, '459F7A08D5D7',2,30,-70,-72.5,1.479745626
1502205706, '9A34ECDEA99E',2,24,-75,-82.79166412,2.828105927
,,,,,,
1502205766, '5D358CDAED0D',2,27,-70,-71.33332825,0.832047999
1502205766, '6392B6C5FB53',2,25,-74,-76.32000732,1.435266376
1502205766, '459F7A08D5D7',2,30,-70,-73.16666412,1.577499747
1502205766, '9A34ECDEA99E',2,21,-81,-84.76190948,3.06438756
,,,,,,
1502205826, '5D358CDAED0D',2,29,-70,-71.03449249,0.680479646
1502205826, '6392B6C5FB53',2,28,-75,-76.67856598,1.24880898
1502205826, '459F7A08D5D7',2,29,-71,-72.58621216,1.210583448
1502205826, 'DAD655CD510A',2,28,-72,-72.5,0.57735014
,,,,,,
1502205826, '5D358CDAED0D',2,29,-70,-71.03449249,0.680479646
1502205826, '6392B6C5FB53',2,28,-75,-76.67856598,1.24880898
1502205826, '459F7A08D5D7',2,29,-71,-72.58621216,1.210583448
1502205826, 'DAD655CD510A',2,28,-72,-72.5,0.57735014
,,,,,,
1502205886, '5D358CDAED0D',2,27,-70,-70.74074554,0.65589726
1502205886, '6392B6C5FB53',2,26,-73,-75.57691193,1.361558437
1502205886, '459F7A08D5D7',2,28,-71,-73.24999237,1.004618406
1502205886, '9A34ECDEA99E',2,28,-77,-81.39284515,2.806594849
,,,,,,
1502205946, '5D358CDAED0D',2,30,-69,-70.40000916,0.77013135
1502205946, '6392B6C5FB53',2,28,-73,-75.0357132,1.373889089
1502205946, '459F7A08D5D7',2,28,-70,-73.03572083,1.952816367
1502205946, '9A34ECDEA99E',2,28,-72,-79,3.810318947
,,,,,,
1502206006, '6392B6C5FB53',2,29,-67,-71.37931061,3.50931263
1502206006, '459F7A08D5D7',2,29,-68,-72.93103027,2.776573181
1502206006, '9A34ECDEA99E',2,25,-72,-80.28000641,5.111424923
1502206006, 'DAD655CD510A',2,29,-71,-75.34482574,2.819266319
,,,,,,
1502206066, '6392B6C5FB53',2,28,-67,-72.60714722,4.425007343
1502206066, '459F7A08D5D7',2,26,-71,-77.61537933,4.327371597
1502206066, 'DAD655CD510A',2,29,-68,-75.58621216,4.031280041
1502206066, '2D1032CDC2EC',3,22,-76,-79.54546356,2.501947403
,,,,,,
1502206066, '6392B6C5FB53',2,28,-67,-72.60714722,4.425007343
1502206066, '459F7A08D5D7',2,26,-71,-77.61537933,4.327371597
1502206066, 'DAD655CD510A',2,29,-68,-75.58621216,4.031280041
1502206066, '2D1032CDC2EC',3,22,-76,-79.54546356,2.501947403
,,,,,,
1502206126, '6392B6C5FB53',2,29,-68,-76.34481812,6.019473076
1502206126, '459F7A08D5D7',2,28,-69,-78.17857361,5.228508472
1502206126, '9A34ECDEA99E',2,30,-69,-72.40000153,2.283373117
1502206126, 'DAD655CD510A',2,28,-69,-74.32143402,2.37351799
,,,,,,
1502206186, '6392B6C5FB53',2,23,-75,-80.08695221,4.795003414
1502206186, '459F7A08D5D7',2,26,-71,-76.07693481,3.856663942
1502206186, 'DAD655CD510A',2,29,-70,-73.93103027,1.869512677
1502206186, '9A34ECDEA99E',2,28,-67,-72.85714722,3.039422512
,,,,,,
1502206246, '6392B6C5FB53',2,30,-76,-80.6333313,3.316451311
1502206246, '459F7A08D5D7',2,29,-70,-73.89654541,2.225579739
1502206246, 'DAD655CD510A',2,29,-73,-76.68965912,1.692490339
1502206246, '9A34ECDEA99E',2,25,-66,-74.32000732,3.544009686
,,,,,,
1502206306, '6392B6C5FB53',2,27,-75,-77.07407379,0.997146606
1502206306, '459F7A08D5D7',2,30,-71,-73.46666718,2.177207947
1502206306, 'DAD655CD510A',2,29,-72,-74.82758331,1.983303905
1502206306, '9A34ECDEA99E',2,30,-72,-76.26667023,1.799104452
,,,,,,
1502206306, '6392B6C5FB53',2,27,-75,-77.07407379,0.997146606
1502206306, '459F7A08D5D7',2,30,-71,-73.46666718,2.177207947
1502206306, 'DAD655CD510A',2,29,-72,-74.82758331,1.983303905
1502206306, '9A34ECDEA99E',2,30,-72,-76.26667023,1.799104452
,,,,,,
1502206366, '459F7A08D5D7',2,29,-72,-76.44828033,2.599260807
1502206366, 'DAD655CD510A',2,29,-74,-75.20689392,0.726011276
1502206366, '9A34ECDEA99E',2,30,-76,-80.49999237,3.720861673
1502206366, '2D1032CDC2EC',3,28,-79,-82.21427917,1.37051475
,,,,,,
1502206366, '459F7A08D5D7',2,29,-72,-76.44828033,2.599260807
1502206366, 'DAD655CD510A',2,29,-74,-75.20689392,0.726011276
1502206366, '9A34ECDEA99E',2,30,-76,-80.49999237,3.720861673
1502206366, '2D1032CDC2EC',3,28,-79,-82.21427917,1.37051475
,,,,,,
1502206366, '459F7A08D5D7',2,29,-72,-76.44828033,2.599260807
1502206366, 'DAD655CD510A',2,29,-74,-75.20689392,0.726011276
1502206366, '9A34ECDEA99E',2,30,-76,-80.49999237,3.720861673
1502206366, '2D1032CDC2EC',3,28,-79,-82.21427917,1.37051475
,,,,,,
1502206366, '459F7A08D5D7',2,29,-72,-76.44828033,2.599260807
1502206366, 'DAD655CD510A',2,29,-74,-75.20689392,0.726011276
1502206366, '9A34ECDEA99E',2,30,-76,-80.49999237,3.720861673
1502206366, '2D1032CDC2EC',3,28,-79,-82.21427917,1.37051475
,,,,,,
1502206366, '459F7A08D5D7',2,29,-72,-76.44828033,2.599260807
1502206366, 'DAD655CD510A',2,29,-74,-75.20689392,0.726011276
1502206366, '9A34ECDEA99E',2,30,-76,-80.49999237,3.720861673
1502206366, '2D1032CDC2EC',3,28,-79,-82.21427917,1.37051475
,,,,,,
1502206426, '459F7A08D5D7',2,30,-67,-70.76665497,2.473067284
1502206426, 'DAD655CD510A',2,26,-69,-72.96154022,2.087692976
1502206426, '9A34ECDEA99E',2,28,-70,-78.25000763,4.623812199
1502206426, '2D1032CDC2EC',3,26,-75,-79.88462067,2.550717354
,,,,,,
1502206486, '6392B6C5FB53',2,30,-69,-70.06666565,0.784915388
1502206486, '459F7A08D5D7',2,29,-67,-71.20689392,1.497123122
1502206486, 'DAD655CD510A',2,29,-71,-72.20690918,0.940336168
1502206486, '9A34ECDEA99E',2,27,-76,-80.44445038,2.991438389
,,,,,,
1502206546, '6392B6C5FB53',2,30,-68,-70.23332214,1.006305099
1502206546, '459F7A08D5D7',2,29,-69,-70.27585602,1.48556459
1502206546, 'DAD655CD510A',2,29,-73,-75.37931061,1.521600485
1502206546, '9A34ECDEA99E',2,28,-77,-82.14285278,2.120696783
,,,,,,
1502206846, '2D1032CDC2EC',3,29,-81,-83.93103027,2.136938095
1502206846, '459F7A08D5D7',2,30,-69,-70.50000763,0.861033022
1502206846, 'DAD655CD510A',2,27,-71,-74.59259796,2.777093172
1502206846, '9A34ECDEA99E',2,29,-68,-72.20688629,1.780437112
,,,,,,
1502206906, '6392B6C5FB53',2,26,-75,-78.84616089,3.472083569
1502206906, '2D1032CDC2EC',3,25,-80,-84.27998352,2.491983891
1502206906, '459F7A08D5D7',2,28,-69,-70.71427917,1.049060822
1502206906, 'DAD655CD510A',2,27,-74,-75.74073792,1.022533655
,,,,,,
1502206966, '6392B6C5FB53',2,29,-72,-78.79311371,3.949495316
1502206966, '2D1032CDC2EC',3,27,-81,-83.29629517,1.977076292
1502206966, '459F7A08D5D7',2,29,-69,-72.10344696,2.857882023
1502206966, 'DAD655CD510A',2,29,-71,-73.96552277,2.909132004
,,,,,,
1502207026, '6392B6C5FB53',2,27,-72,-79.22222137,4.154084206
1502207026, '2D1032CDC2EC',3,20,-80,-84.69999695,4.143480301
1502207026, '459F7A08D5D7',2,29,-68,-71.655159,1.631738663
1502207026, 'DAD655CD510A',2,27,-67,-70.14815521,1.56164825
,,,,,,
1502207086, '6392B6C5FB53',2,24,-77,-82.00000763,4.117833138
1502207086, '2D1032CDC2EC',3,21,-81,-85.76191711,3.63186717
1502207086, '459F7A08D5D7',2,29,-66,-70.17242432,2.376504421
1502207086, 'DAD655CD510A',2,29,-68,-70.75862122,1.550465703
,,,,,,
1502207146, '6392B6C5FB53',2,22,-78,-82.09091187,3.35103488
1502207146, '2D1032CDC2EC',3,24,-79,-84.625,3.560805798
1502207146, '459F7A08D5D7',2,29,-66,-70.5172348,2.530114889
1502207146, 'DAD655CD510A',2,30,-69,-70.56667328,0.897634208
,,,,,,
1502207206, '2D1032CDC2EC',3,25,-80,-84.23999023,2.650157213
1502207206, '459F7A08D5D7',2,30,-66,-70.26665497,1.981521249
1502207206, 'DAD655CD510A',2,27,-68,-72.7036972,2.446579695
1502207206, '9A34ECDEA99E',2,26,-71,-80.76921844,4.032943249
,,,,,,
1502207266, '6392B6C5FB53',2,24,-79,-83.625,2.242136002
1502207266, '2D1032CDC2EC',3,21,-82,-87.09523773,2.233937263
1502207266, '459F7A08D5D7',2,29,-70,-71.5172348,2.197734594
1502207266, 'DAD655CD510A',2,29,-73,-74.62068939,1.320545673
,,,,,,
1502207326, '6392B6C5FB53',2,19,-81,-86.52631378,3.186228752
1502207326, '459F7A08D5D7',2,30,-69,-70.80000305,0.80515635
1502207326, 'DAD655CD510A',2,30,-73,-74.06667328,0.583292007
1502207326, '9A34ECDEA99E',2,30,-71,-73.06665802,1.617435455
,,,,,,
1502207386, '6392B6C5FB53',2,22,-79,-85.27272797,3.194962978
1502207386, '459F7A08D5D7',2,30,-68,-69.69999695,1.118803859
1502207386, 'DAD655CD510A',2,28,-72,-73.64284515,0.869834304
1502207386, '9A34ECDEA99E',2,25,-73,-76.75999451,2.832547426
,,,,,,
1502207446, '6392B6C5FB53',2,25,-76,-80.24001312,4.3328228
1502207446, '2D1032CDC2EC',3,27,-82,-83.74074554,1.677741051
1502207446, '459F7A08D5D7',2,30,-69,-71.16666412,1.205830693
1502207446, 'DAD655CD510A',2,28,-70,-71.28572083,0.80998981
,,,,,,
1502207506, '6392B6C5FB53',2,26,-76,-80.26922607,2.892163515
1502207506, '459F7A08D5D7',2,29,-70,-71.17241669,1.136064172
1502207506, 'DAD655CD510A',2,29,-69,-70.79311371,0.901565373
1502207506, '9A34ECDEA99E',2,26,-73,-75.34615326,1.695695996
,,,,,,
1502207566, '6392B6C5FB53',2,28,-74,-80.0357132,2.962506533
1502207566, '2D1032CDC2EC',3,28,-80,-83.64286041,3.519409657
1502207566, '459F7A08D5D7',2,30,-68,-70.09999084,1.322223425
1502207566, 'DAD655CD510A',2,29,-69,-71.75862122,1.243702769
,,,,,,
1502207626, '6392B6C5FB53',2,27,-76,-79.59259033,2.469187737
1502207626, '2D1032CDC2EC',3,23,-84,-87.95652771,2.325319529
1502207626, '459F7A08D5D7',2,27,-68,-69.8888855,0.933701038
1502207626, 'DAD655CD510A',2,30,-70,-72.46666718,1.332183123
,,,,,,
1502207686, '6392B6C5FB53',2,28,-77,-81.75,3.373370171
1502207686, '459F7A08D5D7',2,29,-70,-71.44828796,1.020719171
1502207686, 'DAD655CD510A',2,29,-69,-71.27587128,0.99629575
1502207686, '9A34ECDEA99E',2,27,-71,-76.40740204,2.223291636
,,,,,,
1502207746, '6392B6C5FB53',2,25,-75,-78.35999298,2.118958473
1502207746, '459F7A08D5D7',2,29,-69,-72.10343933,1.676406026
1502207746, 'DAD655CD510A',2,30,-71,-72.13332367,1.105893493
1502207746, '94DC6692F976',3,30,-62,-63.93333817,0.868344605
,,,,,,
1502207806, '6392B6C5FB53',2,29,-73,-77.58621216,2.625653028
1502207806, '2D1032CDC2EC',3,25,-81,-84.80001068,2.499998808
1502207806, '459F7A08D5D7',2,28,-69,-72.5,1.953155994
1502207806, 'DAD655CD510A',2,28,-74,-75.82142639,1.944671273
,,,,,,
1502207866, '6392B6C5FB53',2,29,-74,-75.4827652,1.454568267
1502207866, '2D1032CDC2EC',3,13,-88,-89.61538696,1.660243511
1502207866, '459F7A08D5D7',2,28,-71,-73,1.333332896
1502207866, 'DAD655CD510A',2,30,-75,-76.33334351,0.884089112
,,,,,,
1502207986, '6392B6C5FB53',2,28,-71,-76.10713959,2.330777407
1502207986, '459F7A08D5D7',2,28,-70,-72,1.24721837
1502207986, 'DAD655CD510A',2,28,-73,-74.82142639,1.415617228
1502207986, '9A34ECDEA99E',2,30,-67,-71.23332977,4.576428413
,,,,,,
1502208046, '5D358CDAED0D',2,27,-72,-77.03703308,2.32844305
1502208046, '6392B6C5FB53',2,28,-73,-75.14284515,1.238708854
1502208046, '2D1032CDC2EC',3,18,-81,-86.722229,3.409426451
1502208046, '459F7A08D5D7',2,29,-71,-74.58620453,2.457019806
,,,,,,
1502208106, '5D358CDAED0D',2,29,-72,-74.79311371,1.760264635
1502208106, '6392B6C5FB53',2,26,-75,-81.11538696,3.777055502
1502208106, '2D1032CDC2EC',3,23,-81,-87.78260803,4.03346014
1502208106, '459F7A08D5D7',2,29,-72,-75.82758331,3.071397781
,,,,,,
1502208166, '5D358CDAED0D',2,28,-73,-76,2.538593292
1502208166, '6392B6C5FB53',2,21,-77,-82.38095093,3.89199543
1502208166, '2D1032CDC2EC',3,27,-82,-86.14815521,3.324777365
1502208166, '459F7A08D5D7',2,26,-72,-77.03846741,2.86329484
,,,,,,
1502208226, '6392B6C5FB53',2,21,-77,-83.04762268,3.32379508
1502208226, '2D1032CDC2EC',3,25,-81,-83.51999664,2.615976095
1502208226, '459F7A08D5D7',2,27,-70,-76.37036133,3.127398729
1502208226, '9A34ECDEA99E',2,29,-68,-69.41378784,1.150072455
,,,,,,
1502208346, '5D358CDAED0D',2,28,-74,-77.42857361,3.225230455
1502208346, '6392B6C5FB53',2,22,-75,-81.4545517,4.383162975
1502208346, '2D1032CDC2EC',3,23,-83,-86.78261566,2.503753424
1502208346, '459F7A08D5D7',2,26,-72,-78.26922607,3.412421942
,,,,,,
1502208346, '5D358CDAED0D',2,28,-74,-77.42857361,3.225230455
1502208346, '6392B6C5FB53',2,22,-75,-81.4545517,4.383162975
1502208346, '2D1032CDC2EC',3,23,-83,-86.78261566,2.503753424
1502208346, '459F7A08D5D7',2,26,-72,-78.26922607,3.412421942
,,,,,,
1502208346, '5D358CDAED0D',2,28,-74,-77.42857361,3.225230455
1502208346, '6392B6C5FB53',2,22,-75,-81.4545517,4.383162975
1502208346, '2D1032CDC2EC',3,23,-83,-86.78261566,2.503753424
1502208346, '459F7A08D5D7',2,26,-72,-78.26922607,3.412421942
,,,,,,
F9632B2DFC58,,,,,,
,,,,,,
time,hwid,type,samples,maxRSSI,mean,stddev
1502208466, '6392B6C5FB53',2,25,-79,-84.36000061,2.855987787
1502208466, '2D1032CDC2EC',3,26,-82,-85.7692337,2.84686017
1502208466, '459F7A08D5D7',2,27,-71,-76.55554962,2.952618599
1502208466, '9A34ECDEA99E',2,29,-66,-70.48274231,2.399707079
,,,,,,
F9632B2DFC58,,,,,,
,,,,,,
time,hwid,type,samples,maxRSSI,mean,stddev
1502208526, '6392B6C5FB53',2,25,-78,-80.79999542,3.162278175
1502208526, '2D1032CDC2EC',3,22,-81,-86.5,3.961119175
1502208526, '459F7A08D5D7',2,27,-75,-79.88889313,3.080123901
1502208526, '9A34ECDEA99E',2,30,-66,-67.09999847,0.758855283
,,,,,,
1502208586, '6392B6C5FB53',2,27,-75,-80.07408905,2.71641326
1502208586, '459F7A08D5D7',2,27,-77,-82.55554962,3.925592661
1502208586, '9A34ECDEA99E',2,30,-66,-66.93334198,0.639684856
1502208586, 'DAD655CD510A',2,26,-73,-74.03846741,0.598716795
,,,,,,
1502208646, '6392B6C5FB53',2,28,-70,-79.57143402,3.072322369
1502208646, '2D1032CDC2EC',3,8,-78,-84.25,5.007136822
1502208646, '459F7A08D5D7',2,29,-67,-76.44827271,3.268748999
1502208646, '9A34ECDEA99E',2,30,-65,-68.3666687,3.899455309
,,,,,,
1502208706, '6392B6C5FB53',2,28,-69,-72.42857361,2.872970581
1502208706, '2D1032CDC2EC',3,25,-78,-82.27999878,2.372059584
1502208706, '459F7A08D5D7',2,30,-71,-72.66665649,2.832487583
1502208706, 'DAD655CD510A',2,29,-70,-72.9655304,2.275377035
,,,,,,
1502208706, '6392B6C5FB53',2,28,-69,-72.42857361,2.872970581
1502208706, '2D1032CDC2EC',3,25,-78,-82.27999878,2.372059584
1502208706, '459F7A08D5D7',2,30,-71,-72.66665649,2.832487583
1502208706, 'DAD655CD510A',2,29,-70,-72.9655304,2.275377035
,,,,,,
1502208766, '6392B6C5FB53',2,29,-71,-74.17240906,2.28455925
1502208766, '2D1032CDC2EC',3,26,-81,-84,1.469692826
1502208766, '459F7A08D5D7',2,29,-70,-72.96552277,1.802433133
1502208766, 'DAD655CD510A',2,29,-70,-72.03448486,1.47558105
,,,,,,
1502208766, '6392B6C5FB53',2,29,-71,-74.17240906,2.28455925
1502208766, '2D1032CDC2EC',3,26,-81,-84,1.469692826
1502208766, '459F7A08D5D7',2,29,-70,-72.96552277,1.802433133
1502208766, 'DAD655CD510A',2,29,-70,-72.03448486,1.47558105
,,,,,,
1502208826, '6392B6C5FB53',2,28,-72,-73.92857361,1.998678207
1502208826, '459F7A08D5D7',2,28,-72,-77.07142639,2.623663425
1502208826, 'DAD655CD510A',2,27,-69,-71.85185242,1.378508568
1502208826, '9A34ECDEA99E',2,30,-65,-65.73332214,0.520830333
,,,,,,
1502208826, '6392B6C5FB53',2,28,-72,-73.92857361,1.998678207
1502208826, '459F7A08D5D7',2,28,-72,-77.07142639,2.623663425
1502208826, 'DAD655CD510A',2,27,-69,-71.85185242,1.378508568
1502208826, '9A34ECDEA99E',2,30,-65,-65.73332214,0.520830333
,,,,,,
1502208886, '6392B6C5FB53',2,26,-72,-75.15385437,1.932714581
1502208886, '2D1032CDC2EC',3,29,-78,-80.86206818,1.807210445
1502208886, 'DAD655CD510A',2,30,-68,-70.30000305,1.784029007
1502208886, '9A34ECDEA99E',2,30,-64,-65.06667328,0.639685452
,,,,,,
1502208946, '6392B6C5FB53',2,28,-72,-74.35715485,1.725935817
1502208946, '2D1032CDC2EC',3,25,-79,-82.03999329,2.244995594
1502208946, '459F7A08D5D7',2,27,-72,-77.22222137,3.226490974
1502208946, 'DAD655CD510A',2,30,-69,-70.43333435,0.971428096
,,,,,,
1502209006, '6392B6C5FB53',2,28,-72,-74.89284515,1.79173398
1502209006, '2D1032CDC2EC',3,26,-78,-81.46153259,2.83168745
1502209006, 'DAD655CD510A',2,30,-69,-70.30000305,0.836660206
1502209006, '9A34ECDEA99E',2,29,-64,-65.03447723,0.823006511
,,,,,,
1502209066, '2D1032CDC2EC',3,27,-79,-81.40740204,1.500237584
1502209066, '6392B6C5FB53',2,28,-71,-73.35713959,1.445662856
1502209066, '459F7A08D5D7',2,25,-70,-72,1.322875738
1502209066, 'DAD655CD510A',2,28,-70,-71.10713959,0.956045806
,,,,,,
1502209126, '2D1032CDC2EC',3,29,-78,-80.79311371,1.896979451
1502209126, '6392B6C5FB53',2,30,-70,-72.80000305,1.827002883
1502209126, '459F7A08D5D7',2,28,-70,-73.2142868,2.299066544
1502209126, 'DAD655CD510A',2,27,-71,-73.07407379,1.206582427
,,,,,,
1502209186, '2D1032CDC2EC',3,25,-77,-81.48001099,2.770677567
1502209186, '6392B6C5FB53',2,30,-70,-72.30000305,1.76459384
1502209186, '459F7A08D5D7',2,28,-72,-74.07143402,1.961268187
1502209186, 'DAD655CD510A',2,28,-70,-72.25,1.377732158
,,,,,,
1502209246, '2D1032CDC2EC',3,27,-79,-81.66666412,1.999998331
1502209246, '6392B6C5FB53',2,30,-72,-74.20000458,1.297210813
1502209246, '459F7A08D5D7',2,28,-72,-75.4642868,2.268662453
1502209246, 'DAD655CD510A',2,24,-68,-70.54165649,1.350654483
,,,,,,
1502209246, '2D1032CDC2EC',3,27,-79,-81.66666412,1.999998331
1502209246, '6392B6C5FB53',2,30,-72,-74.20000458,1.297210813
1502209246, '459F7A08D5D7',2,28,-72,-75.4642868,2.268662453
1502209246, 'DAD655CD510A',2,24,-68,-70.54165649,1.350654483
,,,,,,
1502209306, '6392B6C5FB53',2,28,-72,-73.92857361,1.561783195
1502209306, '459F7A08D5D7',2,27,-71,-79.11109924,3.042436123
1502209306, 'DAD655CD510A',2,30,-68,-70.1000061,1.061878562
1502209306, '9A34ECDEA99E',2,30,-65,-65.16667175,0.379049271
,,,,,,
1502209366, '2D1032CDC2EC',3,29,-77,-80.34482574,1.58735764
1502209366, '6392B6C5FB53',2,29,-68,-72.72412872,2.711040735
1502209366, '459F7A08D5D7',2,26,-71,-76.7307663,2.822164774
1502209366, 'DAD655CD510A',2,28,-70,-71.75,3.39525795
,,,,,,
1502209426, '2D1032CDC2EC',3,26,-65,-79.46154785,5.434932709
1502209426, '6392B6C5FB53',2,28,-69,-71.71427155,2.274777651
1502209426, '459F7A08D5D7',2,26,-70,-76.65384674,3.621516466
1502209426, 'DAD655CD510A',2,29,-68,-70,0.801783919
,,,,,,
1502209486, '2D1032CDC2EC',3,27,-71,-76.77778625,3.555418015
1502209486, '6392B6C5FB53',2,26,-70,-72.88461304,1.840150833
1502209486, '459F7A08D5D7',2,28,-69,-72.7857132,3.552330256
1502209486, 'DAD655CD510A',2,30,-69,-71.43334198,2.500809193
,,,,,,
1502209546, '2D1032CDC2EC',3,27,-73,-77.48148346,3.055517197
1502209546, '459F7A08D5D7',2,30,-69,-73.59999084,3.529192448
1502209546, 'DAD655CD510A',2,27,-69,-70.59259033,1.009922028
1502209546, '9A34ECDEA99E',2,30,-63,-65.29999542,1.207729578
,,,,,,
1502209606, '2D1032CDC2EC',3,29,-73,-77.58621979,2.353075266
1502209606, '6392B6C5FB53',2,30,-70,-71.59999847,1.275767446
1502209606, '459F7A08D5D7',2,24,-71,-76.41667175,3.729048729
1502209606, 'DAD655CD510A',2,30,-68,-70.06667328,0.827679873
,,,,,,
1502209606, '2D1032CDC2EC',3,29,-73,-77.58621979,2.353075266
1502209606, '6392B6C5FB53',2,30,-70,-71.59999847,1.275767446
1502209606, '459F7A08D5D7',2,24,-71,-76.41667175,3.729048729
1502209606, 'DAD655CD510A',2,30,-68,-70.06667328,0.827679873
,,,,,,
1502209606, '2D1032CDC2EC',3,29,-73,-77.58621979,2.353075266
1502209606, '6392B6C5FB53',2,30,-70,-71.59999847,1.275767446
1502209606, '459F7A08D5D7',2,24,-71,-76.41667175,3.729048729
1502209606, 'DAD655CD510A',2,30,-68,-70.06667328,0.827679873
,,,,,,
1502209666, '2D1032CDC2EC',3,28,-72,-77.82143402,4.4973526
1502209666, '6392B6C5FB53',2,28,-71,-74.57143402,2.911390543
1502209666, '459F7A08D5D7',2,28,-70,-73.67858887,2.969645739
1502209666, 'DAD655CD510A',2,30,-68,-70.93334198,1.229895234
,,,,,,
1502209726, '2D1032CDC2EC',3,29,-71,-73.20688629,1.633998275
1502209726, '6392B6C5FB53',2,30,-73,-77.33332825,3.41733098
1502209726, '459F7A08D5D7',2,28,-71,-75.89286041,2.408923388
1502209726, 'DAD655CD510A',2,25,-68,-70.1599884,1.280623674
,,,,,,
1502209846, '2D1032CDC2EC',3,24,-68,-75.41667175,3.955365896
1502209846, '6392B6C5FB53',2,27,-72,-78.66667175,4.402792931
1502209846, '459F7A08D5D7',2,28,-67,-72.25000763,5.568599224
1502209846, 'DAD655CD510A',2,30,-65,-70.19998932,2.057787895
,,,,,,
1502209846, '2D1032CDC2EC',3,24,-68,-75.41667175,3.955365896
1502209846, '6392B6C5FB53',2,27,-72,-78.66667175,4.402792931
1502209846, '459F7A08D5D7',2,28,-67,-72.25000763,5.568599224
1502209846, 'DAD655CD510A',2,30,-65,-70.19998932,2.057787895
,,,,,,
1502209906, '2D1032CDC2EC',3,30,-70,-74.09999847,3.407397509
1502209906, '6392B6C5FB53',2,27,-75,-80.74073792,3.908497572
1502209906, '459F7A08D5D7',2,29,-69,-69.9310379,0.842235327
1502209906, 'DAD655CD510A',2,29,-70,-71.89654541,1.175488353
,,,,,,
1502209966, '6392B6C5FB53',2,25,-79,-84.12001801,2.619160175
1502209966, '459F7A08D5D7',2,30,-68,-69.03334045,0.964305818
1502209966, 'DAD655CD510A',2,29,-69,-71.31034088,0.929799616
1502209966, '9A34ECDEA99E',2,30,-65,-67.70000458,1.316998959
,,,,,,
1502210026, '6392B6C5FB53',2,24,-75,-84.08333588,4.772352219
1502210026, '459F7A08D5D7',2,30,-67,-69.90000916,1.561386943
1502210026, 'DAD655CD510A',2,30,-68,-70.43333435,1.695498109
1502210026, '9A34ECDEA99E',2,30,-65,-67.79999542,2.123758316
,,,,,,
1502210086, '459F7A08D5D7',2,30,-68,-70.1333313,0.937102735
1502210086, 'DAD655CD510A',2,30,-71,-72,1.017095923
1502210086, '9A34ECDEA99E',2,30,-66,-67.69999695,1.263545513
1502210086, '94DC6692F976',3,29,-61,-62.72414017,0.840771198
,,,,,,
1502210146, '6392B6C5FB53',2,29,-68,-76.82757568,5.451531887
1502210146, '459F7A08D5D7',2,20,-68,-77.44999695,3.979883194
1502210146, 'DAD655CD510A',2,30,-67,-74.3666687,4.089374065
1502210146, '9A34ECDEA99E',2,28,-66,-67.42857361,1.596954703
,,,,,,
1502210206, '6392B6C5FB53',2,29,-69,-72.34482574,1.395808339
1502210206, 'DAD655CD510A',2,27,-75,-81.22222137,3.619745255
1502210206, '9A34ECDEA99E',2,29,-64,-66.4827652,1.121883273
1502210206, '94DC6692F976',3,29,-63,-72.82757568,5.224047184
,,,,,,
1502210386, '6392B6C5FB53',2,26,-75,-78.53845978,2.120958805
1502210386, 'DAD655CD510A',2,17,-83,-86.82352448,2.455486059
1502210386, '9A34ECDEA99E',2,29,-65,-66.03448486,0.421118826
1502210386, '459F7A08D5D7',2,28,-76,-78.07142639,1.245093822
,,,,,,
1502210446, '6392B6C5FB53',2,30,-75,-78.8666687,2.063365221
1502210446, 'DAD655CD510A',2,26,-77,-80.11539459,2.084746122
1502210446, '9A34ECDEA99E',2,30,-66,-67.46665955,0.899552763
1502210446, '459F7A08D5D7',2,28,-75,-77.89286041,1.812288642
,,,,,,
1502210506, '6392B6C5FB53',2,28,-73,-77.28570557,2.034100294
1502210506, 'DAD655CD510A',2,28,-71,-79.85713959,4.75872612
1502210506, '9A34ECDEA99E',2,30,-66,-67.56667328,1.006301761
1502210506, '459F7A08D5D7',2,30,-76,-77.40000916,1.328726053
,,,,,,
1502210626, '6392B6C5FB53',2,27,-75,-78.07408905,1.838183165
1502210626, 'DAD655CD510A',2,27,-75,-78.66666412,2.759597778
1502210626, '9A34ECDEA99E',2,30,-62,-63.23333359,0.568320632
1502210626, '459F7A08D5D7',2,28,-73,-74.53572845,1.17006588
,,,,,,
1502210686, '6392B6C5FB53',2,29,-74,-78.51724243,2.599734306
1502210686, '2D1032CDC2EC',3,29,-72,-76.79309845,2.932323456
1502210686, 'DAD655CD510A',2,28,-73,-75.07143402,1.84448266
1502210686, '9A34ECDEA99E',2,30,-62,-64.26667023,0.784915686
,,,,,,
1502210806, '2D1032CDC2EC',3,27,-71,-75.6296463,5.031799316
1502210806, 'DAD655CD510A',2,28,-69,-71.92856598,1.358881593
1502210806, '9A34ECDEA99E',2,30,-62,-63.69999695,1.342925549
1502210806, '459F7A08D5D7',2,29,-75,-77.82757568,1.415949821
,,,,,,
1502210866, '6392B6C5FB53',2,23,-81,-83.82608795,3.352776051
1502210866, '2D1032CDC2EC',3,29,-73,-76.79309082,2.512530088
1502210866, 'DAD655CD510A',2,28,-71,-72.25,1.174573779
1502210866, '9A34ECDEA99E',2,30,-63,-63.6333313,0.614946961
,,,,,,
1502210926, '6392B6C5FB53',2,17,-79,-85.29412079,3.196965694
1502210926, '2D1032CDC2EC',3,26,-74,-75.5,1.272790551
1502210926, 'DAD655CD510A',2,28,-70,-72.39286041,1.196887612
1502210926, '9A34ECDEA99E',2,30,-62,-63.43333435,0.626061678
,,,,,,
1502210986, '6392B6C5FB53',2,24,-78,-83.08332825,2.780627251
1502210986, '2D1032CDC2EC',3,27,-72,-77.07407379,3.44099474
1502210986, '94DC6692F976',3,25,-72,-76.75999451,3.491420984
1502210986, '5D358CDAED0D',2,29,-66,-67,0.534521997
,,,,,,
1502211046, '6392B6C5FB53',2,24,-77,-83.45832825,3.538350582
1502211046, 'DAD655CD510A',2,30,-70,-72.7333374,1.362889767
1502211046, '459F7A08D5D7',2,26,-74,-76.80770111,2.209416389
1502211046, '9A34ECDEA99E',2,30,-63,-64.09999084,0.803010762
,,,,,,
1502211106, '6392B6C5FB53',2,26,-75,-80.2692337,3.268736601
1502211106, '2D1032CDC2EC',3,30,-66,-66.79998779,0.61025697
1502211106, 'DAD655CD510A',2,28,-72,-73.7142868,1.436485052
1502211106, '459F7A08D5D7',2,28,-75,-77.5,1.478236198
,,,,,,
1502211166, '6392B6C5FB53',2,27,-73,-78.5185318,2.873897791
1502211166, '2D1032CDC2EC',3,27,-66,-73.66666412,8.394134521
1502211166, 'DAD655CD510A',2,30,-70,-73.83334351,1.391688466
1502211166, '459F7A08D5D7',2,27,-74,-75.48147583,1.122166991
,,,,,,
1502211226, '6392B6C5FB53',2,28,-73,-75.96429443,1.666268587
1502211226, '2D1032CDC2EC',3,25,-74,-80.80000305,4.232809544
1502211226, 'DAD655CD510A',2,28,-71,-72.57142639,1.199647546
1502211226, '459F7A08D5D7',2,29,-74,-76.41379547,1.763055921
,,,,,,
1502211286, '6392B6C5FB53',2,25,-75,-77.91999817,1.656301141
1502211286, '2D1032CDC2EC',3,21,-75,-80.76190186,3.832815886
1502211286, 'DAD655CD510A',2,30,-68,-70.73332977,1.529781222
1502211286, '459F7A08D5D7',2,27,-74,-75.29628754,0.953326046
,,,,,,
1502211346, '6392B6C5FB53',2,27,-72,-79.88887787,3.262056589
1502211346, '2D1032CDC2EC',3,28,-75,-81.5357132,4.246846199
1502211346, 'DAD655CD510A',2,25,-70,-71.27999878,0.890692592
1502211346, '459F7A08D5D7',2,27,-72,-75,1.240346909
,,,,,,
1502211406, '6392B6C5FB53',2,27,-74,-77.88887787,3.190529108
1502211406, '2D1032CDC2EC',3,27,-76,-78.92592621,2.368477821
1502211406, 'DAD655CD510A',2,27,-69,-70.96296692,1.12596941
1502211406, '459F7A08D5D7',2,27,-72,-75.55554962,1.625124097
,,,,,,
1502211466, '6392B6C5FB53',2,27,-71,-76.77780151,2.846494198
1502211466, '2D1032CDC2EC',3,26,-71,-78.03845978,3.052616119
1502211466, 'DAD655CD510A',2,30,-69,-71.93334198,2.242740154
1502211466, '459F7A08D5D7',2,27,-73,-75.62962341,2.078240871
,,,,,,
1502211586, '2D1032CDC2EC',3,28,-72,-75.5357132,1.752925754
1502211586, 'DAD655CD510A',2,30,-69,-71.1000061,0.88473624
1502211586, '459F7A08D5D7',2,27,-73,-75.11112213,1.310706735
1502211586, '9A34ECDEA99E',2,29,-72,-75.20689392,2.076730013
,,,,,,
1502211646, '6392B6C5FB53',2,28,-75,-81.10713959,3.675134182
1502211646, '2D1032CDC2EC',3,29,-72,-74.27584839,1.250612974
1502211646, 'DAD655CD510A',2,29,-69,-72.55171967,1.152209401
1502211646, '459F7A08D5D7',2,30,-74,-75.03334045,0.718394518
,,,,,,
1502211706, '2D1032CDC2EC',3,27,-72,-73.66667938,1.270979285
1502211706, 'DAD655CD510A',2,29,-71,-72.41379547,1.268216252
1502211706, '5D358CDAED0D',2,30,-68,-68.70000458,0.702213466
1502211706, '459F7A08D5D7',2,27,-74,-75.85184479,1.350318789
,,,,,,
1502211766, '2D1032CDC2EC',3,29,-68,-72.17241669,3.295765877
1502211766, 'DAD655CD510A',2,30,-69,-72.26664734,1.595963478
1502211766, '5D358CDAED0D',2,30,-67,-68.76667023,1.040003538
1502211766, '6392B6C5FB53',2,27,-73,-80.03704834,3.966022968
,,,,,,
1502211826, '2D1032CDC2EC',3,30,-67,-69.33332825,1.028334498
1502211826, 'DAD655CD510A',2,29,-70,-71.62068939,1.677878857
1502211826, '5D358CDAED0D',2,28,-66,-69.28572083,1.013142228
1502211826, '6392B6C5FB53',2,28,-73,-77.67858887,2.510028601
,,,,,,
1502211886, '2D1032CDC2EC',3,28,-68,-72,1.943650126
1502211886, 'DAD655CD510A',2,29,-70,-72.06895447,1.412474394
1502211886, '5D358CDAED0D',2,29,-67,-68.27587128,0.648986101
1502211886, '6392B6C5FB53',2,26,-76,-80.34616089,2.770448208
,,,,,,
1502211946, '2D1032CDC2EC',3,29,-68,-74.68965149,4.175642014
1502211946, 'DAD655CD510A',2,29,-71,-73.99999237,1.388731956
1502211946, '5D358CDAED0D',2,30,-68,-68.4666748,0.571347296
1502211946, '6392B6C5FB53',2,26,-77,-81.38462067,3.073458672
,,,,,,
1502212006, 'DAD655CD510A',2,29,-73,-74.89655304,0.816999674
1502212006, '5D358CDAED0D',2,30,-67,-68.13332367,0.434172243
1502212006, '6392B6C5FB53',2,28,-80,-84.64286041,3.49829936
1502212006, '459F7A08D5D7',2,29,-74,-74.96550751,0.778402686
,,,,,,
1502212126, '2D1032CDC2EC',3,29,-69,-72.41378784,2.719204426
1502212126, '5D358CDAED0D',2,30,-67,-68.3666687,0.614948869
1502212126, '6392B6C5FB53',2,21,-75,-83.38095093,4.236464024
1502212126, '459F7A08D5D7',2,28,-75,-78.07143402,2.34012723
,,,,,,
1502212186, '2D1032CDC2EC',3,28,-70,-73.7142868,1.978722215
1502212186, '5D358CDAED0D',2,30,-67,-68.40000916,0.723971128
1502212186, '6392B6C5FB53',2,27,-77,-82.51852417,3.309314728
1502212186, '459F7A08D5D7',2,30,-76,-77.03334808,0.76489228
,,,,,,
1502212306, '2D1032CDC2EC',3,29,-69,-74.10343933,3.549094915
1502212306, '5D358CDAED0D',2,29,-68,-68.5172348,0.508546293
1502212306, '6392B6C5FB53',2,27,-77,-82.25926971,3.601201534
1502212306, '459F7A08D5D7',2,27,-76,-77.92591095,1.20658195
,,,,,,
1502212366, '2D1032CDC2EC',3,30,-69,-76.09999847,3.772404671
1502212366, '5D358CDAED0D',2,30,-68,-69.0333252,0.850288153
1502212366, '6392B6C5FB53',2,25,-78,-83.19999695,4.222952843
1502212366, '459F7A08D5D7',2,29,-77,-77.68965912,0.660275578
,,,,,,
1502212486, '5D358CDAED0D',2,30,-67,-68.30000305,0.794376373
1502212486, '6392B6C5FB53',2,29,-77,-83.20690155,3.609306574
1502212486, '459F7A08D5D7',2,29,-76,-76.72412872,0.701863825
1502212486, 'DAD655CD510A',2,29,-71,-72.55172729,0.68588829
,,,,,,
1502212606, '459F7A08D5D7',2,28,-75,-76.4642868,0.792657018
1502212606, 'DAD655CD510A',2,29,-71,-72.20689392,0.818504155
1502212606, '9A34ECDEA99E',2,23,-76,-82.82608032,4.427723885
1502212606, '94DC6692F976',3,23,-75,-82.13043976,4.159377575
,,,,,,
1502212666, '5D358CDAED0D',2,28,-67,-68.5,0.577350318
1502212666, '6392B6C5FB53',2,29,-74,-75.655159,1.609702468
1502212666, '459F7A08D5D7',2,29,-76,-77.20690155,0.773641109
1502212666, 'DAD655CD510A',2,30,-71,-73.06667328,0.980266392
,,,,,,
1502212666, '5D358CDAED0D',2,28,-67,-68.5,0.577350318
1502212666, '6392B6C5FB53',2,29,-74,-75.655159,1.609702468
1502212666, '459F7A08D5D7',2,29,-76,-77.20690155,0.773641109
1502212666, 'DAD655CD510A',2,30,-71,-73.06667328,0.980266392
,,,,,,
1502212726, '5D358CDAED0D',2,29,-67,-67.72412872,0.701865792
1502212726, '6392B6C5FB53',2,28,-71,-76.10713196,3.095271349
1502212726, '459F7A08D5D7',2,29,-77,-79,1.069044471
1502212726, 'DAD655CD510A',2,30,-71,-72.13333893,0.628809273
,,,,,,
1502212786, '5D358CDAED0D',2,30,-65,-68.40000153,0.932184339
1502212786, '6392B6C5FB53',2,27,-69,-74.48148346,2.926937103
1502212786, '459F7A08D5D7',2,28,-73,-77.39285278,1.832612157
1502212786, 'DAD655CD510A',2,30,-72,-74.30000305,3.415481806
,,,,,,
1502213206, '5D358CDAED0D',2,22,-80,-83.18182373,2.260139942
1502213206, '459F7A08D5D7',2,6,-85,-89,2.607681513
1502213206, 'DAD655CD510A',2,28,-71,-72.78572083,0.917206883
1502213206, '9A34ECDEA99E',2,27,-69,-72.37036896,2.339433193
,,,,,,
1502213386, '5D358CDAED0D',2,28,-74,-81.35713196,3.753657341
1502213386, '6392B6C5FB53',2,28,-70,-74.78572083,2.282899857
1502213386, 'DAD655CD510A',2,29,-71,-73.17240906,2.221149921
1502213386, '9A34ECDEA99E',2,29,-70,-72.51724243,1.549669981
,,,,,,
1502213446, '5D358CDAED0D',2,30,-73,-82,4.307170868
1502213446, '6392B6C5FB53',2,28,-71,-76.5357132,3.01210022
1502213446, '459F7A08D5D7',2,26,-74,-83.7307663,3.985549212
1502213446, 'DAD655CD510A',2,30,-70,-74.6000061,2.907776356
,,,,,,
1502213746, '5D358CDAED0D',2,29,-75,-78.55172729,1.478082299
1502213746, 'DAD655CD510A',2,29,-71,-73.37931824,1.293219447
1502213746, '94DC6692F976',3,30,-71,-72.79999542,0.99654609
1502213746, '6392B6C5FB53',2,27,-76,-79.25925446,1.913366437
,,,,,,
1502214106, 'DAD655CD510A',2,28,-73,-75.32143402,1.634204865
1502214106, '5D358CDAED0D',2,18,-77,-84.3888855,4.394365788
1502214106, '94DC6692F976',3,29,-73,-74.68965149,1.198317289
1502214106, '459F7A08D5D7',2,25,-77,-78.32000732,1.314027905
,,,,,,
1502214286, '5D358CDAED0D',2,26,-77,-81.69230652,3.717732191
1502214286, '94DC6692F976',3,28,-70,-72.92855835,1.961266279
1502214286, '6392B6C5FB53',2,30,-71,-75.79998779,1.669193387
1502214286, '9A34ECDEA99E',2,26,-71,-78.07692719,3.94890523
,,,,,,
F9632B2DFC58,,,,,,
,,,,,,
time,hwid,type,samples,maxRSSI,mean,stddev
1502214586, 'DAD655CD510A',2,30,-72,-75.69999695,2.215148687
1502214586, '5D358CDAED0D',2,24,-76,-81.33334351,4.093117237
1502214586, '94DC6692F976',3,28,-70,-74.39286804,4.589355469
1502214586, '6392B6C5FB53',2,28,-71,-80.39285278,4.524334908
,,,,,,
1502214646, 'DAD655CD510A',2,28,-73,-75.0357132,1.137969375
1502214646, '5D358CDAED0D',2,28,-79,-82.71427917,2.477410078
1502214646, '94DC6692F976',3,27,-74,-75.59259033,1.845145345
1502214646, '459F7A08D5D7',2,26,-82,-84.53845978,1.654828906
,,,,,,
1502214646, 'DAD655CD510A',2,28,-73,-75.0357132,1.137969375
1502214646, '5D358CDAED0D',2,28,-79,-82.71427917,2.477410078
1502214646, '94DC6692F976',3,27,-74,-75.59259033,1.845145345
1502214646, '459F7A08D5D7',2,26,-82,-84.53845978,1.654828906
,,,,,,
1502214706, 'DAD655CD510A',2,27,-73,-76.5185318,2.423765421
1502214706, '94DC6692F976',3,28,-68,-74.85713959,2.771736383
1502214706, '6392B6C5FB53',2,28,-74,-79.21429443,2.766964197
1502214706, '459F7A08D5D7',2,21,-80,-84.09524536,2.364418745
,,,,,,
1502214826, 'DAD655CD510A',2,29,-71,-76.03447723,3.995378017
1502214826, '5D358CDAED0D',2,26,-72,-79.30769348,3.739188671
1502214826, '94DC6692F976',3,28,-69,-72.35713196,2.585062027
1502214826, '6392B6C5FB53',2,29,-73,-76.37931061,3.774100542
,,,,,,
1502214886, 'DAD655CD510A',2,27,-69,-74.37037659,4.507669926
1502214886, '5D358CDAED0D',2,28,-68,-73.78570557,4.425155163
1502214886, '94DC6692F976',3,29,-67,-76.58620453,5.821862698
1502214886, '6392B6C5FB53',2,28,-69,-76.14285278,4.600435734
,,,,,,
1502215126, 'DAD655CD510A',2,29,-71,-72.41379547,0.732766867
1502215126, '5D358CDAED0D',2,30,-70,-75.79999542,2.00688076
1502215126, '94DC6692F976',3,28,-70,-76.57141876,3.735996008
1502215126, '6392B6C5FB53',2,30,-70,-72.80001068,1.323524356
,,,,,,
1502215186, 'DAD655CD510A',2,29,-70,-75.58620453,3.122694016
1502215186, '5D358CDAED0D',2,23,-69,-73.95652008,2.867980957
1502215186, '94DC6692F976',3,27,-70,-75.777771,3.640935183
1502215186, '6392B6C5FB53',2,28,-72,-76.9642868,3.360799313
,,,,,,
1502215246, '6392B6C5FB53',2,28,-67,-71.39286041,1.31485188
1502215246, '459F7A08D5D7',2,27,-77,-81.07407379,2.615426064
1502215246, '9A34ECDEA99E',2,27,-72,-73.99999237,1.881081581
1502215246, 'DAD655CD510A',2,28,-72,-75.17857361,1.634206414
,,,,,,
1502215306, '6392B6C5FB53',2,27,-69,-70.70370483,1.203034401
1502215306, '459F7A08D5D7',2,26,-77,-82.19229889,2.870807171
1502215306, '9A34ECDEA99E',2,29,-73,-77.31034088,2.001846075
1502215306, '5D358CDAED0D',2,28,-71,-73.25,1.174576163
,,,,,,
1502215366, '2D1032CDC2EC',3,28,-68,-72.25000763,3.606831074
1502215366, '6392B6C5FB53',2,29,-69,-70.68965912,1.649747252
1502215366, '9A34ECDEA99E',2,28,-71,-75.5,2.560381651
1502215366, '5D358CDAED0D',2,29,-70,-74.4827652,2.487406492
,,,,,,
1502215786, '2D1032CDC2EC',3,30,-68,-69.30000305,0.836660206
1502215786, '9A34ECDEA99E',2,30,-69,-70.96665192,1.519601345
1502215786, '459F7A08D5D7',2,20,-79,-82.69999695,2.054520607
1502215786, '5D358CDAED0D',2,28,-74,-78.96427917,3.976616859
,,,,,,
1502215846, '2D1032CDC2EC',3,28,-68,-71.10715485,1.547734618
1502215846, '6392B6C5FB53',2,26,-75,-78.34616089,2.652430296
1502215846, '9A34ECDEA99E',2,28,-70,-72.0357132,2.008910179
1502215846, '459F7A08D5D7',2,27,-76,-79.88889313,1.783110857
,,,,,,
1502215906, '2D1032CDC2EC',3,27,-70,-74.74073792,2.809224844
1502215906, '6392B6C5FB53',2,28,-72,-79.35713959,4.129517078
1502215906, '9A34ECDEA99E',2,30,-68,-71.56667328,1.612094879
1502215906, '459F7A08D5D7',2,28,-76,-81.07142639,1.803875327
,,,,,,
1502215966, '2D1032CDC2EC',3,29,-73,-77.24137878,3.019640923
1502215966, '6392B6C5FB53',2,26,-71,-74.53845978,2.803294897
1502215966, '9A34ECDEA99E',2,29,-68,-71.58620453,2.27591753
1502215966, '459F7A08D5D7',2,28,-78,-80.78570557,2.250221491
,,,,,,
1502216026, '2D1032CDC2EC',3,30,-73,-75.96665955,2.579537153
1502216026, '459F7A08D5D7',2,27,-78,-80.51850891,1.503079891
1502216026, '5D358CDAED0D',2,24,-78,-83.875,2.953442574
1502216026, 'DAD655CD510A',2,28,-70,-71.82142639,0.86296463
,,,,,,
1502216086, '2D1032CDC2EC',3,29,-74,-75.79309845,1.448631525
1502216086, '6392B6C5FB53',2,29,-75,-78.03449249,2.061256647
1502216086, '9A34ECDEA99E',2,25,-71,-72.48000336,0.918330729
1502216086, '459F7A08D5D7',2,29,-78,-81.00001526,1.603564382
,,,,,,
1502216146, '2D1032CDC2EC',3,27,-74,-76.92593384,1.517234683
1502216146, '6392B6C5FB53',2,28,-72,-74,1.247219205
1502216146, '9A34ECDEA99E',2,29,-71,-71.51725006,0.57449913
1502216146, '459F7A08D5D7',2,27,-77,-79.62963867,1.779117465
,,,,,,
1502216206, '6392B6C5FB53',2,27,-71,-72.62963867,1.043222308
1502216206, '9A34ECDEA99E',2,29,-70,-71.10344696,0.816999137
1502216206, '459F7A08D5D7',2,30,-79,-80.33333588,1.028334618
1502216206, '5D358CDAED0D',2,22,-81,-86.22727203,3.022642851
,,,,,,
1502216266, '2D1032CDC2EC',3,26,-73,-77.88461304,3.51370883
1502216266, '6392B6C5FB53',2,27,-69,-72.22222137,2.100059509
1502216266, '9A34ECDEA99E',2,30,-68,-71.50001526,1.833598256
1502216266, '459F7A08D5D7',2,24,-77,-81.20832825,2.283763409
,,,,,,
1502216326, '2D1032CDC2EC',3,29,-71,-74.10345459,2.241569996
1502216326, '6392B6C5FB53',2,29,-69,-71.31034088,1.2277565
1502216326, '5D358CDAED0D',2,30,-74,-77.13333893,1.942862511
1502216326, '9A34ECDEA99E',2,30,-69,-70.83332825,1.599205613
,,,,,,
1502216386, '2D1032CDC2EC',3,29,-71,-73.72413635,1.770725846
1502216386, '6392B6C5FB53',2,29,-69,-71.75862885,1.154346347
1502216386, '459F7A08D5D7',2,24,-82,-84.75,1.77543664
1502216386, '5D358CDAED0D',2,27,-73,-76.18517303,1.776710033
,,,,,,
1502216446, '2D1032CDC2EC',3,28,-70,-75.25,3.718075037
1502216446, '6392B6C5FB53',2,26,-68,-71.07691193,1.494605541
1502216446, '5D358CDAED0D',2,26,-69,-74.76922607,4.589616776
1502216446, '9A34ECDEA99E',2,30,-69,-70.5,1.548080206
,,,,,,
1502216506, '2D1032CDC2EC',3,28,-68,-70.53570557,1.527091503
1502216506, '6392B6C5FB53',2,28,-71,-75.46427155,2.348871469
1502216506, '459F7A08D5D7',2,30,-74,-77.69999695,1.822278142
1502216506, '5D358CDAED0D',2,28,-68,-70.64286041,1.445665836
,,,,,,
1502216566, '2D1032CDC2EC',3,29,-70,-71.89655304,1.113065004
1502216566, '6392B6C5FB53',2,29,-73,-75.55172729,1.862914324
1502216566, '459F7A08D5D7',2,24,-76,-80.12498474,2.723691463
1502216566, '5D358CDAED0D',2,29,-69,-70.72412872,1.666831136
,,,,,,
1502216626, '2D1032CDC2EC',3,29,-69,-71.31034851,1.256513596
1502216626, '6392B6C5FB53',2,24,-74,-76.41666412,1.282545567
1502216626, '459F7A08D5D7',2,27,-78,-81.44444275,1.967685103
1502216626, '5D358CDAED0D',2,29,-70,-71.62068176,0.862461984
,,,,,,
1502216686, '2D1032CDC2EC',3,25,-69,-70.68000031,0.852447867
1502216686, '6392B6C5FB53',2,29,-72,-73.82759094,0.928475142
1502216686, '459F7A08D5D7',2,29,-76,-79.55172729,1.638518691
1502216686, '5D358CDAED0D',2,28,-70,-71.60713959,0.956039906
,,,,,,
1502216746, '2D1032CDC2EC',3,27,-69,-70.25926208,0.764228106
1502216746, '459F7A08D5D7',2,25,-76,-79.24001312,2.420054197
1502216746, '5D358CDAED0D',2,27,-69,-71.96294403,1.828863978
1502216746, '9A34ECDEA99E',2,30,-65,-66.43332672,1.006302476
,,,,,,
1502216806, '2D1032CDC2EC',3,29,-68,-70.03449249,1.209566355
1502216806, '6392B6C5FB53',2,25,-72,-76.84000397,1.972307444
1502216806, '459F7A08D5D7',2,24,-75,-81.45832825,3.202977896
1502216806, '5D358CDAED0D',2,28,-70,-71.74999237,1.040828824
,,,,,,
1502216926, '2D1032CDC2EC',3,27,-70,-72.44444275,1.281026959
1502216926, '6392B6C5FB53',2,29,-71,-73.75862122,1.825519323
1502216926, '459F7A08D5D7',2,29,-77,-78.51724243,0.986360788
1502216926, '5D358CDAED0D',2,27,-71,-74.5925827,2.590806246
,,,,,,
1502216986, '2D1032CDC2EC',3,28,-71,-72.0357132,0.744467616
1502216986, '6392B6C5FB53',2,29,-74,-76.20689392,1.69830668
1502216986, '459F7A08D5D7',2,26,-77,-78.57691193,0.986836135
1502216986, '5D358CDAED0D',2,27,-73,-76.5925827,2.575912952
,,,,,,
1502217046, '2D1032CDC2EC',3,30,-69,-70.40000916,0.968467474
1502217046, '6392B6C5FB53',2,28,-73,-75.0357132,1.551157117
1502217046, '459F7A08D5D7',2,27,-77,-78.66666412,0.679364979
1502217046, '5D358CDAED0D',2,27,-74,-75.62963104,0.966682255
,,,,,,
1502217106, '2D1032CDC2EC',3,27,-69,-70.25925446,0.594369948
1502217106, '6392B6C5FB53',2,30,-71,-74.1333313,1.224276066
1502217106, '459F7A08D5D7',2,26,-77,-79.46154022,1.028814673
1502217106, '5D358CDAED0D',2,28,-73,-75.64286804,1.471058249
,,,,,,
1502217166, '2D1032CDC2EC',3,29,-70,-70.65516663,0.483724207
1502217166, '459F7A08D5D7',2,23,-80,-81.04347229,0.638055027
1502217166, '5D358CDAED0D',2,27,-76,-77.81482697,1.14478898
1502217166, '9A34ECDEA99E',2,29,-67,-69.27587128,1.130629539
,,,,,,
1502217226, '2D1032CDC2EC',3,30,-70,-71.3666687,0.556053221
1502217226, '6392B6C5FB53',2,27,-71,-72.92591858,1.327978969
1502217226, '459F7A08D5D7',2,28,-77,-79.03572083,1.070899844
1502217226, '5D358CDAED0D',2,26,-71,-74.92308044,2.667179585
,,,,,,
1502217286, '2D1032CDC2EC',3,29,-71,-71.68965912,0.849516273
1502217286, '6392B6C5FB53',2,29,-71,-73.24137878,0.830454171
1502217286, '459F7A08D5D7',2,26,-77,-78.69230652,1.086986303
1502217286, '5D358CDAED0D',2,29,-72,-75.20689392,1.677144408
,,,,,,
1502217346, '2D1032CDC2EC',3,25,-70,-71.27999878,0.541602492
1502217346, '6392B6C5FB53',2,30,-72,-73.40000916,0.770130098
1502217346, '459F7A08D5D7',2,27,-77,-78.55555725,0.847318113
1502217346, '5D358CDAED0D',2,29,-74,-75.10344696,0.939027667
,,,,,,
1502217406, '2D1032CDC2EC',3,27,-69,-70.77778625,0.974024594
1502217406, '6392B6C5FB53',2,27,-73,-75.3703537,1.390854239
1502217406, '459F7A08D5D7',2,27,-77,-78.99999237,1.208941698
1502217406, '5D358CDAED0D',2,29,-73,-75.93103027,1.907332778
,,,,,,
1502217466, '2D1032CDC2EC',3,27,-70,-71.51850891,0.849001288
1502217466, '6392B6C5FB53',2,27,-71,-74.66666412,1.640824199
1502217466, '459F7A08D5D7',2,27,-78,-79.29629517,1.324759483
1502217466, '5D358CDAED0D',2,28,-72,-74.17857361,1.278122425
,,,,,,
1502217586, '2D1032CDC2EC',3,24,-73,-75.58333588,2.552348375
1502217586, '6392B6C5FB53',2,30,-71,-72.96666718,1.56432879
1502217586, '459F7A08D5D7',2,26,-78,-79.57693481,0.643309355
1502217586, '5D358CDAED0D',2,29,-69,-70.72414398,0.797163606
,,,,,,
1502217646, '2D1032CDC2EC',3,25,-70,-74.31998444,2.154835224
1502217646, '6392B6C5FB53',2,28,-71,-72.92857361,1.015748858
1502217646, '459F7A08D5D7',2,25,-79,-81.95999908,2.244993925
1502217646, '5D358CDAED0D',2,28,-68,-70.39285278,1.065948963
,,,,,,
1502217766, '2D1032CDC2EC',3,28,-72,-77.5,1.753306508
1502217766, '6392B6C5FB53',2,25,-72,-73.63999939,0.907377541
1502217766, '459F7A08D5D7',2,27,-80,-80.77777863,0.751067698
1502217766, '5D358CDAED0D',2,27,-70,-71.33334351,0.919862151
,,,,,,
1502217826, '2D1032CDC2EC',3,27,-76,-78.59257507,1.421246767
1502217826, '6392B6C5FB53',2,30,-71,-72.53333282,0.819308698
1502217826, '5D358CDAED0D',2,26,-70,-71.30770111,0.788377941
1502217826, '9A34ECDEA99E',2,30,-63,-63.59999466,0.563242733
,,,,,,
1502217886, '2D1032CDC2EC',3,24,-75,-78.08332825,2.185258865
1502217886, '6392B6C5FB53',2,27,-72,-73.85184479,1.485925555
1502217886, '459F7A08D5D7',2,28,-77,-80.39286041,2.114138126
1502217886, '5D358CDAED0D',2,30,-69,-70.99998474,2.803937674
,,,,,,
1502217946, '2D1032CDC2EC',3,30,-72,-75.83333588,1.641768456
1502217946, '6392B6C5FB53',2,29,-71,-73.27584839,0.9218238
1502217946, '459F7A08D5D7',2,22,-79,-81.09091187,1.269010544
1502217946, '5D358CDAED0D',2,28,-68,-69.46429443,1.10494411
,,,,,,
1502218066, '2D1032CDC2EC',3,26,-73,-77.92308044,3.345718861
1502218066, '6392B6C5FB53',2,30,-71,-72.9666748,0.927860022
1502218066, '5D358CDAED0D',2,29,-69,-70.24138641,0.739457607
1502218066, '94DC6692F976',3,29,-67,-70.34483337,1.518360257
,,,,,,
1502218126, '6392B6C5FB53',2,24,-72,-72.45832825,0.588230491
1502218126, '459F7A08D5D7',2,27,-77,-79.7036972,1.636479139
1502218126, '5D358CDAED0D',2,30,-70,-71.2333374,1.104330182
1502218126, '94DC6692F976',3,29,-69,-70.31035614,0.849515975
,,,,,,
1502218186, '2D1032CDC2EC',3,30,-73,-75.79999542,1.323527694
1502218186, '6392B6C5FB53',2,26,-73,-74.07691956,0.890978873
1502218186, '459F7A08D5D7',2,28,-77,-77.82141876,0.904865265
1502218186, '94DC6692F976',3,30,-69,-70.7333374,0.739680469
,,,,,,
1502218246, '2D1032CDC2EC',3,29,-73,-77.4827652,1.824842811
1502218246, '6392B6C5FB53',2,27,-72,-73.99999237,0.999998987
1502218246, '459F7A08D5D7',2,28,-76,-77.82142639,0.904865205
1502218246, '5D358CDAED0D',2,29,-69,-70.44828033,0.631677687
,,,,,,
1502218306, '2D1032CDC2EC',3,29,-72,-74.06897736,0.842234492
1502218306, '6392B6C5FB53',2,27,-72,-73.48149109,0.752962291
1502218306, '5D358CDAED0D',2,28,-69,-69.9642868,0.576202929
1502218306, '94DC6692F976',3,29,-69,-70.65516663,0.768854201
,,,,,,
1502218426, '2D1032CDC2EC',3,28,-75,-78.32143402,1.806441069
1502218426, '6392B6C5FB53',2,27,-74,-76.14816284,1.406133771
1502218426, '459F7A08D5D7',2,28,-78,-79.7857132,1.370513797
1502218426, '5D358CDAED0D',2,28,-69,-70.25,0.585314155
,,,,,,
1502218486, '2D1032CDC2EC',3,28,-72,-75.85714722,1.899593472
1502218486, '6392B6C5FB53',2,27,-74,-75.40740967,0.971092641
1502218486, '5D358CDAED0D',2,28,-69,-69.85713196,0.650599658
1502218486, '94DC6692F976',3,30,-70,-71.7333374,1.201528549
,,,,,,
1502218546, '2D1032CDC2EC',3,28,-68,-73.42858124,4.483953476
1502218546, '459F7A08D5D7',2,29,-77,-78.68965149,0.806379437
1502218546, '6392B6C5FB53',2,29,-70,-72.55171204,1.453713655
1502218546, '5D358CDAED0D',2,29,-69,-70.93104553,1.032713652
,,,,,,
1502218606, '2D1032CDC2EC',3,29,-67,-68.86205292,1.125167012
1502218606, '6392B6C5FB53',2,28,-71,-72.32143402,0.722832739
1502218606, '5D358CDAED0D',2,29,-70,-71.48274994,0.911068738
1502218606, '94DC6692F976',3,28,-73,-76.82143402,2.037674189
,,,,,,
1502218666, '2D1032CDC2EC',3,30,-68,-68.63333893,0.850286841
1502218666, '6392B6C5FB53',2,29,-71,-71.86206055,0.742784381
1502218666, '459F7A08D5D7',2,25,-79,-83.20000458,3.415651321
1502218666, '5D358CDAED0D',2,29,-69,-70.34483337,0.669534862
,,,,,,
1502218726, '2D1032CDC2EC',3,29,-67,-68.68965912,1.198316813
1502218726, '6392B6C5FB53',2,30,-72,-72.76667023,0.897634685
1502218726, '459F7A08D5D7',2,24,-82,-85.75,2.489109039
1502218726, '5D358CDAED0D',2,27,-69,-70.62963867,0.791694522
,,,,,,
1502218786, '2D1032CDC2EC',3,29,-68,-72.17241669,2.791170597
1502218786, '6392B6C5FB53',2,29,-69,-72.0689621,1.437533379
1502218786, '459F7A08D5D7',2,24,-80,-83.375,2.280590057
1502218786, '5D358CDAED0D',2,30,-69,-70.09999084,0.844862223
,,,,,,
1502218846, 'DAD655CD510A',2,30,-71,-72.23332214,0.727930665
1502218846, '6392B6C5FB53',2,30,-70,-70.83333588,0.461132646
1502218846, '459F7A08D5D7',2,22,-81,-84.40909576,1.70877707
1502218846, '5D358CDAED0D',2,30,-68,-69.09999084,0.607427418
,,,,,,
1502218906, 'DAD655CD510A',2,30,-68,-72.33332825,1.748562932
1502218906, '6392B6C5FB53',2,29,-70,-72.31034851,2.765908003
1502218906, '459F7A08D5D7',2,24,-77,-85.04165649,2.926326752
1502218906, '5D358CDAED0D',2,29,-68,-70.27586365,1.509412408
,,,,,,
1502218966, '2D1032CDC2EC',3,27,-73,-75.81481171,1.942183733
1502218966, 'DAD655CD510A',2,29,-71,-71.89655304,1.371780396
1502218966, '6392B6C5FB53',2,30,-69,-72.59999847,1.24844718
1502218966, '459F7A08D5D7',2,19,-80,-86.21052551,3.980214357
,,,,,,
1502219026, '2D1032CDC2EC',3,30,-71,-76.06668091,3.258234262
1502219026, 'DAD655CD510A',2,29,-69,-70.86208344,0.639428437
1502219026, '6392B6C5FB53',2,28,-71,-73.39284515,1.257251024
1502219026, '5D358CDAED0D',2,27,-68,-69.44443512,1.012737393
,,,,,,
1502219086, '2D1032CDC2EC',3,28,-69,-72.85713196,2.049648046
1502219086, 'DAD655CD510A',2,28,-69,-70.89286041,0.994030654
1502219086, '6392B6C5FB53',2,29,-71,-72.68965912,1.929165006
1502219086, '5D358CDAED0D',2,28,-68,-68.75000763,0.751541674
,,,,,,
1502219146, '2D1032CDC2EC',3,30,-71,-72.03333282,1.629116297
1502219146, 'DAD655CD510A',2,29,-69,-70.72414398,0.751024604
1502219146, '6392B6C5FB53',2,29,-70,-72.24137115,1.550466537
1502219146, '5D358CDAED0D',2,29,-68,-69.55173492,0.985108078
,,,,,,
1502219206, '2D1032CDC2EC',3,30,-69,-71.4666748,1.332186103
1502219206, 'DAD655CD510A',2,29,-68,-70.31034851,0.890563309
1502219206, '6392B6C5FB53',2,29,-71,-72.34481812,1.009802341
1502219206, '459F7A08D5D7',2,26,-78,-81.88461304,2.79036808
,,,,,,
1502219266, '2D1032CDC2EC',3,31,-71,-72.51613617,1.964197397
1502219266, 'DAD655CD510A',2,29,-70,-70.79310608,0.491303861
1502219266, '6392B6C5FB53',2,29,-71,-72.96551514,1.051623344
1502219266, '459F7A08D5D7',2,27,-77,-80.62963104,2.404296875
,,,,,,
1502219326, 'DAD655CD510A',2,30,-69,-71.2666626,1.507071376
1502219326, '6392B6C5FB53',2,28,-71,-73.4642868,1.794686079
1502219326, '459F7A08D5D7',2,26,-77,-81.76921082,2.486886978
1502219326, '5D358CDAED0D',2,27,-68,-70.14814758,1.586087465
,,,,,,
1502219386, 'DAD655CD510A',2,28,-71,-71.96427917,0.188983724
1502219386, '6392B6C5FB53',2,28,-71,-73.10713959,0.994030118
1502219386, '459F7A08D5D7',2,25,-80,-84.19998932,2.614066124
1502219386, '5D358CDAED0D',2,30,-69,-70.20001221,1.214851141
,,,,,,
1502219446, 'DAD655CD510A',2,28,-72,-72.60714722,0.497347206
1502219446, '5D358CDAED0D',2,30,-70,-70.33332825,0.479465425
1502219446, '94DC6692F976',3,26,-70,-73.61537933,1.3587327
1502219446, '9A34ECDEA99E',2,29,-60,-62.51724243,0.687682092
,,,,,,
1502219506, 'DAD655CD510A',2,27,-71,-72.1111145,0.506370962
1502219506, '6392B6C5FB53',2,30,-73,-74.36666107,0.80871731
1502219506, '459F7A08D5D7',2,22,-77,-83.81817627,5.19740057
1502219506, '5D358CDAED0D',2,29,-69,-70,0.377964884
,,,,,,
1502219566, 'DAD655CD510A',2,30,-72,-72.33333588,0.479462534
1502219566, '6392B6C5FB53',2,27,-73,-74.25926971,0.764231265
1502219566, '5D358CDAED0D',2,30,-69,-69.76667023,0.430182904
1502219566, '9A34ECDEA99E',2,30,-62,-62.36666107,0.490132183
,,,,,,
1502219626, '6392B6C5FB53',2,29,-72,-73.75863647,1.299864054
1502219626, '459F7A08D5D7',2,21,-83,-87.09523773,3.160773516
1502219626, '5D358CDAED0D',2,30,-68,-69.23332977,0.504006922
1502219626, '94DC6692F976',3,28,-72,-74.39285278,1.396802783
,,,,,,
1502219686, 'DAD655CD510A',2,28,-72,-72.89286804,0.497348368
1502219686, '6392B6C5FB53',2,29,-73,-75.13792419,1.24568367
1502219686, '459F7A08D5D7',2,27,-77,-83.37036896,3.78406024
1502219686, '5D358CDAED0D',2,30,-69,-69.33334351,0.546669126
,,,,,,
1502219746, 'DAD655CD510A',2,28,-72,-72.60713959,0.497345716
1502219746, '6392B6C5FB53',2,29,-74,-75.17241669,1.311187267
1502219746, '5D358CDAED0D',2,27,-69,-69.25926208,0.446576655
1502219746, '9A34ECDEA99E',2,30,-62,-62.09999847,0.305128664
,,,,,,
1502219806, 'DAD655CD510A',2,29,-70,-71.86206818,0.441113561
1502219806, '459F7A08D5D7',2,20,-81,-86.8999939,3.093285561
1502219806, '9A34ECDEA99E',2,30,-62,-62.39999771,0.498273194
1502219806, '2D1032CDC2EC',3,30,-69,-69.96666718,0.718396306
,,,,,,
1502219866, 'DAD655CD510A',2,30,-71,-72.09999847,0.607424259
1502219866, '6392B6C5FB53',2,26,-75,-75.53845978,0.581774592
1502219866, '5D358CDAED0D',2,29,-69,-69.10345459,0.309934855
1502219866, '94DC6692F976',3,24,-80,-82.83333588,1.992739439
,,,,,,
1502219926, 'DAD655CD510A',2,29,-70,-72.27585602,1.868852615
1502219926, '6392B6C5FB53',2,28,-69,-74.28572083,1.902381063
1502219926, '459F7A08D5D7',2,27,-77,-82.11110687,3.896086931
1502219926, '5D358CDAED0D',2,30,-65,-69.0333252,1.033353209
,,,,,,
1502219986, 'DAD655CD510A',2,30,-69,-71.9666748,1.847335696
1502219986, '6392B6C5FB53',2,28,-71,-72.42857361,1.451145053
1502219986, '459F7A08D5D7',2,25,-75,-78.91999817,2.856571436
1502219986, '5D358CDAED0D',2,30,-68,-69.00000763,0.830455482
,,,,,,
1502220046, 'DAD655CD510A',2,29,-69,-73.24137115,1.661651373
1502220046, '6392B6C5FB53',2,30,-69,-71.13332367,1.655360818
1502220046, '459F7A08D5D7',2,28,-80,-82.85714722,2.239614248
1502220046, '5D358CDAED0D',2,28,-70,-71.92856598,1.653918982
,,,,,,
1502220106, 'DAD655CD510A',2,30,-72,-75.56665802,1.906130314
1502220106, '6392B6C5FB53',2,28,-68,-70.57142639,1.069043756
1502220106, '459F7A08D5D7',2,24,-78,-83.29167175,3.872750282
1502220106, '5D358CDAED0D',2,26,-69,-71.80770111,1.233502269
,,,,,,
1502220166, 'DAD655CD510A',2,25,-74,-77.88002014,2.488638401
1502220166, '6392B6C5FB53',2,30,-69,-70.86666107,1.332182765
1502220166, '459F7A08D5D7',2,26,-78,-83.46154785,2.686721802
1502220166, '5D358CDAED0D',2,28,-71,-72.32142639,0.983325779
,,,,,,
F9632B2DFC58,,,,,,
,,,,,,
time,hwid,type,samples,maxRSSI,mean,stddev
1502234146, '9A34ECDEA99E',2,30,-68,-68.96665955,0.182575747
1502234146, '5D358CDAED0D',2,29,-68,-68.82759094,0.53911072
1502234146, '94DC6692F976',3,29,-69,-71.55171204,1.325198054
1502234146, '6392B6C5FB53',2,29,-68,-68.72412872,0.527563572
,,,,,,
1502234146, '9A34ECDEA99E',2,30,-68,-68.96665955,0.182575747
1502234146, '5D358CDAED0D',2,29,-68,-68.82759094,0.53911072
1502234146, '94DC6692F976',3,29,-69,-71.55171204,1.325198054
1502234146, '6392B6C5FB53',2,29,-68,-68.72412872,0.527563572
,,,,,,
1502234206, '9A34ECDEA99E',2,30,-62,-68.73332977,2.016028881
1502234206, '5D358CDAED0D',2,30,-67,-69.16667175,0.949893057
1502234206, '94DC6692F976',3,29,-69,-71.03447723,1.475580096
1502234206, '6392B6C5FB53',2,29,-67,-68.65517426,1.343658805
,,,,,,
1502234206, '9A34ECDEA99E',2,30,-62,-68.73332977,2.016028881
1502234206, '5D358CDAED0D',2,30,-67,-69.16667175,0.949893057
1502234206, '94DC6692F976',3,29,-69,-71.03447723,1.475580096
1502234206, '6392B6C5FB53',2,29,-67,-68.65517426,1.343658805
,,,,,,
1502234266, '5D358CDAED0D',2,30,-69,-69.06668091,0.253708243
1502234266, '9A34ECDEA99E',2,30,-69,-69,0
1502234266, '94DC6692F976',3,29,-69,-70.72413635,0.64898622
1502234266, '6392B6C5FB53',2,29,-67,-68.48275757,0.633622229
,,,,,,
1502234266, '5D358CDAED0D',2,30,-69,-69.06668091,0.253708243
1502234266, '9A34ECDEA99E',2,30,-69,-69,0
1502234266, '94DC6692F976',3,29,-69,-70.72413635,0.64898622
1502234266, '6392B6C5FB53',2,29,-67,-68.48275757,0.633622229
,,,,,,
1502234326, '5D358CDAED0D',2,29,-69,-69.03449249,0.185695812
1502234326, '9A34ECDEA99E',2,29,-69,-69.03449249,0.185695276
1502234326, '94DC6692F976',3,30,-67,-69.23332977,1.454679728
1502234326, '6392B6C5FB53',2,28,-68,-69.35714722,0.951188684
,,,,,,
1502234326, '5D358CDAED0D',2,29,-69,-69.03449249,0.185695812
1502234326, '9A34ECDEA99E',2,29,-69,-69.03449249,0.185695276
1502234326, '94DC6692F976',3,30,-67,-69.23332977,1.454679728
1502234326, '6392B6C5FB53',2,28,-68,-69.35714722,0.951188684
