Report file for Node F9632B2DFC58,,,,,,,,
,,,,,,,,
4 Nodes with strongest RSSIs per Test Step:,,,,,,,,
,,,,,,,,
END, 2D1032CDC2EC,-89.61538696,  DAD655CD510A,-86.82352448,  94DC6692F976,-82.83333588, ,
MOVE 1, 5D358CDAED0D,-79.78572845,  6392B6C5FB53,-83.08695221,  459F7A08D5D7,-81.15383911,  9A34ECDEA99E,-84.76190948
START, DAD655CD510A,-80.44000244,  9A34ECDEA99E,-79.75000763,  2D1032CDC2EC,-77.26924133,  459F7A08D5D7,-81.15383911
MOVE 3, 6392B6C5FB53,-86.52631378,  459F7A08D5D7,-82.55554962,  2D1032CDC2EC,-89.61538696,  DAD655CD510A,-80.44000244
MOVE 2, DAD655CD510A,-80.44000244,  459F7A08D5D7,-81.15383911,  2D1032CDC2EC,-85.76191711,  9A34ECDEA99E,-84.76190948
MOVE 5, 2D1032CDC2EC,-89.61538696,  DAD655CD510A,-80.44000244,  459F7A08D5D7,-82.55554962,  6392B6C5FB53,-86.52631378
MOVE 4, 9A34ECDEA99E,-84.76190948,  6392B6C5FB53,-86.52631378,  DAD655CD510A,-80.44000244,  459F7A08D5D7,-82.55554962
MOVE 7, 6392B6C5FB53,-86.52631378,  459F7A08D5D7,-82.55554962,  2D1032CDC2EC,-89.61538696,  DAD655CD510A,-86.82352448
MOVE 6, 9A34ECDEA99E,-84.76190948,  94DC6692F976,-74.03448486,  DAD655CD510A,-86.82352448,  5D358CDAED0D,-79.78572845
MOVE 9, 2D1032CDC2EC,-89.61538696,  459F7A08D5D7,-89,  6392B6C5FB53,-86.52631378,  5D358CDAED0D,-86.22727203
MOVE 8, DAD655CD510A,-86.82352448,  5D358CDAED0D,-84.3888855,  6392B6C5FB53,-86.52631378,  459F7A08D5D7,-89
MOVE 10, 6392B6C5FB53,-86.52631378,  5D358CDAED0D,-86.22727203,  459F7A08D5D7,-89,  9A34ECDEA99E,-84.76190948
,,,,,,,,
,,,,,,,,
 Raw Data:,,,,,,,,
,,,,,,,,
time,hwid,type,samples,maxRSSI,mean,stddev,Change,Event
,,,,,,,,
1502202046 '9A34ECDEA99E'230-70-71.566680911.040006161,,,,,,,,
1502202046 'DAD655CD510A'228-68-68.714279170.534522772,,,,,,,,
1502202046 '2D1032CDC2EC'327-74-79.000007633.823013544,,,,,,,,
1502202046 '459F7A08D5D7'229-75-79.310348511.312125206,,,,,,,,
1502202106 '9A34ECDEA99E'230-71-72.833335881.205828667*START,,,,,,,,
1502202106 'DAD655CD510A'230-68-69.266670230.63968271*START,,,,,,,,
1502202106 '2D1032CDC2EC'326-75-77.269241331.537731886*START,,,,,,,,
1502202106 '459F7A08D5D7'228-77-79.571434021.525796771*START,,,,,,,,
1502202166 '9A34ECDEA99E'229-69-72.655181881.47056663*START,,,,,,,,
1502202166 'DAD655CD510A'228-69-70.571418761.793581843*START,,,,,,,,
1502202166 '2D1032CDC2EC'328-70-73.607154851.196888089*START,,,,,,,,
1502202166 '459F7A08D5D7'230-76-79.800003051.669193387*START,,,,,,,,
1502202226 '9A34ECDEA99E'229-71-71.793098450.619867563*START,,,,,,,,
1502202226 'DAD655CD510A'228-69-71.251.23603344*START,,,,,,,,
1502202226 '2D1032CDC2EC'329-70-72.3448411.289403319*START,,,,,,,,
1502202226 '459F7A08D5D7'226-78-79.538467410.947872043*START,,,,,,,,
1502202286 '9A34ECDEA99E'230-68-70.900001531.184672952*START,,,,,,,,
1502202286 'DAD655CD510A'228-68-70.857139592.837766886*START,,,,,,,,
1502202286 '2D1032CDC2EC'329-69-72.620697022.094444275*START,,,,,,,,
1502202286 '459F7A08D5D7'225-77-79.040000921.206923842*START,,,,,,,,
1502202346 '9A34ECDEA99E'230-66-69.566665652.254240513*START,,,,,,,,
1502202346 'DAD655CD510A'228-68-71.357139592.627693653*START,,,,,,,,
1502202346 '2D1032CDC2EC'329-71-74.655166632.553374052*START,,,,,,,,
1502202346 '459F7A08D5D7'228-72-78.96428682.045448542*START,,,,,,,,
1502202406 '9A34ECDEA99E'229-67-69.551727292.720107794*START,,,,,,,,
1502202406 'DAD655CD510A'229-69-71.172416692.08855629*START,,,,,,,,
1502202406 '2D1032CDC2EC'328-71-74.964279172.395710468*START,,,,,,,,
1502202406 '459F7A08D5D7'225-73-79.240005492.222611904*START,,,,,,,,
1502202406 '9A34ECDEA99E'229-67-69.551727292.720107794*START,,,,,,,,
1502202406 'DAD655CD510A'229-69-71.172416692.08855629*START,,,,,,,,
1502202406 '2D1032CDC2EC'328-71-74.964279172.395710468*START,,,,,,,,
1502202406 '459F7A08D5D7'225-73-79.240005492.222611904*START,,,,,,,,
1502202466 '9A34ECDEA99E'230-69-71.333335881.124439716*START,,,,,,,,
1502202466 'DAD655CD510A'228-67-67.642852780.621485829*START,,,,,,,,
1502202466 '2D1032CDC2EC'330-71-72.066673280.739681005*START,,,,,,,,
1502202466 '459F7A08D5D7'230-77-78.60000610.770132005*START,,,,,,,,
1502202526 '9A34ECDEA99E'229-70-71.241371150.689472318*START,,,,,,,,
1502202526 'DAD655CD510A'229-67-68.482757570.687681437*START,,,,,,,,
1502202526 '2D1032CDC2EC'328-71-73.285705570.975898564*START,,,,,,,,
1502202526 '459F7A08D5D7'227-77-78.814811711.00142312*START,,,,,,,,
1502202586 '9A34ECDEA99E'228-70-70.892868040.497347593*START,,,,,,,,
1502202586 'DAD655CD510A'229-67-68.620697020.676851153*START,,,,,,,,
1502202586 '2D1032CDC2EC'329-72-73.103439330.976319253*START,,,,,,,,
1502202586 '94DC6692F976'328-70-71.642845151.339277625Node ChangedSTART,,,,,,,,
1502202586 '9A34ECDEA99E'228-70-70.892868040.497347593*START,,,,,,,,
1502202586 'DAD655CD510A'229-67-68.620697020.676851153*START,,,,,,,,
1502202586 '2D1032CDC2EC'329-72-73.103439330.976319253*START,,,,,,,,
1502202586 '94DC6692F976'328-70-71.642845151.339277625*START,,,,,,,,
1502202646 '5D358CDAED0D'229-70-76.034492494.338227749Node ChangedSTART,,,,,,,,
1502202646 '9A34ECDEA99E'230-67-70.566665654.312637329Node ChangedSTART,,,,,,,,
1502202646 'DAD655CD510A'230-69-71.966651922.326510191Node ChangedSTART,,,,,,,,
1502202646 '2D1032CDC2EC'330-71-74.700004583.142038822Node ChangedSTART,,,,,,,,
1502202706 '5D358CDAED0D'230-70-71.46667480.730296671*START,,,,,,,,
1502202706 '9A34ECDEA99E'228-68-68.857147220.65059942*START,,,,,,,,
1502202706 'DAD655CD510A'230-71-71.633338930.718394935*START,,,,,,,,
1502202706 '2D1032CDC2EC'328-69-71.857147221.380131483*START,,,,,,,,
1502202766 '5D358CDAED0D'229-69-72.517242431.454565883*START,,,,,,,,
1502202766 '9A34ECDEA99E'230-66-69.333335881.446358323*START,,,,,,,,
1502202766 'DAD655CD510A'230-71-72.099990840.803010404*START,,,,,,,,
1502202766 '2D1032CDC2EC'330-68-70.63333131.129031539*START,,,,,,,,
1502202826 '5D358CDAED0D'229-70-71.724136351.031522155*START,,,,,,,,
1502202826 '9A34ECDEA99E'230-67-68.733329770.784915268*START,,,,,,,,
1502202826 'DAD655CD510A'228-69-71.678565980.862965643*START,,,,,,,,
1502202826 '2D1032CDC2EC'329-70-72.482749941.213634014*START,,,,,,,,
1502202946 '5D358CDAED0D'227-74-75.962959291.480162501*START,,,,,,,,
1502202946 '9A34ECDEA99E'228-73-75.571426391.372442961*START,,,,,,,,
1502202946 'DAD655CD510A'230-72-74.500007631.456257105*START,,,,,,,,
1502202946 '2D1032CDC2EC'330-67-69.033340451.351457596*START,,,,,,,,
1502202946 '5D358CDAED0D'227-74-75.962959291.480162501*START,,,,,,,,
1502202946 '9A34ECDEA99E'228-73-75.571426391.372442961*START,,,,,,,,
1502202946 'DAD655CD510A'230-72-74.500007631.456257105*START,,,,,,,,
1502202946 '2D1032CDC2EC'330-67-69.033340451.351457596*START,,,,,,,,
1502203006 '5D358CDAED0D'225-71-78.119987493.60924983*START,,,,,,,,
1502203006 'DAD655CD510A'229-69-73.275856022.914207458Node ChangedSTART,,,,,,,,
1502203006 '2D1032CDC2EC'329-69-70.448265081.270157337Node ChangedSTART,,,,,,,,
1502203006 '459F7A08D5D7'228-73-76.071426391.561780214Node ChangedSTART,,,,,,,,
1502203066 '5D358CDAED0D'224-70-77.291664122.457980871*START,,,,,,,,
1502203066 '9A34ECDEA99E'228-69-71.751.109721541Node ChangedSTART,,,,,,,,
1502203066 'DAD655CD510A'230-70-71.066673280.827681303Node ChangedSTART,,,,,,,,
1502203066 '2D1032CDC2EC'327-72-74.999992371.839732409Node ChangedSTART,,,,,,,,
1502203066 '5D358CDAED0D'224-70-77.291664122.457980871*START,,,,,,,,
1502203066 '9A34ECDEA99E'228-69-71.751.109721541*START,,,,,,,,
1502203066 'DAD655CD510A'230-70-71.066673280.827681303*START,,,,,,,,
1502203066 '2D1032CDC2EC'327-72-74.999992371.839732409*START,,,,,,,,
1502203066 '5D358CDAED0D'224-70-77.291664122.457980871*START,,,,,,,,
1502203066 '9A34ECDEA99E'228-69-71.751.109721541*START,,,,,,,,
1502203066 'DAD655CD510A'230-70-71.066673280.827681303*START,,,,,,,,
1502203066 '2D1032CDC2EC'327-72-74.999992371.839732409*START,,,,,,,,
1502203066 '5D358CDAED0D'224-70-77.291664122.457980871*START,,,,,,,,
1502203066 '9A34ECDEA99E'228-69-71.751.109721541*START,,,,,,,,
1502203066 'DAD655CD510A'230-70-71.066673280.827681303*START,,,,,,,,
1502203066 '2D1032CDC2EC'327-72-74.999992371.839732409*START,,,,,,,,
1502203126 '5D358CDAED0D'230-74-78.133346562.19298768*START,,,,,,,,
1502203126 '9A34ECDEA99E'227-66-78.259254465.599398136*START,,,,,,,,
1502203126 'DAD655CD510A'230-71-76.900001533.176967621*START,,,,,,,,
1502203126 '2D1032CDC2EC'327-72-75.037048342.409619808*START,,,,,,,,
1502203126 '5D358CDAED0D'230-74-78.133346562.19298768*START,,,,,,,,
1502203126 '9A34ECDEA99E'227-66-78.259254465.599398136*START,,,,,,,,
1502203126 'DAD655CD510A'230-71-76.900001533.176967621*START,,,,,,,,
1502203126 '2D1032CDC2EC'327-72-75.037048342.409619808*START,,,,,,,,
1502203126 '5D358CDAED0D'230-74-78.133346562.19298768*START,,,,,,,,
1502203126 '9A34ECDEA99E'227-66-78.259254465.599398136*START,,,,,,,,
1502203126 'DAD655CD510A'230-71-76.900001533.176967621*START,,,,,,,,
1502203126 '2D1032CDC2EC'327-72-75.037048342.409619808*START,,,,,,,,
1502203126 '5D358CDAED0D'230-74-78.133346562.19298768*START,,,,,,,,
1502203126 '9A34ECDEA99E'227-66-78.259254465.599398136*START,,,,,,,,
1502203126 'DAD655CD510A'230-71-76.900001533.176967621*START,,,,,,,,
1502203126 '2D1032CDC2EC'327-72-75.037048342.409619808*START,,,,,,,,
1502203126 '5D358CDAED0D'230-74-78.133346562.19298768*START,,,,,,,,
1502203126 '9A34ECDEA99E'227-66-78.259254465.599398136*START,,,,,,,,
1502203126 'DAD655CD510A'230-71-76.900001533.176967621*START,,,,,,,,
1502203126 '2D1032CDC2EC'327-72-75.037048342.409619808*START,,,,,,,,
1502203306 '94DC6692F976'324-68-71.791671751.864524841Node ChangedSTART,,,,,,,,
1502203306 '6392B6C5FB53'223-77-83.086952213.13213563Node ChangedSTART,,,,,,,,
1502203306 '5D358CDAED0D'222-74-76.72726441.420322895Node ChangedSTART,,,,,,,,
1502203306 '9A34ECDEA99E'224-74-77.500007632.126438379Node ChangedSTART,,,,,,,,
1502203366 '5D358CDAED0D'229-69-75.551727292.860895872Node ChangedSTART,,,,,,,,
1502203366 '9A34ECDEA99E'227-73-77.629631042.559269667Node ChangedSTART,,,,,,,,
1502203366 '2D1032CDC2EC'329-70-73.241394042.198302507Node ChangedSTART,,,,,,,,
1502203366 '459F7A08D5D7'228-75-79.357147222.29676652Node ChangedSTART,,,,,,,,
1502203486 '5D358CDAED0D'226-74-75.846153261.405484319*START,,,,,,,,
1502203486 'DAD655CD510A'225-75-80.440002444.113798618Node ChangedSTART,,,,,,,,
1502203486 '9A34ECDEA99E'228-72-77.285720832.225394487Node ChangedSTART,,,,,,,,
1502203486 '2D1032CDC2EC'330-72-74.300018311.57896018Node ChangedSTART,,,,,,,,
1502203486 '5D358CDAED0D'226-74-75.846153261.405484319*START,,,,,,,,
1502203486 'DAD655CD510A'225-75-80.440002444.113798618*START,,,,,,,,
1502203486 '9A34ECDEA99E'228-72-77.285720832.225394487*START,,,,,,,,
1502203486 '2D1032CDC2EC'330-72-74.300018311.57896018*START,,,,,,,,
1502203606 '5D358CDAED0D'230-73-76.300003052.002584219*START,,,,,,,,
1502203606 'DAD655CD510A'229-74-79.689659123.263472557*START,,,,,,,,
1502203606 '2D1032CDC2EC'329-70-72.379302981.424627542Node ChangedSTART,,,,,,,,
1502203606 '459F7A08D5D7'226-74-77.115386961.47856307Node ChangedSTART,,,,,,,,
1502203606 '5D358CDAED0D'230-73-76.300003052.002584219*START,,,,,,,,
1502203606 'DAD655CD510A'229-74-79.689659123.263472557*START,,,,,,,,
1502203606 '2D1032CDC2EC'329-70-72.379302981.424627542*START,,,,,,,,
1502203606 '459F7A08D5D7'226-74-77.115386961.47856307*START,,,,,,,,
1502203606 '5D358CDAED0D'230-73-76.300003052.002584219*START,,,,,,,,
1502203606 'DAD655CD510A'229-74-79.689659123.263472557*START,,,,,,,,
1502203606 '2D1032CDC2EC'329-70-72.379302981.424627542*START,,,,,,,,
1502203606 '459F7A08D5D7'226-74-77.115386961.47856307*START,,,,,,,,
1502203606 '5D358CDAED0D'230-73-76.300003052.002584219*START,,,,,,,,
1502203606 'DAD655CD510A'229-74-79.689659123.263472557*START,,,,,,,,
1502203606 '2D1032CDC2EC'329-70-72.379302981.424627542*START,,,,,,,,
1502203606 '459F7A08D5D7'226-74-77.115386961.47856307*START,,,,,,,,
1502203606 '5D358CDAED0D'230-73-76.300003052.002584219*START,,,,,,,,
1502203606 'DAD655CD510A'229-74-79.689659123.263472557*START,,,,,,,,
1502203606 '2D1032CDC2EC'329-70-72.379302981.424627542*START,,,,,,,,
1502203606 '459F7A08D5D7'226-74-77.115386961.47856307*START,,,,,,,,
1502203666 'DAD655CD510A'225-73-77.080009462.737396479Node ChangedSTART,,,,,,,,
1502203666 '9A34ECDEA99E'225-74-78.239997864.342427254Node ChangedSTART,,,,,,,,
1502203666 '2D1032CDC2EC'325-72-74.39999391.354005933*START,,,,,,,,
1502203666 '459F7A08D5D7'222-77-78.77273561.020353198*START,,,,,,,,
1502203726 'DAD655CD510A'227-73-76.074066161.920055032*START,,,,,,,,
1502203726 '9A34ECDEA99E'228-72-77.678565983.11571455*START,,,,,,,,
1502203726 '2D1032CDC2EC'329-71-73.655174261.631735682*START,,,,,,,,
1502203726 '459F7A08D5D7'229-75-78.965507511.880026221*START,,,,,,,,
1502203726 'DAD655CD510A'227-73-76.074066161.920055032*START,,,,,,,,
1502203726 '9A34ECDEA99E'228-72-77.678565983.11571455*START,,,,,,,,
1502203726 '2D1032CDC2EC'329-71-73.655174261.631735682*START,,,,,,,,
1502203726 '459F7A08D5D7'229-75-78.965507511.880026221*START,,,,,,,,
1502203726 'DAD655CD510A'227-73-76.074066161.920055032*START,,,,,,,,
1502203726 '9A34ECDEA99E'228-72-77.678565983.11571455*START,,,,,,,,
1502203726 '2D1032CDC2EC'329-71-73.655174261.631735682*START,,,,,,,,
1502203726 '459F7A08D5D7'229-75-78.965507511.880026221*START,,,,,,,,
1502203786 'DAD655CD510A'228-74-77.928573613.066287041*START,,,,,,,,
1502203786 '9A34ECDEA99E'224-75-79.750007634.16245985*START,,,,,,,,
1502203786 '2D1032CDC2EC'326-71-73.730758672.108226061*START,,,,,,,,
1502203786 '459F7A08D5D7'228-75-77.607139591.969004869*START,,,,,,,,
1502203786 'DAD655CD510A'228-74-77.928573613.066287041*START,,,,,,,,
1502203786 '9A34ECDEA99E'224-75-79.750007634.16245985*START,,,,,,,,
1502203786 '2D1032CDC2EC'326-71-73.730758672.108226061*START,,,,,,,,
1502203786 '459F7A08D5D7'228-75-77.607139591.969004869*START,,,,,,,,
1502203786 'DAD655CD510A'228-74-77.928573613.066287041*START,,,,,,,,
1502203786 '9A34ECDEA99E'224-75-79.750007634.16245985*START,,,,,,,,
1502203786 '2D1032CDC2EC'326-71-73.730758672.108226061*START,,,,,,,,
1502203786 '459F7A08D5D7'228-75-77.607139591.969004869*START,,,,,,,,
1502203786 'DAD655CD510A'228-74-77.928573613.066287041*START,,,,,,,,
1502203786 '9A34ECDEA99E'224-75-79.750007634.16245985*START,,,,,,,,
1502203786 '2D1032CDC2EC'326-71-73.730758672.108226061*START,,,,,,,,
1502203786 '459F7A08D5D7'228-75-77.607139591.969004869*START,,,,,,,,
1502203786 'DAD655CD510A'228-74-77.928573613.066287041*START,,,,,,,,
1502203786 '9A34ECDEA99E'224-75-79.750007634.16245985*START,,,,,,,,
1502203786 '2D1032CDC2EC'326-71-73.730758672.108226061*START,,,,,,,,
1502203786 '459F7A08D5D7'228-75-77.607139591.969004869*START,,,,,,,,
1502203786 'DAD655CD510A'228-74-77.928573613.066287041*START,,,,,,,,
1502203786 '9A34ECDEA99E'224-75-79.750007634.16245985*START,,,,,,,,
1502203786 '2D1032CDC2EC'326-71-73.730758672.108226061*START,,,,,,,,
1502203786 '459F7A08D5D7'228-75-77.607139591.969004869*START,,,,,,,,
1502203786 'DAD655CD510A'228-74-77.928573613.066287041*START,,,,,,,,
1502203786 '9A34ECDEA99E'224-75-79.750007634.16245985*START,,,,,,,,
1502203786 '2D1032CDC2EC'326-71-73.730758672.108226061*START,,,,,,,,
1502203786 '459F7A08D5D7'228-75-77.607139591.969004869*START,,,,,,,,
1502203786 'DAD655CD510A'228-74-77.928573613.066287041*START,,,,,,,,
1502203786 '9A34ECDEA99E'224-75-79.750007634.16245985*START,,,,,,,,
1502203786 '2D1032CDC2EC'326-71-73.730758672.108226061*START,,,,,,,,
1502203786 '459F7A08D5D7'228-75-77.607139591.969004869*START,,,,,,,,
1502203786 'DAD655CD510A'228-74-77.928573613.066287041*START,,,,,,,,
1502203786 '9A34ECDEA99E'224-75-79.750007634.16245985*START,,,,,,,,
1502203786 '2D1032CDC2EC'326-71-73.730758672.108226061*START,,,,,,,,
1502203786 '459F7A08D5D7'228-75-77.607139591.969004869*START,,,,,,,,
1502203786 'DAD655CD510A'228-74-77.928573613.066287041*START,,,,,,,,
1502203786 '9A34ECDEA99E'224-75-79.750007634.16245985*START,,,,,,,,
1502203786 '2D1032CDC2EC'326-71-73.730758672.108226061*START,,,,,,,,
1502203786 '459F7A08D5D7'228-75-77.607139591.969004869*START,,,,,,,,
1502203846 'DAD655CD510A'222-74-76.590911871.140556216*START,,,,,,,,
1502203846 '9A34ECDEA99E'221-72-76.761909482.300104141*START,,,,,,,,
1502203846 '459F7A08D5D7'220-77-78.599998471.095447898Node ChangedSTART,,,,,,,,
1502203846 '94DC6692F976'321-69-71.238098142.624970675Node ChangedSTART,,,,,,,,
1502203906 'DAD655CD510A'215-74-76.799995421.424280286*START,,,,,,,,
1502203906 '9A34ECDEA99E'213-71-763.34165597*START,,,,,,,,
1502203906 '2D1032CDC2EC'316-69-71.187507632.400518656Node ChangedSTART,,,,,,,,
1502203906 '459F7A08D5D7'216-77-78.93751.340087175Node ChangedSTART,,,,,,,,
1502203966 '94DC6692F976'328-70-73.607147221.707047939Node ChangedSTART,,,,,,,,
1502203966 '6392B6C5FB53'225-72-77.559997564.052569866Node ChangedSTART,,,,,,,,
1502203966 '5D358CDAED0D'228-74-76.964279172.252276659Node ChangedSTART,,,,,,,,
1502203966 '9A34ECDEA99E'226-71-77.423080444.562216759Node ChangedSTART,,,,,,,,
1502204086 '94DC6692F976'330-68-72.566673281.735695481*START,,,,,,,,
1502204086 '6392B6C5FB53'225-71-75.400001532.645750284*START,,,,,,,,
1502204086 '5D358CDAED0D'228-75-79.785728452.643756628*START,,,,,,,,
1502204086 '9A34ECDEA99E'228-71-78.178581243.580332994*START,,,,,,,,
1502204146 '94DC6692F976'329-69-74.034484862.227791309*START,,,,,,,,
1502204146 '6392B6C5FB53'230-71-76.033340452.772815228*START,,,,,,,,
1502204146 '5D358CDAED0D'230-71-78.500007632.3156147*START,,,,,,,,
1502204146 '9A34ECDEA99E'228-71-75.464294431.710147381*START,,,,,,,,
1502204266 '94DC6692F976'330-68-70.800003050.846900344*START,,,,,,,,
1502204266 '459F7A08D5D7'226-78-81.153839111.189701557Node ChangedSTART,,,,,,,,
1502204266 '6392B6C5FB53'227-69-70.037040710.649345934Node ChangedSTART,,,,,,,,
1502204266 '5D358CDAED0D'229-71-71.896545411.234759808Node ChangedSTART,,,,,,,,
1502204506 '6392B6C5FB53'227-68-71.481483462.172740936Node ChangedSTART,,,,,,,,
1502204506 '459F7A08D5D7'226-77-79.692306520.970330179*START,,,,,,,,
1502204506 '9A34ECDEA99E'227-70-77.481491096.698857784Node ChangedSTART,,,,,,,,
1502204506 'DAD655CD510A'229-71-73.724136352.418623924Node ChangedSTART,,,,,,,,
1502204566 '6392B6C5FB53'229-70-71.103446961.046930313*START,,,,,,,,
1502204566 '459F7A08D5D7'228-76-79.178573611.188012958*START,,,,,,,,
1502204566 '9A34ECDEA99E'228-69-71.500015261.319369555*START,,,,,,,,
1502204566 'DAD655CD510A'229-71-72.310348511.072495341*START,,,,,,,,
1502204686 '6392B6C5FB53'230-70-71.799995421.494817734*START,,,,,,,,
1502204686 '459F7A08D5D7'228-77-78.607124331.31485343*START,,,,,,,,
1502204686 '9A34ECDEA99E'229-69-71.517250061.549672008*START,,,,,,,,
1502204686 'DAD655CD510A'229-72-73.241378780.6894719*START,,,,,,,,
1502204746 '6392B6C5FB53'229-71-74.551719672.045659781*MOVE 1,,,,,,,,
1502204746 '459F7A08D5D7'219-74-79.105255132.979460478*MOVE 1,,,,,,,,
1502204746 '9A34ECDEA99E'229-68-71.379318241.497946024*MOVE 1,,,,,,,,
1502204746 'DAD655CD510A'228-71-73.03571321.231745601*MOVE 1,,,,,,,,
1502204866 '6392B6C5FB53'227-69-71.370361331.181528687*MOVE 1,,,,,,,,
1502204866 '9A34ECDEA99E'227-69-71.888893131.783112526Node ChangedMOVE 1,,,,,,,,
1502204866 'DAD655CD510A'228-72-74.249992370.927960932Node ChangedMOVE 1,,,,,,,,
1502204866 '2D1032CDC2EC'330-68-69.800003050.886685312Node ChangedMOVE 1,,,,,,,,
1502204866 '6392B6C5FB53'227-69-71.370361331.181528687*MOVE 1,,,,,,,,
1502204866 '9A34ECDEA99E'227-69-71.888893131.783112526*MOVE 1,,,,,,,,
1502204866 'DAD655CD510A'228-72-74.249992370.927960932*MOVE 1,,,,,,,,
1502204866 '2D1032CDC2EC'330-68-69.800003050.886685312*MOVE 1,,,,,,,,
1502204866 '6392B6C5FB53'227-69-71.370361331.181528687*MOVE 1,,,,,,,,
1502204866 '9A34ECDEA99E'227-69-71.888893131.783112526*MOVE 1,,,,,,,,
1502204866 'DAD655CD510A'228-72-74.249992370.927960932*MOVE 1,,,,,,,,
1502204866 '2D1032CDC2EC'330-68-69.800003050.886685312*MOVE 1,,,,,,,,
1502204926 '6392B6C5FB53'223-73-78.000007633.316624403*MOVE 1,,,,,,,,
1502204926 '459F7A08D5D7'229-70-74.275871282.388911486Node ChangedMOVE 1,,,,,,,,
1502204926 '9A34ECDEA99E'229-66-73.586204534.136230946Node ChangedMOVE 1,,,,,,,,
1502204926 'DAD655CD510A'224-71-73.666656492.745217562Node ChangedMOVE 1,,,,,,,,
1502204986 '6392B6C5FB53'230-76-78.433334351.633344054*MOVE 1,,,,,,,,
1502204986 '459F7A08D5D7'230-71-74.833328251.464129686*MOVE 1,,,,,,,,
1502204986 '9A34ECDEA99E'228-76-81.392852783.247098446*MOVE 1,,,,,,,,
1502204986 'DAD655CD510A'230-71-72.066658020.827681422*MOVE 1,,,,,,,,
1502205046 '6392B6C5FB53'227-78-79.740745541.258588076*MOVE 1,,,,,,,,
1502205046 '459F7A08D5D7'230-74-76.833328251.703612685*MOVE 1,,,,,,,,
1502205046 '9A34ECDEA99E'227-74-80.148147582.641439915*MOVE 1,,,,,,,,
1502205046 'DAD655CD510A'228-70-71.678565980.862964749*MOVE 1,,,,,,,,
1502205166 '6392B6C5FB53'224-73-82.875007634.163113117*MOVE 1,,,,,,,,
1502205166 '459F7A08D5D7'226-74-78.115386962.268512964*MOVE 1,,,,,,,,
1502205166 '9A34ECDEA99E'229-71-77.517242434.461107254*MOVE 1,,,,,,,,
1502205166 'DAD655CD510A'229-69-70.6551591.289400578*MOVE 1,,,,,,,,
1502205226 '459F7A08D5D7'228-73-78.357139592.765051603Node ChangedMOVE 1,,,,,,,,
1502205226 '9A34ECDEA99E'226-73-793.698649168Node ChangedMOVE 1,,,,,,,,
1502205226 'DAD655CD510A'229-68-70.06896211.307426691Node ChangedMOVE 1,,,,,,,,
1502205226 '2D1032CDC2EC'327-70-72.888870242.501286745Node ChangedMOVE 1,,,,,,,,
1502205286 '459F7A08D5D7'227-72-76.962959292.780169487*MOVE 1,,,,,,,,
1502205286 '9A34ECDEA99E'230-72-81.533340453.266690493*MOVE 1,,,,,,,,
1502205286 'DAD655CD510A'230-69-69.999992370.946864545*MOVE 1,,,,,,,,
1502205286 '2D1032CDC2EC'329-71-72.620681761.146854281*MOVE 1,,,,,,,,
1502205346 '5D358CDAED0D'227-69-73.111122131.527525067Node ChangedMOVE 1,,,,,,,,
1502205346 '6392B6C5FB53'227-73-75.481483462.02617979Node ChangedMOVE 1,,,,,,,,
1502205346 '459F7A08D5D7'225-72-75.919998171.869046211Node ChangedMOVE 1,,,,,,,,
1502205346 '9A34ECDEA99E'229-71-82.48276525.288938046Node ChangedMOVE 1,,,,,,,,
1502205406 '5D358CDAED0D'226-71-73.076911931.262472749*MOVE 1,,,,,,,,
1502205406 '6392B6C5FB53'227-72-73.703712461.067519188*MOVE 1,,,,,,,,
1502205406 '459F7A08D5D7'227-75-77.518501281.826525688*MOVE 1,,,,,,,,
1502205406 'DAD655CD510A'229-71-72.068969730.65088129Node ChangedMOVE 1,,,,,,,,
1502205466 '5D358CDAED0D'227-70-71.7777710.751066983*MOVE 1,,,,,,,,
1502205466 '6392B6C5FB53'229-72-74.862052921.903462768*MOVE 1,,,,,,,,
1502205466 '459F7A08D5D7'225-77-79.879989622.650792122*MOVE 1,,,,,,,,
1502205466 '9A34ECDEA99E'225-78-83.080009462.970973969Node ChangedMOVE 1,,,,,,,,
1502205526 '5D358CDAED0D'228-71-72.214279170.7382254*MOVE 1,,,,,,,,
1502205526 '6392B6C5FB53'230-75-78.266670231.7798388*MOVE 1,,,,,,,,
1502205526 '459F7A08D5D7'226-74-79.73076635.165710449*MOVE 1,,,,,,,,
1502205526 '9A34ECDEA99E'225-79-82.999992372.768874884*MOVE 1,,,,,,,,
1502205586 '5D358CDAED0D'228-71-72.392852780.916486979*MOVE 1,,,,,,,,
1502205586 '6392B6C5FB53'228-73-75.892860411.571488857*MOVE 1,,,,,,,,
1502205586 '459F7A08D5D7'226-71-76.692306524.645595074*MOVE 1,,,,,,,,
1502205586 'DAD655CD510A'228-71-72.821426391.248808265Node ChangedMOVE 1,,,,,,,,
1502205646 '5D358CDAED0D'227-71-71.740745540.594371915*MOVE 1,,,,,,,,
1502205646 '6392B6C5FB53'227-74-76.444435121.82574749*MOVE 1,,,,,,,,
1502205646 '459F7A08D5D7'229-73-75.827590941.712744355*MOVE 1,,,,,,,,
1502205646 '9A34ECDEA99E'225-75-83.520004272.740437984Node ChangedMOVE 1,,,,,,,,
1502205706 '5D358CDAED0D'229-70-71.48276520.737793326*MOVE 1,,,,,,,,
1502205706 '6392B6C5FB53'230-74-76.433319091.250745535*MOVE 1,,,,,,,,
1502205706 '459F7A08D5D7'230-70-72.51.479745626*MOVE 1,,,,,,,,
1502205706 '9A34ECDEA99E'224-75-82.791664122.828105927*MOVE 1,,,,,,,,
1502205766 '5D358CDAED0D'227-70-71.333328250.832047999*MOVE 1,,,,,,,,
1502205766 '6392B6C5FB53'225-74-76.320007321.435266376*MOVE 1,,,,,,,,
1502205766 '459F7A08D5D7'230-70-73.166664121.577499747*MOVE 1,,,,,,,,
1502205766 '9A34ECDEA99E'221-81-84.761909483.06438756*MOVE 1,,,,,,,,
1502205826 '5D358CDAED0D'229-70-71.034492490.680479646*MOVE 1,,,,,,,,
1502205826 '6392B6C5FB53'228-75-76.678565981.24880898*MOVE 1,,,,,,,,
1502205826 '459F7A08D5D7'229-71-72.586212161.210583448*MOVE 1,,,,,,,,
1502205826 'DAD655CD510A'228-72-72.50.57735014Node ChangedMOVE 1,,,,,,,,
1502205826 '5D358CDAED0D'229-70-71.034492490.680479646*MOVE 1,,,,,,,,
1502205826 '6392B6C5FB53'228-75-76.678565981.24880898*MOVE 1,,,,,,,,
1502205826 '459F7A08D5D7'229-71-72.586212161.210583448*MOVE 1,,,,,,,,
1502205826 'DAD655CD510A'228-72-72.50.57735014*MOVE 1,,,,,,,,
1502205886 '5D358CDAED0D'227-70-70.740745540.65589726*MOVE 2,,,,,,,,
1502205886 '6392B6C5FB53'226-73-75.576911931.361558437*MOVE 2,,,,,,,,
1502205886 '459F7A08D5D7'228-71-73.249992371.004618406*MOVE 2,,,,,,,,
1502205886 '9A34ECDEA99E'228-77-81.392845152.806594849Node ChangedMOVE 2,,,,,,,,
1502205946 '5D358CDAED0D'230-69-70.400009160.77013135*MOVE 2,,,,,,,,
1502205946 '6392B6C5FB53'228-73-75.03571321.373889089*MOVE 2,,,,,,,,
1502205946 '459F7A08D5D7'228-70-73.035720831.952816367*MOVE 2,,,,,,,,
1502205946 '9A34ECDEA99E'228-72-793.810318947*MOVE 2,,,,,,,,
1502206006 '6392B6C5FB53'229-67-71.379310613.50931263Node ChangedMOVE 2,,,,,,,,
1502206006 '459F7A08D5D7'229-68-72.931030272.776573181Node ChangedMOVE 2,,,,,,,,
1502206006 '9A34ECDEA99E'225-72-80.280006415.111424923Node ChangedMOVE 2,,,,,,,,
1502206006 'DAD655CD510A'229-71-75.344825742.819266319Node ChangedMOVE 2,,,,,,,,
1502206066 '6392B6C5FB53'228-67-72.607147224.425007343*MOVE 2,,,,,,,,
1502206066 '459F7A08D5D7'226-71-77.615379334.327371597*MOVE 2,,,,,,,,
1502206066 'DAD655CD510A'229-68-75.586212164.031280041Node ChangedMOVE 2,,,,,,,,
1502206066 '2D1032CDC2EC'322-76-79.545463562.501947403Node ChangedMOVE 2,,,,,,,,
1502206066 '6392B6C5FB53'228-67-72.607147224.425007343*MOVE 2,,,,,,,,
1502206066 '459F7A08D5D7'226-71-77.615379334.327371597*MOVE 2,,,,,,,,
1502206066 'DAD655CD510A'229-68-75.586212164.031280041*MOVE 2,,,,,,,,
1502206066 '2D1032CDC2EC'322-76-79.545463562.501947403*MOVE 2,,,,,,,,
1502206126 '6392B6C5FB53'229-68-76.344818126.019473076*MOVE 2,,,,,,,,
1502206126 '459F7A08D5D7'228-69-78.178573615.228508472*MOVE 2,,,,,,,,
1502206126 '9A34ECDEA99E'230-69-72.400001532.283373117Node ChangedMOVE 2,,,,,,,,
1502206126 'DAD655CD510A'228-69-74.321434022.37351799Node ChangedMOVE 2,,,,,,,,
1502206186 '6392B6C5FB53'223-75-80.086952214.795003414*MOVE 2,,,,,,,,
1502206186 '459F7A08D5D7'226-71-76.076934813.856663942*MOVE 2,,,,,,,,
1502206186 'DAD655CD510A'229-70-73.931030271.869512677Node ChangedMOVE 2,,,,,,,,
1502206186 '9A34ECDEA99E'228-67-72.857147223.039422512Node ChangedMOVE 2,,,,,,,,
1502206246 '6392B6C5FB53'230-76-80.63333133.316451311*MOVE 2,,,,,,,,
1502206246 '459F7A08D5D7'229-70-73.896545412.225579739*MOVE 2,,,,,,,,
1502206246 'DAD655CD510A'229-73-76.689659121.692490339*MOVE 2,,,,,,,,
1502206246 '9A34ECDEA99E'225-66-74.320007323.544009686*MOVE 2,,,,,,,,
1502206306 '6392B6C5FB53'227-75-77.074073790.997146606*MOVE 2,,,,,,,,
1502206306 '459F7A08D5D7'230-71-73.466667182.177207947*MOVE 2,,,,,,,,
1502206306 'DAD655CD510A'229-72-74.827583311.983303905*MOVE 2,,,,,,,,
1502206306 '9A34ECDEA99E'230-72-76.266670231.799104452*MOVE 2,,,,,,,,
1502206306 '6392B6C5FB53'227-75-77.074073790.997146606*MOVE 2,,,,,,,,
1502206306 '459F7A08D5D7'230-71-73.466667182.177207947*MOVE 2,,,,,,,,
1502206306 'DAD655CD510A'229-72-74.827583311.983303905*MOVE 2,,,,,,,,
1502206306 '9A34ECDEA99E'230-72-76.266670231.799104452*MOVE 2,,,,,,,,
1502206366 '459F7A08D5D7'229-72-76.448280332.599260807Node ChangedMOVE 2,,,,,,,,
1502206366 'DAD655CD510A'229-74-75.206893920.726011276Node ChangedMOVE 2,,,,,,,,
1502206366 '9A34ECDEA99E'230-76-80.499992373.720861673Node ChangedMOVE 2,,,,,,,,
1502206366 '2D1032CDC2EC'328-79-82.214279171.37051475Node ChangedMOVE 2,,,,,,,,
1502206366 '459F7A08D5D7'229-72-76.448280332.599260807*MOVE 2,,,,,,,,
1502206366 'DAD655CD510A'229-74-75.206893920.726011276*MOVE 2,,,,,,,,
1502206366 '9A34ECDEA99E'230-76-80.499992373.720861673*MOVE 2,,,,,,,,
1502206366 '2D1032CDC2EC'328-79-82.214279171.37051475*MOVE 2,,,,,,,,
1502206366 '459F7A08D5D7'229-72-76.448280332.599260807*MOVE 2,,,,,,,,
1502206366 'DAD655CD510A'229-74-75.206893920.726011276*MOVE 2,,,,,,,,
1502206366 '9A34ECDEA99E'230-76-80.499992373.720861673*MOVE 2,,,,,,,,
1502206366 '2D1032CDC2EC'328-79-82.214279171.37051475*MOVE 2,,,,,,,,
1502206366 '459F7A08D5D7'229-72-76.448280332.599260807*MOVE 2,,,,,,,,
1502206366 'DAD655CD510A'229-74-75.206893920.726011276*MOVE 2,,,,,,,,
1502206366 '9A34ECDEA99E'230-76-80.499992373.720861673*MOVE 2,,,,,,,,
1502206366 '2D1032CDC2EC'328-79-82.214279171.37051475*MOVE 2,,,,,,,,
1502206366 '459F7A08D5D7'229-72-76.448280332.599260807*MOVE 2,,,,,,,,
1502206366 'DAD655CD510A'229-74-75.206893920.726011276*MOVE 2,,,,,,,,
1502206366 '9A34ECDEA99E'230-76-80.499992373.720861673*MOVE 2,,,,,,,,
1502206366 '2D1032CDC2EC'328-79-82.214279171.37051475*MOVE 2,,,,,,,,
1502206426 '459F7A08D5D7'230-67-70.766654972.473067284*MOVE 2,,,,,,,,
1502206426 'DAD655CD510A'226-69-72.961540222.087692976*MOVE 2,,,,,,,,
1502206426 '9A34ECDEA99E'228-70-78.250007634.623812199*MOVE 2,,,,,,,,
1502206426 '2D1032CDC2EC'326-75-79.884620672.550717354*MOVE 2,,,,,,,,
1502206486 '6392B6C5FB53'230-69-70.066665650.784915388Node ChangedMOVE 2,,,,,,,,
1502206486 '459F7A08D5D7'229-67-71.206893921.497123122Node ChangedMOVE 2,,,,,,,,
1502206486 'DAD655CD510A'229-71-72.206909180.940336168Node ChangedMOVE 2,,,,,,,,
1502206486 '9A34ECDEA99E'227-76-80.444450382.991438389Node ChangedMOVE 2,,,,,,,,
1502206546 '6392B6C5FB53'230-68-70.233322141.006305099*MOVE 2,,,,,,,,
1502206546 '459F7A08D5D7'229-69-70.275856021.48556459*MOVE 2,,,,,,,,
1502206546 'DAD655CD510A'229-73-75.379310611.521600485*MOVE 2,,,,,,,,
1502206546 '9A34ECDEA99E'228-77-82.142852782.120696783*MOVE 2,,,,,,,,
1502206846 '2D1032CDC2EC'329-81-83.931030272.136938095Node ChangedMOVE 2,,,,,,,,
1502206846 '459F7A08D5D7'230-69-70.500007630.861033022*MOVE 2,,,,,,,,
1502206846 'DAD655CD510A'227-71-74.592597962.777093172*MOVE 2,,,,,,,,
1502206846 '9A34ECDEA99E'229-68-72.206886291.780437112*MOVE 2,,,,,,,,
1502206906 '6392B6C5FB53'226-75-78.846160893.472083569Node ChangedMOVE 2,,,,,,,,
1502206906 '2D1032CDC2EC'325-80-84.279983522.491983891Node ChangedMOVE 2,,,,,,,,
1502206906 '459F7A08D5D7'228-69-70.714279171.049060822Node ChangedMOVE 2,,,,,,,,
1502206906 'DAD655CD510A'227-74-75.740737921.022533655Node ChangedMOVE 2,,,,,,,,
1502206966 '6392B6C5FB53'229-72-78.793113713.949495316*MOVE 2,,,,,,,,
1502206966 '2D1032CDC2EC'327-81-83.296295171.977076292*MOVE 2,,,,,,,,
1502206966 '459F7A08D5D7'229-69-72.103446962.857882023*MOVE 2,,,,,,,,
1502206966 'DAD655CD510A'229-71-73.965522772.909132004*MOVE 2,,,,,,,,
1502207026 '6392B6C5FB53'227-72-79.222221374.154084206*MOVE 2,,,,,,,,
1502207026 '2D1032CDC2EC'320-80-84.699996954.143480301*MOVE 2,,,,,,,,
1502207026 '459F7A08D5D7'229-68-71.6551591.631738663*MOVE 2,,,,,,,,
1502207026 'DAD655CD510A'227-67-70.148155211.56164825*MOVE 2,,,,,,,,
1502207086 '6392B6C5FB53'224-77-82.000007634.117833138*MOVE 2,,,,,,,,
1502207086 '2D1032CDC2EC'321-81-85.761917113.63186717*MOVE 2,,,,,,,,
1502207086 '459F7A08D5D7'229-66-70.172424322.376504421*MOVE 2,,,,,,,,
1502207086 'DAD655CD510A'229-68-70.758621221.550465703*MOVE 2,,,,,,,,
1502207146 '6392B6C5FB53'222-78-82.090911873.35103488*MOVE 3,,,,,,,,
1502207146 '2D1032CDC2EC'324-79-84.6253.560805798*MOVE 3,,,,,,,,
1502207146 '459F7A08D5D7'229-66-70.51723482.530114889*MOVE 3,,,,,,,,
1502207146 'DAD655CD510A'230-69-70.566673280.897634208*MOVE 3,,,,,,,,
1502207206 '2D1032CDC2EC'325-80-84.239990232.650157213Node ChangedMOVE 3,,,,,,,,
1502207206 '459F7A08D5D7'230-66-70.266654971.981521249Node ChangedMOVE 3,,,,,,,,
1502207206 'DAD655CD510A'227-68-72.70369722.446579695Node ChangedMOVE 3,,,,,,,,
1502207206 '9A34ECDEA99E'226-71-80.769218444.032943249Node ChangedMOVE 3,,,,,,,,
1502207266 '6392B6C5FB53'224-79-83.6252.242136002Node ChangedMOVE 3,,,,,,,,
1502207266 '2D1032CDC2EC'321-82-87.095237732.233937263Node ChangedMOVE 3,,,,,,,,
1502207266 '459F7A08D5D7'229-70-71.51723482.197734594Node ChangedMOVE 3,,,,,,,,
1502207266 'DAD655CD510A'229-73-74.620689391.320545673Node ChangedMOVE 3,,,,,,,,
1502207326 '6392B6C5FB53'219-81-86.526313783.186228752*MOVE 3,,,,,,,,
1502207326 '459F7A08D5D7'230-69-70.800003050.80515635Node ChangedMOVE 3,,,,,,,,
1502207326 'DAD655CD510A'230-73-74.066673280.583292007Node ChangedMOVE 3,,,,,,,,
1502207326 '9A34ECDEA99E'230-71-73.066658021.617435455Node ChangedMOVE 3,,,,,,,,
1502207386 '6392B6C5FB53'222-79-85.272727973.194962978*MOVE 3,,,,,,,,
1502207386 '459F7A08D5D7'230-68-69.699996951.118803859*MOVE 3,,,,,,,,
1502207386 'DAD655CD510A'228-72-73.642845150.869834304*MOVE 3,,,,,,,,
1502207386 '9A34ECDEA99E'225-73-76.759994512.832547426*MOVE 3,,,,,,,,
1502207446 '6392B6C5FB53'225-76-80.240013124.3328228*MOVE 3,,,,,,,,
1502207446 '2D1032CDC2EC'327-82-83.740745541.677741051Node ChangedMOVE 3,,,,,,,,
1502207446 '459F7A08D5D7'230-69-71.166664121.205830693Node ChangedMOVE 3,,,,,,,,
1502207446 'DAD655CD510A'228-70-71.285720830.80998981Node ChangedMOVE 3,,,,,,,,
1502207506 '6392B6C5FB53'226-76-80.269226072.892163515*MOVE 3,,,,,,,,
1502207506 '459F7A08D5D7'229-70-71.172416691.136064172Node ChangedMOVE 3,,,,,,,,
1502207506 'DAD655CD510A'229-69-70.793113710.901565373Node ChangedMOVE 3,,,,,,,,
1502207506 '9A34ECDEA99E'226-73-75.346153261.695695996Node ChangedMOVE 3,,,,,,,,
1502207566 '6392B6C5FB53'228-74-80.03571322.962506533*MOVE 3,,,,,,,,
1502207566 '2D1032CDC2EC'328-80-83.642860413.519409657Node ChangedMOVE 3,,,,,,,,
1502207566 '459F7A08D5D7'230-68-70.099990841.322223425Node ChangedMOVE 3,,,,,,,,
1502207566 'DAD655CD510A'229-69-71.758621221.243702769Node ChangedMOVE 3,,,,,,,,
1502207626 '6392B6C5FB53'227-76-79.592590332.469187737*MOVE 3,,,,,,,,
1502207626 '2D1032CDC2EC'323-84-87.956527712.325319529*MOVE 3,,,,,,,,
1502207626 '459F7A08D5D7'227-68-69.88888550.933701038*MOVE 3,,,,,,,,
1502207626 'DAD655CD510A'230-70-72.466667181.332183123*MOVE 3,,,,,,,,
1502207686 '6392B6C5FB53'228-77-81.753.373370171*MOVE 3,,,,,,,,
1502207686 '459F7A08D5D7'229-70-71.448287961.020719171Node ChangedMOVE 3,,,,,,,,
1502207686 'DAD655CD510A'229-69-71.275871280.99629575Node ChangedMOVE 3,,,,,,,,
1502207686 '9A34ECDEA99E'227-71-76.407402042.223291636Node ChangedMOVE 3,,,,,,,,
1502207746 '6392B6C5FB53'225-75-78.359992982.118958473*MOVE 3,,,,,,,,
1502207746 '459F7A08D5D7'229-69-72.103439331.676406026*MOVE 3,,,,,,,,
1502207746 'DAD655CD510A'230-71-72.133323671.105893493*MOVE 3,,,,,,,,
1502207746 '94DC6692F976'330-62-63.933338170.868344605Node ChangedMOVE 3,,,,,,,,
1502207806 '6392B6C5FB53'229-73-77.586212162.625653028*MOVE 3,,,,,,,,
1502207806 '2D1032CDC2EC'325-81-84.800010682.499998808Node ChangedMOVE 3,,,,,,,,
1502207806 '459F7A08D5D7'228-69-72.51.953155994Node ChangedMOVE 3,,,,,,,,
1502207806 'DAD655CD510A'228-74-75.821426391.944671273Node ChangedMOVE 3,,,,,,,,
1502207866 '6392B6C5FB53'229-74-75.48276521.454568267*MOVE 3,,,,,,,,
1502207866 '2D1032CDC2EC'313-88-89.615386961.660243511*MOVE 3,,,,,,,,
1502207866 '459F7A08D5D7'228-71-731.333332896*MOVE 3,,,,,,,,
1502207866 'DAD655CD510A'230-75-76.333343510.884089112*MOVE 3,,,,,,,,
1502207986 '6392B6C5FB53'228-71-76.107139592.330777407*MOVE 3,,,,,,,,
1502207986 '459F7A08D5D7'228-70-721.24721837Node ChangedMOVE 3,,,,,,,,
1502207986 'DAD655CD510A'228-73-74.821426391.415617228Node ChangedMOVE 3,,,,,,,,
1502207986 '9A34ECDEA99E'230-67-71.233329774.576428413Node ChangedMOVE 3,,,,,,,,
1502208046 '5D358CDAED0D'227-72-77.037033082.32844305Node ChangedMOVE 3,,,,,,,,
1502208046 '6392B6C5FB53'228-73-75.142845151.238708854Node ChangedMOVE 3,,,,,,,,
1502208046 '2D1032CDC2EC'318-81-86.7222293.409426451Node ChangedMOVE 3,,,,,,,,
1502208046 '459F7A08D5D7'229-71-74.586204532.457019806Node ChangedMOVE 3,,,,,,,,
1502208106 '5D358CDAED0D'229-72-74.793113711.760264635*MOVE 3,,,,,,,,
1502208106 '6392B6C5FB53'226-75-81.115386963.777055502*MOVE 3,,,,,,,,
1502208106 '2D1032CDC2EC'323-81-87.782608034.03346014*MOVE 3,,,,,,,,
1502208106 '459F7A08D5D7'229-72-75.827583313.071397781*MOVE 3,,,,,,,,
1502208166 '5D358CDAED0D'228-73-762.538593292*MOVE 3,,,,,,,,
1502208166 '6392B6C5FB53'221-77-82.380950933.89199543*MOVE 3,,,,,,,,
1502208166 '2D1032CDC2EC'327-82-86.148155213.324777365*MOVE 3,,,,,,,,
1502208166 '459F7A08D5D7'226-72-77.038467412.86329484*MOVE 3,,,,,,,,
1502208226 '6392B6C5FB53'221-77-83.047622683.32379508Node ChangedMOVE 3,,,,,,,,
1502208226 '2D1032CDC2EC'325-81-83.519996642.615976095Node ChangedMOVE 3,,,,,,,,
1502208226 '459F7A08D5D7'227-70-76.370361333.127398729Node ChangedMOVE 3,,,,,,,,
1502208226 '9A34ECDEA99E'229-68-69.413787841.150072455Node ChangedMOVE 3,,,,,,,,
1502208346 '5D358CDAED0D'228-74-77.428573613.225230455Node ChangedMOVE 3,,,,,,,,
1502208346 '6392B6C5FB53'222-75-81.45455174.383162975Node ChangedMOVE 3,,,,,,,,
1502208346 '2D1032CDC2EC'323-83-86.782615662.503753424Node ChangedMOVE 3,,,,,,,,
1502208346 '459F7A08D5D7'226-72-78.269226073.412421942Node ChangedMOVE 3,,,,,,,,
1502208346 '5D358CDAED0D'228-74-77.428573613.225230455*MOVE 3,,,,,,,,
1502208346 '6392B6C5FB53'222-75-81.45455174.383162975*MOVE 3,,,,,,,,
1502208346 '2D1032CDC2EC'323-83-86.782615662.503753424*MOVE 3,,,,,,,,
1502208346 '459F7A08D5D7'226-72-78.269226073.412421942*MOVE 3,,,,,,,,
1502208346 '5D358CDAED0D'228-74-77.428573613.225230455*MOVE 3,,,,,,,,
1502208346 '6392B6C5FB53'222-75-81.45455174.383162975*MOVE 3,,,,,,,,
1502208346 '2D1032CDC2EC'323-83-86.782615662.503753424*MOVE 3,,,,,,,,
1502208346 '459F7A08D5D7'226-72-78.269226073.412421942*MOVE 3,,,,,,,,
1502208466 '6392B6C5FB53'225-79-84.360000612.855987787Node ChangedMOVE 3,,,,,,,,
1502208466 '2D1032CDC2EC'326-82-85.76923372.84686017Node ChangedMOVE 3,,,,,,,,
1502208466 '459F7A08D5D7'227-71-76.555549622.952618599Node ChangedMOVE 3,,,,,,,,
1502208466 '9A34ECDEA99E'229-66-70.482742312.399707079Node ChangedMOVE 3,,,,,,,,
1502208526 '6392B6C5FB53'225-78-80.799995423.162278175*MOVE 3,,,,,,,,
1502208526 '2D1032CDC2EC'322-81-86.53.961119175*MOVE 3,,,,,,,,
1502208526 '459F7A08D5D7'227-75-79.888893133.080123901*MOVE 3,,,,,,,,
1502208526 '9A34ECDEA99E'230-66-67.099998470.758855283*MOVE 3,,,,,,,,
1502208586 '6392B6C5FB53'227-75-80.074089052.71641326*MOVE 3,,,,,,,,
1502208586 '459F7A08D5D7'227-77-82.555549623.925592661Node ChangedMOVE 3,,,,,,,,
1502208586 '9A34ECDEA99E'230-66-66.933341980.639684856Node ChangedMOVE 3,,,,,,,,
1502208586 'DAD655CD510A'226-73-74.038467410.598716795Node ChangedMOVE 3,,,,,,,,
1502208646 '6392B6C5FB53'228-70-79.571434023.072322369*MOVE 3,,,,,,,,
1502208646 '2D1032CDC2EC'38-78-84.255.007136822Node ChangedMOVE 3,,,,,,,,
1502208646 '459F7A08D5D7'229-67-76.448272713.268748999Node ChangedMOVE 3,,,,,,,,
1502208646 '9A34ECDEA99E'230-65-68.36666873.899455309Node ChangedMOVE 3,,,,,,,,
1502208706 '6392B6C5FB53'228-69-72.428573612.872970581*MOVE 3,,,,,,,,
1502208706 '2D1032CDC2EC'325-78-82.279998782.372059584*MOVE 3,,,,,,,,
1502208706 '459F7A08D5D7'230-71-72.666656492.832487583*MOVE 3,,,,,,,,
1502208706 'DAD655CD510A'229-70-72.96553042.275377035Node ChangedMOVE 3,,,,,,,,
1502208706 '6392B6C5FB53'228-69-72.428573612.872970581*MOVE 3,,,,,,,,
1502208706 '2D1032CDC2EC'325-78-82.279998782.372059584*MOVE 3,,,,,,,,
1502208706 '459F7A08D5D7'230-71-72.666656492.832487583*MOVE 3,,,,,,,,
1502208706 'DAD655CD510A'229-70-72.96553042.275377035*MOVE 3,,,,,,,,
1502208766 '6392B6C5FB53'229-71-74.172409062.28455925*MOVE 3,,,,,,,,
1502208766 '2D1032CDC2EC'326-81-841.469692826*MOVE 3,,,,,,,,
1502208766 '459F7A08D5D7'229-70-72.965522771.802433133*MOVE 3,,,,,,,,
1502208766 'DAD655CD510A'229-70-72.034484861.47558105*MOVE 3,,,,,,,,
1502208766 '6392B6C5FB53'229-71-74.172409062.28455925*MOVE 3,,,,,,,,
1502208766 '2D1032CDC2EC'326-81-841.469692826*MOVE 3,,,,,,,,
1502208766 '459F7A08D5D7'229-70-72.965522771.802433133*MOVE 3,,,,,,,,
1502208766 'DAD655CD510A'229-70-72.034484861.47558105*MOVE 3,,,,,,,,
1502208826 '6392B6C5FB53'228-72-73.928573611.998678207*MOVE 4,,,,,,,,
1502208826 '459F7A08D5D7'228-72-77.071426392.623663425Node ChangedMOVE 4,,,,,,,,
1502208826 'DAD655CD510A'227-69-71.851852421.378508568Node ChangedMOVE 4,,,,,,,,
1502208826 '9A34ECDEA99E'230-65-65.733322140.520830333Node ChangedMOVE 4,,,,,,,,
1502208826 '6392B6C5FB53'228-72-73.928573611.998678207*MOVE 4,,,,,,,,
1502208826 '459F7A08D5D7'228-72-77.071426392.623663425*MOVE 4,,,,,,,,
1502208826 'DAD655CD510A'227-69-71.851852421.378508568*MOVE 4,,,,,,,,
1502208826 '9A34ECDEA99E'230-65-65.733322140.520830333*MOVE 4,,,,,,,,
1502208886 '6392B6C5FB53'226-72-75.153854371.932714581*MOVE 4,,,,,,,,
1502208886 '2D1032CDC2EC'329-78-80.862068181.807210445Node ChangedMOVE 4,,,,,,,,
1502208886 'DAD655CD510A'230-68-70.300003051.784029007*MOVE 4,,,,,,,,
1502208886 '9A34ECDEA99E'230-64-65.066673280.639685452*MOVE 4,,,,,,,,
1502208946 '6392B6C5FB53'228-72-74.357154851.725935817*MOVE 4,,,,,,,,
1502208946 '2D1032CDC2EC'325-79-82.039993292.244995594*MOVE 4,,,,,,,,
1502208946 '459F7A08D5D7'227-72-77.222221373.226490974Node ChangedMOVE 4,,,,,,,,
1502208946 'DAD655CD510A'230-69-70.433334350.971428096Node ChangedMOVE 4,,,,,,,,
1502209006 '6392B6C5FB53'228-72-74.892845151.79173398*MOVE 4,,,,,,,,
1502209006 '2D1032CDC2EC'326-78-81.461532592.83168745*MOVE 4,,,,,,,,
1502209006 'DAD655CD510A'230-69-70.300003050.836660206Node ChangedMOVE 4,,,,,,,,
1502209006 '9A34ECDEA99E'229-64-65.034477230.823006511Node ChangedMOVE 4,,,,,,,,
1502209066 '2D1032CDC2EC'327-79-81.407402041.500237584Node ChangedMOVE 4,,,,,,,,
1502209066 '6392B6C5FB53'228-71-73.357139591.445662856Node ChangedMOVE 4,,,,,,,,
1502209066 '459F7A08D5D7'225-70-721.322875738Node ChangedMOVE 4,,,,,,,,
1502209066 'DAD655CD510A'228-70-71.107139590.956045806Node ChangedMOVE 4,,,,,,,,
1502209126 '2D1032CDC2EC'329-78-80.793113711.896979451*MOVE 4,,,,,,,,
1502209126 '6392B6C5FB53'230-70-72.800003051.827002883*MOVE 4,,,,,,,,
1502209126 '459F7A08D5D7'228-70-73.21428682.299066544*MOVE 4,,,,,,,,
1502209126 'DAD655CD510A'227-71-73.074073791.206582427*MOVE 4,,,,,,,,
1502209186 '2D1032CDC2EC'325-77-81.480010992.770677567*MOVE 4,,,,,,,,
1502209186 '6392B6C5FB53'230-70-72.300003051.76459384*MOVE 4,,,,,,,,
1502209186 '459F7A08D5D7'228-72-74.071434021.961268187*MOVE 4,,,,,,,,
1502209186 'DAD655CD510A'228-70-72.251.377732158*MOVE 4,,,,,,,,
1502209246 '2D1032CDC2EC'327-79-81.666664121.999998331*MOVE 4,,,,,,,,
1502209246 '6392B6C5FB53'230-72-74.200004581.297210813*MOVE 4,,,,,,,,
1502209246 '459F7A08D5D7'228-72-75.46428682.268662453*MOVE 4,,,,,,,,
1502209246 'DAD655CD510A'224-68-70.541656491.350654483*MOVE 4,,,,,,,,
1502209246 '2D1032CDC2EC'327-79-81.666664121.999998331*MOVE 4,,,,,,,,
1502209246 '6392B6C5FB53'230-72-74.200004581.297210813*MOVE 4,,,,,,,,
1502209246 '459F7A08D5D7'228-72-75.46428682.268662453*MOVE 4,,,,,,,,
1502209246 'DAD655CD510A'224-68-70.541656491.350654483*MOVE 4,,,,,,,,
1502209306 '6392B6C5FB53'228-72-73.928573611.561783195Node ChangedMOVE 4,,,,,,,,
1502209306 '459F7A08D5D7'227-71-79.111099243.042436123Node ChangedMOVE 4,,,,,,,,
1502209306 'DAD655CD510A'230-68-70.10000611.061878562Node ChangedMOVE 4,,,,,,,,
1502209306 '9A34ECDEA99E'230-65-65.166671750.379049271Node ChangedMOVE 4,,,,,,,,
1502209366 '2D1032CDC2EC'329-77-80.344825741.58735764Node ChangedMOVE 4,,,,,,,,
1502209366 '6392B6C5FB53'229-68-72.724128722.711040735Node ChangedMOVE 4,,,,,,,,
1502209366 '459F7A08D5D7'226-71-76.73076632.822164774Node ChangedMOVE 4,,,,,,,,
1502209366 'DAD655CD510A'228-70-71.753.39525795Node ChangedMOVE 4,,,,,,,,
1502209426 '2D1032CDC2EC'326-65-79.461547855.434932709*MOVE 5,,,,,,,,
1502209426 '6392B6C5FB53'228-69-71.714271552.274777651*MOVE 5,,,,,,,,
1502209426 '459F7A08D5D7'226-70-76.653846743.621516466*MOVE 5,,,,,,,,
1502209426 'DAD655CD510A'229-68-700.801783919*MOVE 5,,,,,,,,
1502209486 '2D1032CDC2EC'327-71-76.777786253.555418015*MOVE 5,,,,,,,,
1502209486 '6392B6C5FB53'226-70-72.884613041.840150833*MOVE 5,,,,,,,,
1502209486 '459F7A08D5D7'228-69-72.78571323.552330256*MOVE 5,,,,,,,,
1502209486 'DAD655CD510A'230-69-71.433341982.500809193*MOVE 5,,,,,,,,
1502209546 '2D1032CDC2EC'327-73-77.481483463.055517197*MOVE 5,,,,,,,,
1502209546 '459F7A08D5D7'230-69-73.599990843.529192448Node ChangedMOVE 5,,,,,,,,
1502209546 'DAD655CD510A'227-69-70.592590331.009922028Node ChangedMOVE 5,,,,,,,,
1502209546 '9A34ECDEA99E'230-63-65.299995421.207729578Node ChangedMOVE 5,,,,,,,,
1502209606 '2D1032CDC2EC'329-73-77.586219792.353075266*MOVE 5,,,,,,,,
1502209606 '6392B6C5FB53'230-70-71.599998471.275767446Node ChangedMOVE 5,,,,,,,,
1502209606 '459F7A08D5D7'224-71-76.416671753.729048729Node ChangedMOVE 5,,,,,,,,
1502209606 'DAD655CD510A'230-68-70.066673280.827679873Node ChangedMOVE 5,,,,,,,,
1502209606 '2D1032CDC2EC'329-73-77.586219792.353075266*MOVE 5,,,,,,,,
1502209606 '6392B6C5FB53'230-70-71.599998471.275767446*MOVE 5,,,,,,,,
1502209606 '459F7A08D5D7'224-71-76.416671753.729048729*MOVE 5,,,,,,,,
1502209606 'DAD655CD510A'230-68-70.066673280.827679873*MOVE 5,,,,,,,,
1502209606 '2D1032CDC2EC'329-73-77.586219792.353075266*MOVE 5,,,,,,,,
1502209606 '6392B6C5FB53'230-70-71.599998471.275767446*MOVE 5,,,,,,,,
1502209606 '459F7A08D5D7'224-71-76.416671753.729048729*MOVE 5,,,,,,,,
1502209606 'DAD655CD510A'230-68-70.066673280.827679873*MOVE 5,,,,,,,,
1502209666 '2D1032CDC2EC'328-72-77.821434024.4973526*MOVE 5,,,,,,,,
1502209666 '6392B6C5FB53'228-71-74.571434022.911390543*MOVE 5,,,,,,,,
1502209666 '459F7A08D5D7'228-70-73.678588872.969645739*MOVE 5,,,,,,,,
1502209666 'DAD655CD510A'230-68-70.933341981.229895234*MOVE 5,,,,,,,,
1502209726 '2D1032CDC2EC'329-71-73.206886291.633998275*MOVE 5,,,,,,,,
1502209726 '6392B6C5FB53'230-73-77.333328253.41733098*MOVE 5,,,,,,,,
1502209726 '459F7A08D5D7'228-71-75.892860412.408923388*MOVE 5,,,,,,,,
1502209726 'DAD655CD510A'225-68-70.15998841.280623674*MOVE 5,,,,,,,,
1502209846 '2D1032CDC2EC'324-68-75.416671753.955365896*MOVE 5,,,,,,,,
1502209846 '6392B6C5FB53'227-72-78.666671754.402792931*MOVE 5,,,,,,,,
1502209846 '459F7A08D5D7'228-67-72.250007635.568599224*MOVE 5,,,,,,,,
1502209846 'DAD655CD510A'230-65-70.199989322.057787895*MOVE 5,,,,,,,,
1502209846 '2D1032CDC2EC'324-68-75.416671753.955365896*MOVE 5,,,,,,,,
1502209846 '6392B6C5FB53'227-72-78.666671754.402792931*MOVE 5,,,,,,,,
1502209846 '459F7A08D5D7'228-67-72.250007635.568599224*MOVE 5,,,,,,,,
1502209846 'DAD655CD510A'230-65-70.199989322.057787895*MOVE 5,,,,,,,,
1502209906 '2D1032CDC2EC'330-70-74.099998473.407397509*MOVE 5,,,,,,,,
1502209906 '6392B6C5FB53'227-75-80.740737923.908497572*MOVE 5,,,,,,,,
1502209906 '459F7A08D5D7'229-69-69.93103790.842235327*MOVE 5,,,,,,,,
1502209906 'DAD655CD510A'229-70-71.896545411.175488353*MOVE 5,,,,,,,,
1502209966 '6392B6C5FB53'225-79-84.120018012.619160175Node ChangedMOVE 5,,,,,,,,
1502209966 '459F7A08D5D7'230-68-69.033340450.964305818Node ChangedMOVE 5,,,,,,,,
1502209966 'DAD655CD510A'229-69-71.310340880.929799616Node ChangedMOVE 5,,,,,,,,
1502209966 '9A34ECDEA99E'230-65-67.700004581.316998959Node ChangedMOVE 5,,,,,,,,
1502210026 '6392B6C5FB53'224-75-84.083335884.772352219*MOVE 5,,,,,,,,
1502210026 '459F7A08D5D7'230-67-69.900009161.561386943*MOVE 5,,,,,,,,
1502210026 'DAD655CD510A'230-68-70.433334351.695498109*MOVE 5,,,,,,,,
1502210026 '9A34ECDEA99E'230-65-67.799995422.123758316*MOVE 5,,,,,,,,
1502210086 '459F7A08D5D7'230-68-70.13333130.937102735Node ChangedMOVE 5,,,,,,,,
1502210086 'DAD655CD510A'230-71-721.017095923Node ChangedMOVE 5,,,,,,,,
1502210086 '9A34ECDEA99E'230-66-67.699996951.263545513Node ChangedMOVE 5,,,,,,,,
1502210086 '94DC6692F976'329-61-62.724140170.840771198Node ChangedMOVE 5,,,,,,,,
1502210146 '6392B6C5FB53'229-68-76.827575685.451531887Node ChangedMOVE 6,,,,,,,,
1502210146 '459F7A08D5D7'220-68-77.449996953.979883194Node ChangedMOVE 6,,,,,,,,
1502210146 'DAD655CD510A'230-67-74.36666874.089374065Node ChangedMOVE 6,,,,,,,,
1502210146 '9A34ECDEA99E'228-66-67.428573611.596954703Node ChangedMOVE 6,,,,,,,,
1502210206 '6392B6C5FB53'229-69-72.344825741.395808339*MOVE 6,,,,,,,,
1502210206 'DAD655CD510A'227-75-81.222221373.619745255Node ChangedMOVE 6,,,,,,,,
1502210206 '9A34ECDEA99E'229-64-66.48276521.121883273Node ChangedMOVE 6,,,,,,,,
1502210206 '94DC6692F976'329-63-72.827575685.224047184Node ChangedMOVE 6,,,,,,,,
1502210386 '6392B6C5FB53'226-75-78.538459782.120958805*MOVE 6,,,,,,,,
1502210386 'DAD655CD510A'217-83-86.823524482.455486059*MOVE 6,,,,,,,,
1502210386 '9A34ECDEA99E'229-65-66.034484860.421118826*MOVE 6,,,,,,,,
1502210386 '459F7A08D5D7'228-76-78.071426391.245093822Node ChangedMOVE 6,,,,,,,,
1502210446 '6392B6C5FB53'230-75-78.86666872.063365221*MOVE 6,,,,,,,,
1502210446 'DAD655CD510A'226-77-80.115394592.084746122*MOVE 6,,,,,,,,
1502210446 '9A34ECDEA99E'230-66-67.466659550.899552763*MOVE 6,,,,,,,,
1502210446 '459F7A08D5D7'228-75-77.892860411.812288642*MOVE 6,,,,,,,,
1502210506 '6392B6C5FB53'228-73-77.285705572.034100294*MOVE 6,,,,,,,,
1502210506 'DAD655CD510A'228-71-79.857139594.75872612*MOVE 6,,,,,,,,
1502210506 '9A34ECDEA99E'230-66-67.566673281.006301761*MOVE 6,,,,,,,,
1502210506 '459F7A08D5D7'230-76-77.400009161.328726053*MOVE 6,,,,,,,,
1502210626 '6392B6C5FB53'227-75-78.074089051.838183165*MOVE 6,,,,,,,,
1502210626 'DAD655CD510A'227-75-78.666664122.759597778*MOVE 6,,,,,,,,
1502210626 '9A34ECDEA99E'230-62-63.233333590.568320632*MOVE 6,,,,,,,,
1502210626 '459F7A08D5D7'228-73-74.535728451.17006588*MOVE 6,,,,,,,,
1502210686 '6392B6C5FB53'229-74-78.517242432.599734306*MOVE 6,,,,,,,,
1502210686 '2D1032CDC2EC'329-72-76.793098452.932323456Node ChangedMOVE 6,,,,,,,,
1502210686 'DAD655CD510A'228-73-75.071434021.84448266Node ChangedMOVE 6,,,,,,,,
1502210686 '9A34ECDEA99E'230-62-64.266670230.784915686Node ChangedMOVE 6,,,,,,,,
1502210806 '2D1032CDC2EC'327-71-75.62964635.031799316Node ChangedMOVE 6,,,,,,,,
1502210806 'DAD655CD510A'228-69-71.928565981.358881593Node ChangedMOVE 6,,,,,,,,
1502210806 '9A34ECDEA99E'230-62-63.699996951.342925549Node ChangedMOVE 6,,,,,,,,
1502210806 '459F7A08D5D7'229-75-77.827575681.415949821Node ChangedMOVE 6,,,,,,,,
1502210866 '6392B6C5FB53'223-81-83.826087953.352776051Node ChangedMOVE 7,,,,,,,,
1502210866 '2D1032CDC2EC'329-73-76.793090822.512530088Node ChangedMOVE 7,,,,,,,,
1502210866 'DAD655CD510A'228-71-72.251.174573779Node ChangedMOVE 7,,,,,,,,
1502210866 '9A34ECDEA99E'230-63-63.63333130.614946961Node ChangedMOVE 7,,,,,,,,
1502210926 '6392B6C5FB53'217-79-85.294120793.196965694*MOVE 7,,,,,,,,
1502210926 '2D1032CDC2EC'326-74-75.51.272790551*MOVE 7,,,,,,,,
1502210926 'DAD655CD510A'228-70-72.392860411.196887612*MOVE 7,,,,,,,,
1502210926 '9A34ECDEA99E'230-62-63.433334350.626061678*MOVE 7,,,,,,,,
1502210986 '6392B6C5FB53'224-78-83.083328252.780627251*MOVE 7,,,,,,,,
1502210986 '2D1032CDC2EC'327-72-77.074073793.44099474*MOVE 7,,,,,,,,
1502210986 '94DC6692F976'325-72-76.759994513.491420984Node ChangedMOVE 7,,,,,,,,
1502210986 '5D358CDAED0D'229-66-670.534521997Node ChangedMOVE 7,,,,,,,,
1502211046 '6392B6C5FB53'224-77-83.458328253.538350582*MOVE 7,,,,,,,,
1502211046 'DAD655CD510A'230-70-72.73333741.362889767Node ChangedMOVE 7,,,,,,,,
1502211046 '459F7A08D5D7'226-74-76.807701112.209416389Node ChangedMOVE 7,,,,,,,,
1502211046 '9A34ECDEA99E'230-63-64.099990840.803010762Node ChangedMOVE 7,,,,,,,,
1502211106 '6392B6C5FB53'226-75-80.26923373.268736601*MOVE 7,,,,,,,,
1502211106 '2D1032CDC2EC'330-66-66.799987790.61025697Node ChangedMOVE 7,,,,,,,,
1502211106 'DAD655CD510A'228-72-73.71428681.436485052Node ChangedMOVE 7,,,,,,,,
1502211106 '459F7A08D5D7'228-75-77.51.478236198Node ChangedMOVE 7,,,,,,,,
1502211166 '6392B6C5FB53'227-73-78.51853182.873897791*MOVE 7,,,,,,,,
1502211166 '2D1032CDC2EC'327-66-73.666664128.394134521*MOVE 7,,,,,,,,
1502211166 'DAD655CD510A'230-70-73.833343511.391688466*MOVE 7,,,,,,,,
1502211166 '459F7A08D5D7'227-74-75.481475831.122166991*MOVE 7,,,,,,,,
1502211226 '6392B6C5FB53'228-73-75.964294431.666268587*MOVE 7,,,,,,,,
1502211226 '2D1032CDC2EC'325-74-80.800003054.232809544*MOVE 7,,,,,,,,
1502211226 'DAD655CD510A'228-71-72.571426391.199647546*MOVE 7,,,,,,,,
1502211226 '459F7A08D5D7'229-74-76.413795471.763055921*MOVE 7,,,,,,,,
1502211286 '6392B6C5FB53'225-75-77.919998171.656301141*MOVE 7,,,,,,,,
1502211286 '2D1032CDC2EC'321-75-80.761901863.832815886*MOVE 7,,,,,,,,
1502211286 'DAD655CD510A'230-68-70.733329771.529781222*MOVE 7,,,,,,,,
1502211286 '459F7A08D5D7'227-74-75.296287540.953326046*MOVE 7,,,,,,,,
1502211346 '6392B6C5FB53'227-72-79.888877873.262056589*MOVE 7,,,,,,,,
1502211346 '2D1032CDC2EC'328-75-81.53571324.246846199*MOVE 7,,,,,,,,
1502211346 'DAD655CD510A'225-70-71.279998780.890692592*MOVE 7,,,,,,,,
1502211346 '459F7A08D5D7'227-72-751.240346909*MOVE 7,,,,,,,,
1502211406 '6392B6C5FB53'227-74-77.888877873.190529108*MOVE 8,,,,,,,,
1502211406 '2D1032CDC2EC'327-76-78.925926212.368477821*MOVE 8,,,,,,,,
1502211406 'DAD655CD510A'227-69-70.962966921.12596941*MOVE 8,,,,,,,,
1502211406 '459F7A08D5D7'227-72-75.555549621.625124097*MOVE 8,,,,,,,,
1502211466 '6392B6C5FB53'227-71-76.777801512.846494198*MOVE 8,,,,,,,,
1502211466 '2D1032CDC2EC'326-71-78.038459783.052616119*MOVE 8,,,,,,,,
1502211466 'DAD655CD510A'230-69-71.933341982.242740154*MOVE 8,,,,,,,,
1502211466 '459F7A08D5D7'227-73-75.629623412.078240871*MOVE 8,,,,,,,,
1502211586 '2D1032CDC2EC'328-72-75.53571321.752925754Node ChangedMOVE 8,,,,,,,,
1502211586 'DAD655CD510A'230-69-71.10000610.88473624Node ChangedMOVE 8,,,,,,,,
1502211586 '459F7A08D5D7'227-73-75.111122131.310706735Node ChangedMOVE 8,,,,,,,,
1502211586 '9A34ECDEA99E'229-72-75.206893922.076730013Node ChangedMOVE 8,,,,,,,,
1502211646 '6392B6C5FB53'228-75-81.107139593.675134182Node ChangedMOVE 8,,,,,,,,
1502211646 '2D1032CDC2EC'329-72-74.275848391.250612974Node ChangedMOVE 8,,,,,,,,
1502211646 'DAD655CD510A'229-69-72.551719671.152209401Node ChangedMOVE 8,,,,,,,,
1502211646 '459F7A08D5D7'230-74-75.033340450.718394518Node ChangedMOVE 8,,,,,,,,
1502211706 '2D1032CDC2EC'327-72-73.666679381.270979285Node ChangedMOVE 8,,,,,,,,
1502211706 'DAD655CD510A'229-71-72.413795471.268216252Node ChangedMOVE 8,,,,,,,,
1502211706 '5D358CDAED0D'230-68-68.700004580.702213466Node ChangedMOVE 8,,,,,,,,
1502211706 '459F7A08D5D7'227-74-75.851844791.350318789*MOVE 8,,,,,,,,
1502211766 '2D1032CDC2EC'329-68-72.172416693.295765877*MOVE 8,,,,,,,,
1502211766 'DAD655CD510A'230-69-72.266647341.595963478*MOVE 8,,,,,,,,
1502211766 '5D358CDAED0D'230-67-68.766670231.040003538*MOVE 8,,,,,,,,
1502211766 '6392B6C5FB53'227-73-80.037048343.966022968Node ChangedMOVE 8,,,,,,,,
1502211826 '2D1032CDC2EC'330-67-69.333328251.028334498*MOVE 8,,,,,,,,
1502211826 'DAD655CD510A'229-70-71.620689391.677878857*MOVE 8,,,,,,,,
1502211826 '5D358CDAED0D'228-66-69.285720831.013142228*MOVE 8,,,,,,,,
1502211826 '6392B6C5FB53'228-73-77.678588872.510028601*MOVE 8,,,,,,,,
1502211886 '2D1032CDC2EC'328-68-721.943650126*MOVE 8,,,,,,,,
1502211886 'DAD655CD510A'229-70-72.068954471.412474394*MOVE 8,,,,,,,,
1502211886 '5D358CDAED0D'229-67-68.275871280.648986101*MOVE 8,,,,,,,,
1502211886 '6392B6C5FB53'226-76-80.346160892.770448208*MOVE 8,,,,,,,,
1502211946 '2D1032CDC2EC'329-68-74.689651494.175642014*MOVE 8,,,,,,,,
1502211946 'DAD655CD510A'229-71-73.999992371.388731956*MOVE 8,,,,,,,,
1502211946 '5D358CDAED0D'230-68-68.46667480.571347296*MOVE 8,,,,,,,,
1502211946 '6392B6C5FB53'226-77-81.384620673.073458672*MOVE 8,,,,,,,,
1502212006 'DAD655CD510A'229-73-74.896553040.816999674Node ChangedMOVE 8,,,,,,,,
1502212006 '5D358CDAED0D'230-67-68.133323670.434172243Node ChangedMOVE 8,,,,,,,,
1502212006 '6392B6C5FB53'228-80-84.642860413.49829936Node ChangedMOVE 8,,,,,,,,
1502212006 '459F7A08D5D7'229-74-74.965507510.778402686Node ChangedMOVE 8,,,,,,,,
1502212126 '2D1032CDC2EC'329-69-72.413787842.719204426Node ChangedMOVE 8,,,,,,,,
1502212126 '5D358CDAED0D'230-67-68.36666870.614948869*MOVE 8,,,,,,,,
1502212126 '6392B6C5FB53'221-75-83.380950934.236464024*MOVE 8,,,,,,,,
1502212126 '459F7A08D5D7'228-75-78.071434022.34012723*MOVE 8,,,,,,,,
1502212186 '2D1032CDC2EC'328-70-73.71428681.978722215*MOVE 8,,,,,,,,
1502212186 '5D358CDAED0D'230-67-68.400009160.723971128*MOVE 8,,,,,,,,
1502212186 '6392B6C5FB53'227-77-82.518524173.309314728*MOVE 8,,,,,,,,
1502212186 '459F7A08D5D7'230-76-77.033348080.76489228*MOVE 8,,,,,,,,
1502212306 '2D1032CDC2EC'329-69-74.103439333.549094915*MOVE 8,,,,,,,,
1502212306 '5D358CDAED0D'229-68-68.51723480.508546293*MOVE 8,,,,,,,,
1502212306 '6392B6C5FB53'227-77-82.259269713.601201534*MOVE 8,,,,,,,,
1502212306 '459F7A08D5D7'227-76-77.925910951.20658195*MOVE 8,,,,,,,,
1502212366 '2D1032CDC2EC'330-69-76.099998473.772404671*MOVE 8,,,,,,,,
1502212366 '5D358CDAED0D'230-68-69.03332520.850288153*MOVE 8,,,,,,,,
1502212366 '6392B6C5FB53'225-78-83.199996954.222952843*MOVE 8,,,,,,,,
1502212366 '459F7A08D5D7'229-77-77.689659120.660275578*MOVE 8,,,,,,,,
1502212486 '5D358CDAED0D'230-67-68.300003050.794376373Node ChangedMOVE 8,,,,,,,,
1502212486 '6392B6C5FB53'229-77-83.206901553.609306574Node ChangedMOVE 8,,,,,,,,
1502212486 '459F7A08D5D7'229-76-76.724128720.701863825Node ChangedMOVE 8,,,,,,,,
1502212486 'DAD655CD510A'229-71-72.551727290.68588829Node ChangedMOVE 8,,,,,,,,
1502212606 '459F7A08D5D7'228-75-76.46428680.792657018Node ChangedMOVE 8,,,,,,,,
1502212606 'DAD655CD510A'229-71-72.206893920.818504155Node ChangedMOVE 8,,,,,,,,
1502212606 '9A34ECDEA99E'223-76-82.826080324.427723885Node ChangedMOVE 8,,,,,,,,
1502212606 '94DC6692F976'323-75-82.130439764.159377575Node ChangedMOVE 8,,,,,,,,
1502212666 '5D358CDAED0D'228-67-68.50.577350318Node ChangedMOVE 8,,,,,,,,
1502212666 '6392B6C5FB53'229-74-75.6551591.609702468Node ChangedMOVE 8,,,,,,,,
1502212666 '459F7A08D5D7'229-76-77.206901550.773641109Node ChangedMOVE 8,,,,,,,,
1502212666 'DAD655CD510A'230-71-73.066673280.980266392Node ChangedMOVE 8,,,,,,,,
1502212666 '5D358CDAED0D'228-67-68.50.577350318*MOVE 8,,,,,,,,
1502212666 '6392B6C5FB53'229-74-75.6551591.609702468*MOVE 8,,,,,,,,
1502212666 '459F7A08D5D7'229-76-77.206901550.773641109*MOVE 8,,,,,,,,
1502212666 'DAD655CD510A'230-71-73.066673280.980266392*MOVE 8,,,,,,,,
1502212726 '5D358CDAED0D'229-67-67.724128720.701865792*MOVE 8,,,,,,,,
1502212726 '6392B6C5FB53'228-71-76.107131963.095271349*MOVE 8,,,,,,,,
1502212726 '459F7A08D5D7'229-77-791.069044471*MOVE 8,,,,,,,,
1502212726 'DAD655CD510A'230-71-72.133338930.628809273*MOVE 8,,,,,,,,
1502212786 '5D358CDAED0D'230-65-68.400001530.932184339*MOVE 8,,,,,,,,
1502212786 '6392B6C5FB53'227-69-74.481483462.926937103*MOVE 8,,,,,,,,
1502212786 '459F7A08D5D7'228-73-77.392852781.832612157*MOVE 8,,,,,,,,
1502212786 'DAD655CD510A'230-72-74.300003053.415481806*MOVE 8,,,,,,,,
1502213206 '5D358CDAED0D'222-80-83.181823732.260139942*MOVE 8,,,,,,,,
1502213206 '459F7A08D5D7'26-85-892.607681513Node ChangedMOVE 8,,,,,,,,
1502213206 'DAD655CD510A'228-71-72.785720830.917206883Node ChangedMOVE 8,,,,,,,,
1502213206 '9A34ECDEA99E'227-69-72.370368962.339433193Node ChangedMOVE 8,,,,,,,,
1502213386 '5D358CDAED0D'228-74-81.357131963.753657341*MOVE 8,,,,,,,,
1502213386 '6392B6C5FB53'228-70-74.785720832.282899857Node ChangedMOVE 8,,,,,,,,
1502213386 'DAD655CD510A'229-71-73.172409062.221149921*MOVE 8,,,,,,,,
1502213386 '9A34ECDEA99E'229-70-72.517242431.549669981*MOVE 8,,,,,,,,
1502213446 '5D358CDAED0D'230-73-824.307170868*MOVE 8,,,,,,,,
1502213446 '6392B6C5FB53'228-71-76.53571323.01210022*MOVE 8,,,,,,,,
1502213446 '459F7A08D5D7'226-74-83.73076633.985549212Node ChangedMOVE 8,,,,,,,,
1502213446 'DAD655CD510A'230-70-74.60000612.907776356Node ChangedMOVE 8,,,,,,,,
1502213746 '5D358CDAED0D'229-75-78.551727291.478082299*MOVE 8,,,,,,,,
1502213746 'DAD655CD510A'229-71-73.379318241.293219447Node ChangedMOVE 8,,,,,,,,
1502213746 '94DC6692F976'330-71-72.799995420.99654609Node ChangedMOVE 8,,,,,,,,
1502213746 '6392B6C5FB53'227-76-79.259254461.913366437Node ChangedMOVE 8,,,,,,,,
1502214106 'DAD655CD510A'228-73-75.321434021.634204865Node ChangedMOVE 8,,,,,,,,
1502214106 '5D358CDAED0D'218-77-84.38888554.394365788Node ChangedMOVE 8,,,,,,,,
1502214106 '94DC6692F976'329-73-74.689651491.198317289*MOVE 8,,,,,,,,
1502214106 '459F7A08D5D7'225-77-78.320007321.314027905Node ChangedMOVE 8,,,,,,,,
1502214286 '5D358CDAED0D'226-77-81.692306523.717732191Node ChangedMOVE 8,,,,,,,,
1502214286 '94DC6692F976'328-70-72.928558351.961266279Node ChangedMOVE 8,,,,,,,,
1502214286 '6392B6C5FB53'230-71-75.799987791.669193387Node ChangedMOVE 8,,,,,,,,
1502214286 '9A34ECDEA99E'226-71-78.076927193.94890523Node ChangedMOVE 8,,,,,,,,
1502214586 'DAD655CD510A'230-72-75.699996952.215148687Node ChangedMOVE 8,,,,,,,,
1502214586 '5D358CDAED0D'224-76-81.333343514.093117237Node ChangedMOVE 8,,,,,,,,
1502214586 '94DC6692F976'328-70-74.392868044.589355469Node ChangedMOVE 8,,,,,,,,
1502214586 '6392B6C5FB53'228-71-80.392852784.524334908Node ChangedMOVE 8,,,,,,,,
1502214646 'DAD655CD510A'228-73-75.03571321.137969375*MOVE 8,,,,,,,,
1502214646 '5D358CDAED0D'228-79-82.714279172.477410078*MOVE 8,,,,,,,,
1502214646 '94DC6692F976'327-74-75.592590331.845145345*MOVE 8,,,,,,,,
1502214646 '459F7A08D5D7'226-82-84.538459781.654828906Node ChangedMOVE 8,,,,,,,,
1502214646 'DAD655CD510A'228-73-75.03571321.137969375*MOVE 8,,,,,,,,
1502214646 '5D358CDAED0D'228-79-82.714279172.477410078*MOVE 8,,,,,,,,
1502214646 '94DC6692F976'327-74-75.592590331.845145345*MOVE 8,,,,,,,,
1502214646 '459F7A08D5D7'226-82-84.538459781.654828906*MOVE 8,,,,,,,,
1502214706 'DAD655CD510A'227-73-76.51853182.423765421*MOVE 8,,,,,,,,
1502214706 '94DC6692F976'328-68-74.857139592.771736383Node ChangedMOVE 8,,,,,,,,
1502214706 '6392B6C5FB53'228-74-79.214294432.766964197Node ChangedMOVE 8,,,,,,,,
1502214706 '459F7A08D5D7'221-80-84.095245362.364418745*MOVE 8,,,,,,,,
1502214826 'DAD655CD510A'229-71-76.034477233.995378017*MOVE 8,,,,,,,,
1502214826 '5D358CDAED0D'226-72-79.307693483.739188671Node ChangedMOVE 8,,,,,,,,
1502214826 '94DC6692F976'328-69-72.357131962.585062027Node ChangedMOVE 8,,,,,,,,
1502214826 '6392B6C5FB53'229-73-76.379310613.774100542Node ChangedMOVE 8,,,,,,,,
1502214886 'DAD655CD510A'227-69-74.370376594.507669926*MOVE 8,,,,,,,,
1502214886 '5D358CDAED0D'228-68-73.785705574.425155163*MOVE 8,,,,,,,,
1502214886 '94DC6692F976'329-67-76.586204535.821862698*MOVE 8,,,,,,,,
1502214886 '6392B6C5FB53'228-69-76.142852784.600435734*MOVE 8,,,,,,,,
1502215126 'DAD655CD510A'229-71-72.413795470.732766867*MOVE 8,,,,,,,,
1502215126 '5D358CDAED0D'230-70-75.799995422.00688076*MOVE 8,,,,,,,,
1502215126 '94DC6692F976'328-70-76.571418763.735996008*MOVE 8,,,,,,,,
1502215126 '6392B6C5FB53'230-70-72.800010681.323524356*MOVE 8,,,,,,,,
1502215186 'DAD655CD510A'229-70-75.586204533.122694016*MOVE 8,,,,,,,,
1502215186 '5D358CDAED0D'223-69-73.956520082.867980957*MOVE 8,,,,,,,,
1502215186 '94DC6692F976'327-70-75.7777713.640935183*MOVE 8,,,,,,,,
1502215186 '6392B6C5FB53'228-72-76.96428683.360799313*MOVE 8,,,,,,,,
1502215246 '6392B6C5FB53'228-67-71.392860411.31485188Node ChangedMOVE 9,,,,,,,,
1502215246 '459F7A08D5D7'227-77-81.074073792.615426064Node ChangedMOVE 9,,,,,,,,
1502215246 '9A34ECDEA99E'227-72-73.999992371.881081581Node ChangedMOVE 9,,,,,,,,
1502215246 'DAD655CD510A'228-72-75.178573611.634206414Node ChangedMOVE 9,,,,,,,,
1502215306 '6392B6C5FB53'227-69-70.703704831.203034401*MOVE 9,,,,,,,,
1502215306 '459F7A08D5D7'226-77-82.192298892.870807171*MOVE 9,,,,,,,,
1502215306 '9A34ECDEA99E'229-73-77.310340882.001846075*MOVE 9,,,,,,,,
1502215306 '5D358CDAED0D'228-71-73.251.174576163Node ChangedMOVE 9,,,,,,,,
1502215366 '2D1032CDC2EC'328-68-72.250007633.606831074Node ChangedMOVE 9,,,,,,,,
1502215366 '6392B6C5FB53'229-69-70.689659121.649747252Node ChangedMOVE 9,,,,,,,,
1502215366 '9A34ECDEA99E'228-71-75.52.560381651*MOVE 9,,,,,,,,
1502215366 '5D358CDAED0D'229-70-74.48276522.487406492*MOVE 9,,,,,,,,
1502215786 '2D1032CDC2EC'330-68-69.300003050.836660206*MOVE 9,,,,,,,,
1502215786 '9A34ECDEA99E'230-69-70.966651921.519601345Node ChangedMOVE 9,,,,,,,,
1502215786 '459F7A08D5D7'220-79-82.699996952.054520607Node ChangedMOVE 9,,,,,,,,
1502215786 '5D358CDAED0D'228-74-78.964279173.976616859*MOVE 9,,,,,,,,
1502215846 '2D1032CDC2EC'328-68-71.107154851.547734618*MOVE 9,,,,,,,,
1502215846 '6392B6C5FB53'226-75-78.346160892.652430296Node ChangedMOVE 9,,,,,,,,
1502215846 '9A34ECDEA99E'228-70-72.03571322.008910179Node ChangedMOVE 9,,,,,,,,
1502215846 '459F7A08D5D7'227-76-79.888893131.783110857Node ChangedMOVE 9,,,,,,,,
1502215906 '2D1032CDC2EC'327-70-74.740737922.809224844*MOVE 9,,,,,,,,
1502215906 '6392B6C5FB53'228-72-79.357139594.129517078*MOVE 9,,,,,,,,
1502215906 '9A34ECDEA99E'230-68-71.566673281.612094879*MOVE 9,,,,,,,,
1502215906 '459F7A08D5D7'228-76-81.071426391.803875327*MOVE 9,,,,,,,,
1502215966 '2D1032CDC2EC'329-73-77.241378783.019640923*MOVE 9,,,,,,,,
1502215966 '6392B6C5FB53'226-71-74.538459782.803294897*MOVE 9,,,,,,,,
1502215966 '9A34ECDEA99E'229-68-71.586204532.27591753*MOVE 9,,,,,,,,
1502215966 '459F7A08D5D7'228-78-80.785705572.250221491*MOVE 9,,,,,,,,
1502216026 '2D1032CDC2EC'330-73-75.966659552.579537153*MOVE 9,,,,,,,,
1502216026 '459F7A08D5D7'227-78-80.518508911.503079891Node ChangedMOVE 9,,,,,,,,
1502216026 '5D358CDAED0D'224-78-83.8752.953442574Node ChangedMOVE 9,,,,,,,,
1502216026 'DAD655CD510A'228-70-71.821426390.86296463Node ChangedMOVE 9,,,,,,,,
1502216086 '2D1032CDC2EC'329-74-75.793098451.448631525*MOVE 9,,,,,,,,
1502216086 '6392B6C5FB53'229-75-78.034492492.061256647Node ChangedMOVE 9,,,,,,,,
1502216086 '9A34ECDEA99E'225-71-72.480003360.918330729Node ChangedMOVE 9,,,,,,,,
1502216086 '459F7A08D5D7'229-78-81.000015261.603564382Node ChangedMOVE 9,,,,,,,,
1502216146 '2D1032CDC2EC'327-74-76.925933841.517234683*MOVE 9,,,,,,,,
1502216146 '6392B6C5FB53'228-72-741.247219205*MOVE 9,,,,,,,,
1502216146 '9A34ECDEA99E'229-71-71.517250060.57449913*MOVE 9,,,,,,,,
1502216146 '459F7A08D5D7'227-77-79.629638671.779117465*MOVE 9,,,,,,,,
1502216206 '6392B6C5FB53'227-71-72.629638671.043222308Node ChangedMOVE 9,,,,,,,,
1502216206 '9A34ECDEA99E'229-70-71.103446960.816999137Node ChangedMOVE 9,,,,,,,,
1502216206 '459F7A08D5D7'230-79-80.333335881.028334618Node ChangedMOVE 9,,,,,,,,
1502216206 '5D358CDAED0D'222-81-86.227272033.022642851Node ChangedMOVE 9,,,,,,,,
1502216266 '2D1032CDC2EC'326-73-77.884613043.51370883Node ChangedMOVE 9,,,,,,,,
1502216266 '6392B6C5FB53'227-69-72.222221372.100059509Node ChangedMOVE 9,,,,,,,,
1502216266 '9A34ECDEA99E'230-68-71.500015261.833598256Node ChangedMOVE 9,,,,,,,,
1502216266 '459F7A08D5D7'224-77-81.208328252.283763409Node ChangedMOVE 9,,,,,,,,
1502216326 '2D1032CDC2EC'329-71-74.103454592.241569996*MOVE 9,,,,,,,,
1502216326 '6392B6C5FB53'229-69-71.310340881.2277565*MOVE 9,,,,,,,,
1502216326 '5D358CDAED0D'230-74-77.133338931.942862511Node ChangedMOVE 9,,,,,,,,
1502216326 '9A34ECDEA99E'230-69-70.833328251.599205613Node ChangedMOVE 9,,,,,,,,
1502216386 '2D1032CDC2EC'329-71-73.724136351.770725846*MOVE 9,,,,,,,,
1502216386 '6392B6C5FB53'229-69-71.758628851.154346347*MOVE 9,,,,,,,,
1502216386 '459F7A08D5D7'224-82-84.751.77543664Node ChangedMOVE 9,,,,,,,,
1502216386 '5D358CDAED0D'227-73-76.185173031.776710033Node ChangedMOVE 9,,,,,,,,
1502216446 '2D1032CDC2EC'328-70-75.253.718075037*MOVE 9,,,,,,,,
1502216446 '6392B6C5FB53'226-68-71.076911931.494605541*MOVE 9,,,,,,,,
1502216446 '5D358CDAED0D'226-69-74.769226074.589616776Node ChangedMOVE 9,,,,,,,,
1502216446 '9A34ECDEA99E'230-69-70.51.548080206Node ChangedMOVE 9,,,,,,,,
1502216506 '2D1032CDC2EC'328-68-70.535705571.527091503*MOVE 9,,,,,,,,
1502216506 '6392B6C5FB53'228-71-75.464271552.348871469*MOVE 9,,,,,,,,
1502216506 '459F7A08D5D7'230-74-77.699996951.822278142Node ChangedMOVE 9,,,,,,,,
1502216506 '5D358CDAED0D'228-68-70.642860411.445665836Node ChangedMOVE 9,,,,,,,,
1502216566 '2D1032CDC2EC'329-70-71.896553041.113065004*MOVE 9,,,,,,,,
1502216566 '6392B6C5FB53'229-73-75.551727291.862914324*MOVE 9,,,,,,,,
1502216566 '459F7A08D5D7'224-76-80.124984742.723691463*MOVE 9,,,,,,,,
1502216566 '5D358CDAED0D'229-69-70.724128721.666831136*MOVE 9,,,,,,,,
1502216626 '2D1032CDC2EC'329-69-71.310348511.256513596*MOVE 9,,,,,,,,
1502216626 '6392B6C5FB53'224-74-76.416664121.282545567*MOVE 9,,,,,,,,
1502216626 '459F7A08D5D7'227-78-81.444442751.967685103*MOVE 9,,,,,,,,
1502216626 '5D358CDAED0D'229-70-71.620681760.862461984*MOVE 9,,,,,,,,
1502216686 '2D1032CDC2EC'325-69-70.680000310.852447867*MOVE 9,,,,,,,,
1502216686 '6392B6C5FB53'229-72-73.827590940.928475142*MOVE 9,,,,,,,,
1502216686 '459F7A08D5D7'229-76-79.551727291.638518691*MOVE 9,,,,,,,,
1502216686 '5D358CDAED0D'228-70-71.607139590.956039906*MOVE 9,,,,,,,,
1502216746 '2D1032CDC2EC'327-69-70.259262080.764228106*MOVE 9,,,,,,,,
1502216746 '459F7A08D5D7'225-76-79.240013122.420054197Node ChangedMOVE 9,,,,,,,,
1502216746 '5D358CDAED0D'227-69-71.962944031.828863978Node ChangedMOVE 9,,,,,,,,
1502216746 '9A34ECDEA99E'230-65-66.433326721.006302476Node ChangedMOVE 9,,,,,,,,
1502216806 '2D1032CDC2EC'329-68-70.034492491.209566355*MOVE 9,,,,,,,,
1502216806 '6392B6C5FB53'225-72-76.840003971.972307444Node ChangedMOVE 9,,,,,,,,
1502216806 '459F7A08D5D7'224-75-81.458328253.202977896Node ChangedMOVE 9,,,,,,,,
1502216806 '5D358CDAED0D'228-70-71.749992371.040828824Node ChangedMOVE 9,,,,,,,,
1502216926 '2D1032CDC2EC'327-70-72.444442751.281026959*MOVE 9,,,,,,,,
1502216926 '6392B6C5FB53'229-71-73.758621221.825519323*MOVE 9,,,,,,,,
1502216926 '459F7A08D5D7'229-77-78.517242430.986360788*MOVE 9,,,,,,,,
1502216926 '5D358CDAED0D'227-71-74.59258272.590806246*MOVE 9,,,,,,,,
1502216986 '2D1032CDC2EC'328-71-72.03571320.744467616*MOVE 9,,,,,,,,
1502216986 '6392B6C5FB53'229-74-76.206893921.69830668*MOVE 9,,,,,,,,
1502216986 '459F7A08D5D7'226-77-78.576911930.986836135*MOVE 9,,,,,,,,
1502216986 '5D358CDAED0D'227-73-76.59258272.575912952*MOVE 9,,,,,,,,
1502217046 '2D1032CDC2EC'330-69-70.400009160.968467474*MOVE 9,,,,,,,,
1502217046 '6392B6C5FB53'228-73-75.03571321.551157117*MOVE 9,,,,,,,,
1502217046 '459F7A08D5D7'227-77-78.666664120.679364979*MOVE 9,,,,,,,,
1502217046 '5D358CDAED0D'227-74-75.629631040.966682255*MOVE 9,,,,,,,,
1502217106 '2D1032CDC2EC'327-69-70.259254460.594369948*MOVE 9,,,,,,,,
1502217106 '6392B6C5FB53'230-71-74.13333131.224276066*MOVE 9,,,,,,,,
1502217106 '459F7A08D5D7'226-77-79.461540221.028814673*MOVE 9,,,,,,,,
1502217106 '5D358CDAED0D'228-73-75.642868041.471058249*MOVE 9,,,,,,,,
1502217166 '2D1032CDC2EC'329-70-70.655166630.483724207*MOVE 9,,,,,,,,
1502217166 '459F7A08D5D7'223-80-81.043472290.638055027Node ChangedMOVE 9,,,,,,,,
1502217166 '5D358CDAED0D'227-76-77.814826971.14478898Node ChangedMOVE 9,,,,,,,,
1502217166 '9A34ECDEA99E'229-67-69.275871281.130629539Node ChangedMOVE 9,,,,,,,,
1502217226 '2D1032CDC2EC'330-70-71.36666870.556053221*MOVE 9,,,,,,,,
1502217226 '6392B6C5FB53'227-71-72.925918581.327978969Node ChangedMOVE 9,,,,,,,,
1502217226 '459F7A08D5D7'228-77-79.035720831.070899844Node ChangedMOVE 9,,,,,,,,
1502217226 '5D358CDAED0D'226-71-74.923080442.667179585Node ChangedMOVE 9,,,,,,,,
1502217286 '2D1032CDC2EC'329-71-71.689659120.849516273*MOVE 9,,,,,,,,
1502217286 '6392B6C5FB53'229-71-73.241378780.830454171*MOVE 9,,,,,,,,
1502217286 '459F7A08D5D7'226-77-78.692306521.086986303*MOVE 9,,,,,,,,
1502217286 '5D358CDAED0D'229-72-75.206893921.677144408*MOVE 9,,,,,,,,
1502217346 '2D1032CDC2EC'325-70-71.279998780.541602492*MOVE 9,,,,,,,,
1502217346 '6392B6C5FB53'230-72-73.400009160.770130098*MOVE 9,,,,,,,,
1502217346 '459F7A08D5D7'227-77-78.555557250.847318113*MOVE 9,,,,,,,,
1502217346 '5D358CDAED0D'229-74-75.103446960.939027667*MOVE 9,,,,,,,,
1502217406 '2D1032CDC2EC'327-69-70.777786250.974024594*MOVE 9,,,,,,,,
1502217406 '6392B6C5FB53'227-73-75.37035371.390854239*MOVE 9,,,,,,,,
1502217406 '459F7A08D5D7'227-77-78.999992371.208941698*MOVE 9,,,,,,,,
1502217406 '5D358CDAED0D'229-73-75.931030271.907332778*MOVE 9,,,,,,,,
1502217466 '2D1032CDC2EC'327-70-71.518508910.849001288*MOVE 9,,,,,,,,
1502217466 '6392B6C5FB53'227-71-74.666664121.640824199*MOVE 9,,,,,,,,
1502217466 '459F7A08D5D7'227-78-79.296295171.324759483*MOVE 9,,,,,,,,
1502217466 '5D358CDAED0D'228-72-74.178573611.278122425*MOVE 9,,,,,,,,
1502217586 '2D1032CDC2EC'324-73-75.583335882.552348375*MOVE 10,,,,,,,,
1502217586 '6392B6C5FB53'230-71-72.966667181.56432879*MOVE 10,,,,,,,,
1502217586 '459F7A08D5D7'226-78-79.576934810.643309355*MOVE 10,,,,,,,,
1502217586 '5D358CDAED0D'229-69-70.724143980.797163606*MOVE 10,,,,,,,,
1502217646 '2D1032CDC2EC'325-70-74.319984442.154835224*MOVE 10,,,,,,,,
1502217646 '6392B6C5FB53'228-71-72.928573611.015748858*MOVE 10,,,,,,,,
1502217646 '459F7A08D5D7'225-79-81.959999082.244993925*MOVE 10,,,,,,,,
1502217646 '5D358CDAED0D'228-68-70.392852781.065948963*MOVE 10,,,,,,,,
1502217766 '2D1032CDC2EC'328-72-77.51.753306508*MOVE 10,,,,,,,,
1502217766 '6392B6C5FB53'225-72-73.639999390.907377541*MOVE 10,,,,,,,,
1502217766 '459F7A08D5D7'227-80-80.777778630.751067698*MOVE 10,,,,,,,,
1502217766 '5D358CDAED0D'227-70-71.333343510.919862151*MOVE 10,,,,,,,,
1502217826 '2D1032CDC2EC'327-76-78.592575071.421246767*MOVE 10,,,,,,,,
1502217826 '6392B6C5FB53'230-71-72.533332820.819308698*MOVE 10,,,,,,,,
1502217826 '5D358CDAED0D'226-70-71.307701110.788377941Node ChangedMOVE 10,,,,,,,,
1502217826 '9A34ECDEA99E'230-63-63.599994660.563242733Node ChangedMOVE 10,,,,,,,,
1502217886 '2D1032CDC2EC'324-75-78.083328252.185258865*MOVE 10,,,,,,,,
1502217886 '6392B6C5FB53'227-72-73.851844791.485925555*MOVE 10,,,,,,,,
1502217886 '459F7A08D5D7'228-77-80.392860412.114138126Node ChangedMOVE 10,,,,,,,,
1502217886 '5D358CDAED0D'230-69-70.999984742.803937674Node ChangedMOVE 10,,,,,,,,
1502217946 '2D1032CDC2EC'330-72-75.833335881.641768456*MOVE 10,,,,,,,,
1502217946 '6392B6C5FB53'229-71-73.275848390.9218238*MOVE 10,,,,,,,,
1502217946 '459F7A08D5D7'222-79-81.090911871.269010544*MOVE 10,,,,,,,,
1502217946 '5D358CDAED0D'228-68-69.464294431.10494411*MOVE 10,,,,,,,,
1502218066 '2D1032CDC2EC'326-73-77.923080443.345718861*MOVE 10,,,,,,,,
1502218066 '6392B6C5FB53'230-71-72.96667480.927860022*MOVE 10,,,,,,,,
1502218066 '5D358CDAED0D'229-69-70.241386410.739457607Node ChangedMOVE 10,,,,,,,,
1502218066 '94DC6692F976'329-67-70.344833371.518360257Node ChangedMOVE 10,,,,,,,,
1502218126 '6392B6C5FB53'224-72-72.458328250.588230491Node ChangedMOVE 10,,,,,,,,
1502218126 '459F7A08D5D7'227-77-79.70369721.636479139Node ChangedMOVE 10,,,,,,,,
1502218126 '5D358CDAED0D'230-70-71.23333741.104330182*MOVE 10,,,,,,,,
1502218126 '94DC6692F976'329-69-70.310356140.849515975*MOVE 10,,,,,,,,
1502218186 '2D1032CDC2EC'330-73-75.799995421.323527694Node ChangedMOVE 10,,,,,,,,
1502218186 '6392B6C5FB53'226-73-74.076919560.890978873Node ChangedMOVE 10,,,,,,,,
1502218186 '459F7A08D5D7'228-77-77.821418760.904865265Node ChangedMOVE 10,,,,,,,,
1502218186 '94DC6692F976'330-69-70.73333740.739680469*MOVE 10,,,,,,,,
1502218246 '2D1032CDC2EC'329-73-77.48276521.824842811*MOVE 10,,,,,,,,
1502218246 '6392B6C5FB53'227-72-73.999992370.999998987*MOVE 10,,,,,,,,
1502218246 '459F7A08D5D7'228-76-77.821426390.904865205*MOVE 10,,,,,,,,
1502218246 '5D358CDAED0D'229-69-70.448280330.631677687Node ChangedMOVE 10,,,,,,,,
1502218306 '2D1032CDC2EC'329-72-74.068977360.842234492*MOVE 10,,,,,,,,
1502218306 '6392B6C5FB53'227-72-73.481491090.752962291*MOVE 10,,,,,,,,
1502218306 '5D358CDAED0D'228-69-69.96428680.576202929Node ChangedMOVE 10,,,,,,,,
1502218306 '94DC6692F976'329-69-70.655166630.768854201Node ChangedMOVE 10,,,,,,,,
1502218426 '2D1032CDC2EC'328-75-78.321434021.806441069*MOVE 10,,,,,,,,
1502218426 '6392B6C5FB53'227-74-76.148162841.406133771*MOVE 10,,,,,,,,
1502218426 '459F7A08D5D7'228-78-79.78571321.370513797Node ChangedMOVE 10,,,,,,,,
1502218426 '5D358CDAED0D'228-69-70.250.585314155Node ChangedMOVE 10,,,,,,,,
1502218486 '2D1032CDC2EC'328-72-75.857147221.899593472*MOVE 10,,,,,,,,
1502218486 '6392B6C5FB53'227-74-75.407409670.971092641*MOVE 10,,,,,,,,
1502218486 '5D358CDAED0D'228-69-69.857131960.650599658Node ChangedMOVE 10,,,,,,,,
1502218486 '94DC6692F976'330-70-71.73333741.201528549Node ChangedMOVE 10,,,,,,,,
1502218546 '2D1032CDC2EC'328-68-73.428581244.483953476*MOVE 10,,,,,,,,
1502218546 '459F7A08D5D7'229-77-78.689651490.806379437Node ChangedMOVE 10,,,,,,,,
1502218546 '6392B6C5FB53'229-70-72.551712041.453713655Node ChangedMOVE 10,,,,,,,,
1502218546 '5D358CDAED0D'229-69-70.931045531.032713652Node ChangedMOVE 10,,,,,,,,
1502218606 '2D1032CDC2EC'329-67-68.862052921.125167012*MOVE 10,,,,,,,,
1502218606 '6392B6C5FB53'228-71-72.321434020.722832739Node ChangedMOVE 10,,,,,,,,
1502218606 '5D358CDAED0D'229-70-71.482749940.911068738Node ChangedMOVE 10,,,,,,,,
1502218606 '94DC6692F976'328-73-76.821434022.037674189Node ChangedMOVE 10,,,,,,,,
1502218666 '2D1032CDC2EC'330-68-68.633338930.850286841*MOVE 10,,,,,,,,
1502218666 '6392B6C5FB53'229-71-71.862060550.742784381*MOVE 10,,,,,,,,
1502218666 '459F7A08D5D7'225-79-83.200004583.415651321Node ChangedMOVE 10,,,,,,,,
1502218666 '5D358CDAED0D'229-69-70.344833370.669534862Node ChangedMOVE 10,,,,,,,,
1502218726 '2D1032CDC2EC'329-67-68.689659121.198316813*MOVE 10,,,,,,,,
1502218726 '6392B6C5FB53'230-72-72.766670230.897634685*MOVE 10,,,,,,,,
1502218726 '459F7A08D5D7'224-82-85.752.489109039*MOVE 10,,,,,,,,
1502218726 '5D358CDAED0D'227-69-70.629638670.791694522*MOVE 10,,,,,,,,
1502218786 '2D1032CDC2EC'329-68-72.172416692.791170597*MOVE 10,,,,,,,,
1502218786 '6392B6C5FB53'229-69-72.06896211.437533379*MOVE 10,,,,,,,,
1502218786 '459F7A08D5D7'224-80-83.3752.280590057*MOVE 10,,,,,,,,
1502218786 '5D358CDAED0D'230-69-70.099990840.844862223*MOVE 10,,,,,,,,
1502218846 'DAD655CD510A'230-71-72.233322140.727930665Node ChangedMOVE 10,,,,,,,,
1502218846 '6392B6C5FB53'230-70-70.833335880.461132646*MOVE 10,,,,,,,,
1502218846 '459F7A08D5D7'222-81-84.409095761.70877707*MOVE 10,,,,,,,,
1502218846 '5D358CDAED0D'230-68-69.099990840.607427418*MOVE 10,,,,,,,,
1502218906 'DAD655CD510A'230-68-72.333328251.748562932*MOVE 10,,,,,,,,
1502218906 '6392B6C5FB53'229-70-72.310348512.765908003*MOVE 10,,,,,,,,
1502218906 '459F7A08D5D7'224-77-85.041656492.926326752*MOVE 10,,,,,,,,
1502218906 '5D358CDAED0D'229-68-70.275863651.509412408*MOVE 10,,,,,,,,
1502218966 '2D1032CDC2EC'327-73-75.814811711.942183733Node ChangedMOVE 10,,,,,,,,
1502218966 'DAD655CD510A'229-71-71.896553041.371780396Node ChangedMOVE 10,,,,,,,,
1502218966 '6392B6C5FB53'230-69-72.599998471.24844718Node ChangedMOVE 10,,,,,,,,
1502218966 '459F7A08D5D7'219-80-86.210525513.980214357Node ChangedMOVE 10,,,,,,,,
1502219026 '2D1032CDC2EC'330-71-76.066680913.258234262*MOVE 10,,,,,,,,
1502219026 'DAD655CD510A'229-69-70.862083440.639428437*MOVE 10,,,,,,,,
1502219026 '6392B6C5FB53'228-71-73.392845151.257251024*MOVE 10,,,,,,,,
1502219026 '5D358CDAED0D'227-68-69.444435121.012737393Node ChangedMOVE 10,,,,,,,,
1502219086 '2D1032CDC2EC'328-69-72.857131962.049648046*MOVE 10,,,,,,,,
1502219086 'DAD655CD510A'228-69-70.892860410.994030654*MOVE 10,,,,,,,,
1502219086 '6392B6C5FB53'229-71-72.689659121.929165006*MOVE 10,,,,,,,,
1502219086 '5D358CDAED0D'228-68-68.750007630.751541674*MOVE 10,,,,,,,,
1502219146 '2D1032CDC2EC'330-71-72.033332821.629116297*MOVE 10,,,,,,,,
1502219146 'DAD655CD510A'229-69-70.724143980.751024604*MOVE 10,,,,,,,,
1502219146 '6392B6C5FB53'229-70-72.241371151.550466537*MOVE 10,,,,,,,,
1502219146 '5D358CDAED0D'229-68-69.551734920.985108078*MOVE 10,,,,,,,,
1502219206 '2D1032CDC2EC'330-69-71.46667481.332186103*MOVE 10,,,,,,,,
1502219206 'DAD655CD510A'229-68-70.310348510.890563309*MOVE 10,,,,,,,,
1502219206 '6392B6C5FB53'229-71-72.344818121.009802341*MOVE 10,,,,,,,,
1502219206 '459F7A08D5D7'226-78-81.884613042.79036808Node ChangedMOVE 10,,,,,,,,
1502219266 '2D1032CDC2EC'331-71-72.516136171.964197397*MOVE 10,,,,,,,,
1502219266 'DAD655CD510A'229-70-70.793106080.491303861*MOVE 10,,,,,,,,
1502219266 '6392B6C5FB53'229-71-72.965515141.051623344*MOVE 10,,,,,,,,
1502219266 '459F7A08D5D7'227-77-80.629631042.404296875*MOVE 10,,,,,,,,
1502219326 'DAD655CD510A'230-69-71.26666261.507071376Node ChangedMOVE 10,,,,,,,,
1502219326 '6392B6C5FB53'228-71-73.46428681.794686079Node ChangedMOVE 10,,,,,,,,
1502219326 '459F7A08D5D7'226-77-81.769210822.486886978Node ChangedMOVE 10,,,,,,,,
1502219326 '5D358CDAED0D'227-68-70.148147581.586087465Node ChangedMOVE 10,,,,,,,,
1502219386 'DAD655CD510A'228-71-71.964279170.188983724*MOVE 10,,,,,,,,
1502219386 '6392B6C5FB53'228-71-73.107139590.994030118*MOVE 10,,,,,,,,
1502219386 '459F7A08D5D7'225-80-84.199989322.614066124*MOVE 10,,,,,,,,
1502219386 '5D358CDAED0D'230-69-70.200012211.214851141*MOVE 10,,,,,,,,
1502219446 'DAD655CD510A'228-72-72.607147220.497347206*MOVE 10,,,,,,,,
1502219446 '5D358CDAED0D'230-70-70.333328250.479465425Node ChangedMOVE 10,,,,,,,,
1502219446 '94DC6692F976'326-70-73.615379331.3587327Node ChangedMOVE 10,,,,,,,,
1502219446 '9A34ECDEA99E'229-60-62.517242430.687682092Node ChangedMOVE 10,,,,,,,,
1502219506 'DAD655CD510A'227-71-72.11111450.506370962*MOVE 10,,,,,,,,
1502219506 '6392B6C5FB53'230-73-74.366661070.80871731Node ChangedMOVE 10,,,,,,,,
1502219506 '459F7A08D5D7'222-77-83.818176275.19740057Node ChangedMOVE 10,,,,,,,,
1502219506 '5D358CDAED0D'229-69-700.377964884Node ChangedMOVE 10,,,,,,,,
1502219566 'DAD655CD510A'230-72-72.333335880.479462534*MOVE 10,,,,,,,,
1502219566 '6392B6C5FB53'227-73-74.259269710.764231265*MOVE 10,,,,,,,,
1502219566 '5D358CDAED0D'230-69-69.766670230.430182904Node ChangedMOVE 10,,,,,,,,
1502219566 '9A34ECDEA99E'230-62-62.366661070.490132183Node ChangedMOVE 10,,,,,,,,
1502219626 '6392B6C5FB53'229-72-73.758636471.299864054Node ChangedMOVE 10,,,,,,,,
1502219626 '459F7A08D5D7'221-83-87.095237733.160773516Node ChangedMOVE 10,,,,,,,,
1502219626 '5D358CDAED0D'230-68-69.233329770.504006922*MOVE 10,,,,,,,,
1502219626 '94DC6692F976'328-72-74.392852781.396802783Node ChangedMOVE 10,,,,,,,,
1502219686 'DAD655CD510A'228-72-72.892868040.497348368Node ChangedMOVE 10,,,,,,,,
1502219686 '6392B6C5FB53'229-73-75.137924191.24568367Node ChangedMOVE 10,,,,,,,,
1502219686 '459F7A08D5D7'227-77-83.370368963.78406024Node ChangedMOVE 10,,,,,,,,
1502219686 '5D358CDAED0D'230-69-69.333343510.546669126Node ChangedMOVE 10,,,,,,,,
1502219746 'DAD655CD510A'228-72-72.607139590.497345716*MOVE 10,,,,,,,,
1502219746 '6392B6C5FB53'229-74-75.172416691.311187267*MOVE 10,,,,,,,,
1502219746 '5D358CDAED0D'227-69-69.259262080.446576655Node ChangedMOVE 10,,,,,,,,
1502219746 '9A34ECDEA99E'230-62-62.099998470.305128664Node ChangedMOVE 10,,,,,,,,
1502219806 'DAD655CD510A'229-70-71.862068180.441113561*MOVE 10,,,,,,,,
1502219806 '459F7A08D5D7'220-81-86.89999393.093285561Node ChangedMOVE 10,,,,,,,,
1502219806 '9A34ECDEA99E'230-62-62.399997710.498273194Node ChangedMOVE 10,,,,,,,,
1502219806 '2D1032CDC2EC'330-69-69.966667180.718396306Node ChangedMOVE 10,,,,,,,,
1502219866 'DAD655CD510A'230-71-72.099998470.607424259*MOVE 10,,,,,,,,
1502219866 '6392B6C5FB53'226-75-75.538459780.581774592Node ChangedMOVE 10,,,,,,,,
1502219866 '5D358CDAED0D'229-69-69.103454590.309934855Node ChangedMOVE 10,,,,,,,,
1502219866 '94DC6692F976'324-80-82.833335881.992739439Node ChangedMOVE 10,,,,,,,,
1502219926 'DAD655CD510A'229-70-72.275856021.868852615*MOVE 10,,,,,,,,
1502219926 '6392B6C5FB53'228-69-74.285720831.902381063*MOVE 10,,,,,,,,
1502219926 '459F7A08D5D7'227-77-82.111106873.896086931Node ChangedMOVE 10,,,,,,,,
1502219926 '5D358CDAED0D'230-65-69.03332521.033353209Node ChangedMOVE 10,,,,,,,,
1502219986 'DAD655CD510A'230-69-71.96667481.847335696*MOVE 10,,,,,,,,
1502219986 '6392B6C5FB53'228-71-72.428573611.451145053*MOVE 10,,,,,,,,
1502219986 '459F7A08D5D7'225-75-78.919998172.856571436*MOVE 10,,,,,,,,
1502219986 '5D358CDAED0D'230-68-69.000007630.830455482*MOVE 10,,,,,,,,
1502220046 'DAD655CD510A'229-69-73.241371151.661651373*MOVE 10,,,,,,,,
1502220046 '6392B6C5FB53'230-69-71.133323671.655360818*MOVE 10,,,,,,,,
1502220046 '459F7A08D5D7'228-80-82.857147222.239614248*MOVE 10,,,,,,,,
1502220046 '5D358CDAED0D'228-70-71.928565981.653918982*MOVE 10,,,,,,,,
1502220106 'DAD655CD510A'230-72-75.566658021.906130314*MOVE 10,,,,,,,,
1502220106 '6392B6C5FB53'228-68-70.571426391.069043756*MOVE 10,,,,,,,,
1502220106 '459F7A08D5D7'224-78-83.291671753.872750282*MOVE 10,,,,,,,,
1502220106 '5D358CDAED0D'226-69-71.807701111.233502269*MOVE 10,,,,,,,,
1502220166 'DAD655CD510A'225-74-77.880020142.488638401*MOVE 10,,,,,,,,
1502220166 '6392B6C5FB53'230-69-70.866661071.332182765*MOVE 10,,,,,,,,
1502220166 '459F7A08D5D7'226-78-83.461547852.686721802*MOVE 10,,,,,,,,
1502220166 '5D358CDAED0D'228-71-72.321426390.983325779*MOVE 10,,,,,,,,
1502234146 '9A34ECDEA99E'230-68-68.966659550.182575747Node Changed,,,,,,,,
