5D358CDAED0D,,,,,,
time,hwid,type,samples,maxRSSI,mean,stddev
1502202028, 'F9632B2DFC58',2,29,-75,-77.72413635,2.136361599
1502202028, '9A34ECDEA99E',2,27,-66,-66.74073029,0.655894578
1502202028, 'DAD655CD510A',2,28,-54,-54.71428299,0.460043252
1502202028, '2D1032CDC2EC',3,30,-47,-47.56666565,0.504006624
,,,,,,
1502202088, 'F9632B2DFC58',2,26,-78,-80.88461304,1.751043439
1502202088, '9A34ECDEA99E',2,29,-65,-66.93102264,0.923159301
1502202088, 'DAD655CD510A',2,29,-55,-55.03448486,0.185695484
1502202088, '2D1032CDC2EC',3,30,-46,-47,0.587221146
,,,,,,
1502202148, '9A34ECDEA99E',2,30,-65,-66.90000916,1.061882496
1502202148, 'DAD655CD510A',2,30,-54,-55.1333313,0.507416785
1502202148, '2D1032CDC2EC',3,29,-47,-48.65517426,1.316810131
1502202148, '459F7A08D5D7',2,28,-68,-69.53570557,1.346660256
,,,,,,
1502202208, 'F9632B2DFC58',2,29,-73,-80.37931061,2.956998825
1502202208, '9A34ECDEA99E',2,30,-65,-67.66667938,1.768167019
1502202208, '2D1032CDC2EC',3,30,-44,-46.39999771,0.674664617
1502202208, '459F7A08D5D7',2,28,-67,-69.92857361,1.358881593
,,,,,,
1502202268, 'DAD655CD510A',2,30,-54,-55.33332825,0.606477797
1502202268, '2D1032CDC2EC',3,30,-46,-46.36667252,0.764888823
1502202268, '459F7A08D5D7',2,29,-69,-72,1.511853933
1502202268, '94DC6692F976',3,30,-44,-44.56667328,0.897631645
,,,,,,
1502202328, 'F9632B2DFC58',2,25,-68,-82.3999939,4.890465736
1502202328, '9A34ECDEA99E',2,29,-65,-67.10345459,0.939028859
1502202328, 'DAD655CD510A',2,27,-54,-55.07407761,0.474416286
1502202328, '2D1032CDC2EC',3,29,-46,-48.89655685,1.012238026
,,,,,,
1502202388, 'F9632B2DFC58',2,29,-67,-80.44827271,3.531351328
1502202388, '9A34ECDEA99E',2,26,-66,-66.73077393,0.666795135
1502202388, 'DAD655CD510A',2,30,-54,-55.09999847,0.480660349
1502202388, '2D1032CDC2EC',3,29,-48,-49.58621216,0.568032742
,,,,,,
1502202448, 'F9632B2DFC58',2,28,-78,-82.10714722,2.166056156
1502202448, '9A34ECDEA99E',2,28,-66,-66.50000763,0.638287246
1502202448, 'DAD655CD510A',2,29,-53,-54,0.755928934
1502202448, '2D1032CDC2EC',3,30,-43,-46.39999771,1.302518129
,,,,,,
1502202508, 'F9632B2DFC58',2,25,-79,-82.3999939,2.614063263
1502202508, '9A34ECDEA99E',2,28,-63,-66.64286041,0.911421001
1502202508, 'DAD655CD510A',2,29,-54,-54.9310379,0.752663374
1502202508, '2D1032CDC2EC',3,29,-45,-46.55172729,0.631675363
,,,,,,
1502202568, 'F9632B2DFC58',2,20,-81,-84.40000153,2.798492908
1502202568, '9A34ECDEA99E',2,27,-65,-65.74074554,0.594370961
1502202568, 'DAD655CD510A',2,30,-55,-55.53333282,0.507416308
1502202568, '2D1032CDC2EC',3,30,-47,-47.3666687,0.490132421
,,,,,,
1502202628, '9A34ECDEA99E',2,30,-65,-66.5,0.682285607
1502202628, 'DAD655CD510A',2,28,-55,-55.71428299,0.460042119
1502202628, '2D1032CDC2EC',3,30,-47,-47.2333374,0.430183202
1502202628, '459F7A08D5D7',2,30,-68,-69.1000061,0.607425034
,,,,,,
1502202688, '9A34ECDEA99E',2,30,-66,-68.96666718,1.650145054
1502202688, 'DAD655CD510A',2,30,-54,-55.56667328,0.77385509
1502202688, '2D1032CDC2EC',3,30,-46,-46.60000229,0.62145865
1502202688, '459F7A08D5D7',2,28,-66,-67.92858124,1.152411222
,,,,,,
1502202748, 'F9632B2DFC58',2,29,-70,-72.24139404,1.122980952
1502202748, '9A34ECDEA99E',2,27,-68,-70.81481171,1.359779239
1502202748, 'DAD655CD510A',2,30,-54,-54.83333206,0.379049689
1502202748, '2D1032CDC2EC',3,30,-45,-46.1333313,0.434172571
,,,,,,
1502202808, 'F9632B2DFC58',2,29,-71,-72.44828796,1.241725445
1502202808, '9A34ECDEA99E',2,29,-67,-69.20689392,1.081643105
1502202808, 'DAD655CD510A',2,29,-54,-55.55172729,0.631675959
1502202808, '2D1032CDC2EC',3,30,-45,-46.10000229,0.711966455
,,,,,,
1502202868, 'F9632B2DFC58',2,27,-70,-72.51850891,1.672641277
1502202868, '9A34ECDEA99E',2,29,-65,-66.89655304,1.496300697
1502202868, 'DAD655CD510A',2,29,-55,-55.62069321,0.676851153
1502202868, '2D1032CDC2EC',3,30,-46,-46.73333359,0.449776769
,,,,,,
1502202928, 'F9632B2DFC58',2,29,-74,-76.13793945,1.57489562
1502202928, '9A34ECDEA99E',2,29,-66,-66.72413635,0.751026154
1502202928, 'DAD655CD510A',2,30,-55,-55.86666489,0.776079357
1502202928, '2D1032CDC2EC',3,30,-45,-46.43333054,0.678910792
,,,,,,
1502202988, 'F9632B2DFC58',2,30,-71,-77.0333252,3.378260851
1502202988, '9A34ECDEA99E',2,28,-66,-66.5357132,0.999338686
1502202988, 'DAD655CD510A',2,29,-54,-55.06896591,1.066737652
1502202988, '2D1032CDC2EC',3,29,-46,-46.3103447,0.470823199
,,,,,,
1502203048, 'F9632B2DFC58',2,26,-75,-79.11540222,2.178569078
1502203048, '9A34ECDEA99E',2,29,-65,-66.31034088,1.038662314
1502203048, 'DAD655CD510A',2,30,-53,-54.26666641,0.52083087
1502203048, '2D1032CDC2EC',3,30,-45,-46.59999466,0.621455014
,,,,,,
1502203108, 'F9632B2DFC58',2,26,-70,-77.57691956,2.610334635
1502203108, 'DAD655CD510A',2,30,-54,-54.66666794,0.546672046
1502203108, '2D1032CDC2EC',3,29,-45,-46.48275757,0.57449913
1502203108, '459F7A08D5D7',2,30,-67,-68.46665955,0.681443155
,,,,,,
1502203168, '9A34ECDEA99E',2,29,-65,-66.0689621,0.457557231
1502203168, 'DAD655CD510A',2,30,-55,-56.10000229,0.711967885
1502203168, '2D1032CDC2EC',3,30,-46,-46.26667023,0.449777216
1502203168, '94DC6692F976',3,30,-45,-45.06666565,0.253708184
,,,,,,
1502203168, '9A34ECDEA99E',2,29,-65,-66.0689621,0.457557231
1502203168, 'DAD655CD510A',2,30,-55,-56.10000229,0.711967885
1502203168, '2D1032CDC2EC',3,30,-46,-46.26667023,0.449777216
1502203168, '94DC6692F976',3,30,-45,-45.06666565,0.253708184
,,,,,,
1502203228, '9A34ECDEA99E',2,29,-65,-65.62069702,0.727705956
1502203228, 'DAD655CD510A',2,30,-54,-54.96666718,0.889917552
1502203228, 'F9632B2DFC58',2,25,-74,-75.84000397,1.106044412
1502203228, '2D1032CDC2EC',3,30,-44,-46.19999695,0.664363742
,,,,,,
1502203288, '9A34ECDEA99E',2,28,-66,-66.4642868,0.637247324
1502203288, 'DAD655CD510A',2,30,-54,-55.40000153,0.674665153
1502203288, '2D1032CDC2EC',3,28,-46,-46.2142868,0.417854428
1502203288, '459F7A08D5D7',2,29,-66,-66.89654541,0.488790601
,,,,,,
1502203348, '9A34ECDEA99E',2,26,-66,-67.11537933,1.070581317
1502203348, 'F9632B2DFC58',2,30,-71,-77.00000763,2.197177172
1502203348, 'DAD655CD510A',2,30,-54,-54.96666718,0.614947557
1502203348, '2D1032CDC2EC',3,30,-45,-45.56666565,0.678910434
,,,,,,
1502203408, '9A34ECDEA99E',2,28,-64,-65.71429443,0.712695718
1502203408, 'F9632B2DFC58',2,28,-70,-76.42858124,2.754504442
1502203408, 'DAD655CD510A',2,29,-55,-55.44827271,0.572350681
1502203408, '2D1032CDC2EC',3,30,-45,-45.3999939,0.498271674
,,,,,,
1502203468, 'F9632B2DFC58',2,27,-74,-76.03704071,1.720499516
1502203468, 'DAD655CD510A',2,30,-55,-55.23334122,0.504006147
1502203468, '9A34ECDEA99E',2,30,-65,-66.06666565,0.691492498
1502203468, '2D1032CDC2EC',3,30,-45,-45.09999847,0.305128008
,,,,,,
1502203528, 'F9632B2DFC58',2,30,-74,-76.0333252,1.217214584
1502203528, 'DAD655CD510A',2,30,-55,-55.83333588,0.461132586
1502203528, '9A34ECDEA99E',2,27,-66,-66.48148346,0.642733574
1502203528, '2D1032CDC2EC',3,30,-44,-44.79999924,0.610257328
,,,,,,
1502203588, 'F9632B2DFC58',2,26,-74,-76.61539459,2.001536608
1502203588, 'DAD655CD510A',2,30,-54,-54.86666489,0.860367119
1502203588, '9A34ECDEA99E',2,29,-65,-65.96551514,0.325440288
1502203588, '2D1032CDC2EC',3,29,-44,-45.9310379,0.703614771
,,,,,,
1502203648, 'F9632B2DFC58',2,24,-75,-77.37500763,2.222656727
1502203648, 'DAD655CD510A',2,29,-53,-55.27586746,0.882228374
1502203648, '9A34ECDEA99E',2,29,-63,-66.13792419,0.990099013
1502203648, '2D1032CDC2EC',3,30,-45,-45.43333054,0.504006565
,,,,,,
1502203648, 'F9632B2DFC58',2,24,-75,-77.37500763,2.222656727
1502203648, 'DAD655CD510A',2,29,-53,-55.27586746,0.882228374
1502203648, '9A34ECDEA99E',2,29,-63,-66.13792419,0.990099013
1502203648, '2D1032CDC2EC',3,30,-45,-45.43333054,0.504006565
,,,,,,
1502203708, 'F9632B2DFC58',2,28,-76,-78.57143402,1.642685652
1502203708, 'DAD655CD510A',2,30,-53,-54.96665955,0.49013266
1502203708, '9A34ECDEA99E',2,27,-66,-66.40740967,0.572395623
1502203708, '2D1032CDC2EC',3,29,-45,-46,0.377964586
,,,,,,
1502203768, 'F9632B2DFC58',2,30,-69,-75.23332977,2.344226837
1502203768, '9A34ECDEA99E',2,29,-66,-68.82759094,1.513486743
1502203768, '2D1032CDC2EC',3,30,-45,-45.3666687,0.490132511
1502203768, '459F7A08D5D7',2,29,-66,-67.41378784,1.052794576
,,,,,,
1502203828, 'F9632B2DFC58',2,27,-72,-73.55554962,1.187541842
1502203828, 'DAD655CD510A',2,30,-54,-55.36667252,0.668673813
1502203828, '2D1032CDC2EC',3,30,-46,-46.2333374,0.4301835
1502203828, '459F7A08D5D7',2,30,-67,-68.8999939,0.844863713
,,,,,,
1502203888, 'F9632B2DFC58',2,26,-73,-74.69231415,1.010709882
1502203888, '9A34ECDEA99E',2,28,-66,-66.25,0.518186629
1502203888, 'DAD655CD510A',2,30,-55,-55.50000381,0.572351277
1502203888, '2D1032CDC2EC',3,30,-46,-46.16666412,0.379048616
,,,,,,
1502203948, 'F9632B2DFC58',2,29,-73,-75.99999237,2.251984358
1502203948, '9A34ECDEA99E',2,29,-65,-67.10345459,1.113066435
1502203948, 'DAD655CD510A',2,30,-55,-55.96667099,0.718394995
1502203948, '2D1032CDC2EC',3,30,-46,-46.16666412,0.37904942
,,,,,,
1502204008, '9A34ECDEA99E',2,28,-65,-67.82141876,1.248805165
1502204008, 'DAD655CD510A',2,27,-55,-55.66667175,0.554701388
1502204008, '2D1032CDC2EC',3,30,-44,-46.33332825,0.844181538
1502204008, '459F7A08D5D7',2,28,-66,-67.85713959,1.23870635
,,,,,,
1502204068, 'DAD655CD510A',2,29,-54,-55.44827652,0.631675601
1502204068, '2D1032CDC2EC',3,30,-45,-46.30000305,0.595963955
1502204068, '459F7A08D5D7',2,30,-67,-67.96665955,1.299425006
1502204068, 'F9632B2DFC58',2,26,-76,-81.96154022,3.446515083
,,,,,,
1502204128, '9A34ECDEA99E',2,29,-65,-65.93104553,0.65087831
1502204128, 'DAD655CD510A',2,30,-50,-55.00000381,1.14470315
1502204128, '2D1032CDC2EC',3,30,-46,-46.93333817,0.365148276
1502204128, '459F7A08D5D7',2,29,-67,-68.41378784,0.779982209
,,,,,,
1502204188, '9A34ECDEA99E',2,28,-66,-68.03572083,1.688346267
1502204188, 'DAD655CD510A',2,27,-54,-55.07407379,0.384901673
1502204188, '2D1032CDC2EC',3,30,-46,-46.13333893,0.345746815
1502204188, '459F7A08D5D7',2,27,-66,-67.25926208,0.812998891
,,,,,,
1502204248, '9A34ECDEA99E',2,30,-68,-69.90000916,0.711968243
1502204248, 'DAD655CD510A',2,29,-55,-55.24137878,0.435494393
1502204248, '2D1032CDC2EC',3,30,-44,-45.46666718,0.681445718
1502204248, '94DC6692F976',3,30,-45,-46.56666565,0.568320513
,,,,,,
1502204308, '9A34ECDEA99E',2,27,-67,-68.62963867,0.926039159
1502204308, 'DAD655CD510A',2,29,-55,-55.20689774,0.412249058
1502204308, '2D1032CDC2EC',3,29,-44,-44.72414398,0.648984015
1502204308, '94DC6692F976',3,29,-46,-46.48275757,0.574499726
,,,,,,
1502204368, '9A34ECDEA99E',2,28,-64,-67.07143402,1.184108853
1502204368, 'DAD655CD510A',2,29,-54,-55.00000763,0.462911576
1502204368, '2D1032CDC2EC',3,30,-44,-45.70000458,0.53498286
1502204368, '94DC6692F976',3,30,-46,-46.90000153,0.547722459
,,,,,,
1502204428, '9A34ECDEA99E',2,28,-66,-67.10714722,1.257256031
1502204428, 'DAD655CD510A',2,30,-54,-54.89999771,0.402577281
1502204428, '2D1032CDC2EC',3,29,-45,-47.27585983,1.278854132
1502204428, '94DC6692F976',3,29,-45,-46.34482574,0.768851578
,,,,,,
1502204488, '94DC6692F976',3,30,-47,-47,0
1502204488, 'F9632B2DFC58',2,30,-71,-73.09999847,1.470395446
1502204488, '6392B6C5FB53',2,30,-50,-50.93333435,1.048259139
1502204488, '9A34ECDEA99E',2,28,-66,-67.53572083,1.070896745
,,,,,,
1502204548, '94DC6692F976',3,29,-47,-47.72414017,0.797162294
1502204548, 'F9632B2DFC58',2,30,-72,-73.33333588,1.124440432
1502204548, '6392B6C5FB53',2,29,-50,-50.82758331,0.601723194
1502204548, '459F7A08D5D7',2,29,-67,-68.93104553,0.961065292
,,,,,,
1502204608, '94DC6692F976',3,29,-47,-49.0689621,1.099711537
1502204608, 'F9632B2DFC58',2,29,-72,-74.17242432,1.037474155
1502204608, '6392B6C5FB53',2,30,-50,-50.53333282,0.730295956
1502204608, '459F7A08D5D7',2,29,-69,-70.17240906,0.848063707
,,,,,,
1502204668, '94DC6692F976',3,30,-48,-48.73333359,0.739679992
1502204668, 'F9632B2DFC58',2,26,-72,-73.57691956,0.856646955
1502204668, '6392B6C5FB53',2,30,-50,-50.50000381,0.629722774
1502204668, '459F7A08D5D7',2,28,-68,-70.03572083,1.170065045
,,,,,,
1502204728, '94DC6692F976',3,30,-46,-47.20000076,0.610256076
1502204728, 'F9632B2DFC58',2,29,-71,-72.89654541,1.633243442
1502204728, '6392B6C5FB53',2,29,-49,-50.48275375,0.7377913
1502204728, '459F7A08D5D7',2,20,-66,-69,1.337712049
,,,,,,
1502204788, '94DC6692F976',3,29,-47,-47.34482956,0.552647114
1502204788, 'F9632B2DFC58',2,30,-71,-72.96665955,1.299426079
1502204788, '6392B6C5FB53',2,30,-49,-50.56666946,0.858359814
1502204788, '9A34ECDEA99E',2,28,-67,-68.85714722,1.208436728
,,,,,,
1502204908, 'F9632B2DFC58',2,28,-69,-74.32141876,3.2891891
1502204908, '6392B6C5FB53',2,30,-51,-51.6333313,0.556053221
1502204908, '459F7A08D5D7',2,27,-67,-68.37036896,0.68770057
1502204908, '9A34ECDEA99E',2,28,-67,-69.39285278,1.640671492
,,,,,,
1502204968, '94DC6692F976',3,30,-47,-47.16666412,0.379048884
1502204968, 'F9632B2DFC58',2,28,-71,-71.89285278,1.100142002
1502204968, '6392B6C5FB53',2,29,-50,-51.3103447,0.5413903
1502204968, '459F7A08D5D7',2,30,-68,-69,0.982606649
,,,,,,
1502205028, '94DC6692F976',3,30,-44,-46.93333817,0.583292842
1502205028, 'F9632B2DFC58',2,28,-71,-71.92857361,0.604217887
1502205028, '6392B6C5FB53',2,29,-52,-52.41379547,0.501230061
1502205028, '459F7A08D5D7',2,27,-67,-67.44444275,0.577351093
,,,,,,
1502205088, '94DC6692F976',3,30,-46,-46.93333817,0.253708661
1502205088, 'F9632B2DFC58',2,29,-71,-72.48274994,0.911069989
1502205088, '6392B6C5FB53',2,30,-51,-52.59999847,0.563242316
1502205088, '459F7A08D5D7',2,29,-67,-68.27586365,0.591400743
,,,,,,
1502205148, '94DC6692F976',3,28,-47,-47,0
1502205148, 'F9632B2DFC58',2,28,-68,-72.82142639,1.743846893
1502205148, '6392B6C5FB53',2,30,-52,-52.10000229,0.30512777
1502205148, '459F7A08D5D7',2,30,-68,-69.66667175,1.561018944
,,,,,,
1502205208, '94DC6692F976',3,30,-46,-47.09999847,0.547724307
1502205208, 'F9632B2DFC58',2,29,-72,-73.51725006,1.021926403
1502205208, '6392B6C5FB53',2,30,-51,-52.16666794,0.592094719
1502205208, '459F7A08D5D7',2,27,-68,-70.77777863,1.050030708
,,,,,,
1502205268, '94DC6692F976',3,29,-43,-46.89654541,1.113065362
1502205268, 'F9632B2DFC58',2,28,-67,-73.10714722,1.969002604
1502205268, '6392B6C5FB53',2,29,-50,-51.27585602,0.921819627
1502205268, '459F7A08D5D7',2,28,-68,-69.2857132,0.896790087
,,,,,,
1502205328, '94DC6692F976',3,30,-46,-46.23333359,0.430182338
1502205328, 'F9632B2DFC58',2,29,-70,-73.65516663,1.395808578
1502205328, '6392B6C5FB53',2,30,-51,-51.36667252,0.614947975
1502205328, '459F7A08D5D7',2,29,-68,-69.68965912,1.072497845
,,,,,,
1502205388, '94DC6692F976',3,30,-46,-48.09999847,1.155198216
1502205388, 'F9632B2DFC58',2,27,-72,-73.85185242,0.907393873
1502205388, '6392B6C5FB53',2,29,-51,-51.99999619,0.462910891
1502205388, '459F7A08D5D7',2,29,-66,-67.96550751,1.085048318
,,,,,,
1502205448, '94DC6692F976',3,29,-45,-46.65517426,0.93640101
1502205448, 'F9632B2DFC58',2,27,-71,-72.18517303,0.878681898
1502205448, '6392B6C5FB53',2,30,-51,-52.43333054,0.678910255
1502205448, '459F7A08D5D7',2,28,-66,-67.10715485,0.56694746
,,,,,,
1502205508, '94DC6692F976',3,29,-45,-46.10344696,0.61787802
1502205508, 'F9632B2DFC58',2,27,-71,-72.22221375,0.506372571
1502205508, '6392B6C5FB53',2,29,-51,-51.75862122,0.510962546
1502205508, '9A34ECDEA99E',2,28,-67,-69.35713196,1.161549807
,,,,,,
1502205568, '94DC6692F976',3,30,-45,-47.30000687,0.952308595
1502205568, 'F9632B2DFC58',2,29,-71,-72.93103027,1.099708796
1502205568, '6392B6C5FB53',2,30,-50,-51.66666412,0.711158633
1502205568, '459F7A08D5D7',2,28,-67,-67.53572083,0.692935109
,,,,,,
1502205628, '94DC6692F976',3,30,-46,-46.93333817,0.907185018
1502205628, 'F9632B2DFC58',2,27,-71,-72.22222137,0.640511334
1502205628, '6392B6C5FB53',2,30,-52,-52.59999847,0.563241363
1502205628, '459F7A08D5D7',2,30,-67,-67.50000763,0.572349966
,,,,,,
1502205688, '94DC6692F976',3,30,-46,-47.06666946,0.583292723
1502205688, 'F9632B2DFC58',2,29,-71,-71.75862885,0.78627497
1502205688, '6392B6C5FB53',2,30,-51,-52.19999695,0.550861776
1502205688, '459F7A08D5D7',2,30,-67,-67.56667328,0.504007936
,,,,,,
1502205748, '94DC6692F976',3,30,-46,-46.46666718,0.507415652
1502205748, '6392B6C5FB53',2,29,-51,-52.27587128,0.527564883
1502205748, '459F7A08D5D7',2,29,-67,-67.65517426,0.552646637
1502205748, '9A34ECDEA99E',2,28,-67,-68.17857361,0.547962964
,,,,,,
1502205808, '94DC6692F976',3,30,-46,-46.76666641,0.430183113
1502205808, '6392B6C5FB53',2,29,-51,-51.79310608,0.559293628
1502205808, '459F7A08D5D7',2,28,-67,-67.85713959,0.524530709
1502205808, '9A34ECDEA99E',2,30,-68,-68.5,0.776817203
,,,,,,
1502205868, '94DC6692F976',3,30,-46,-46.76666641,0.678910017
1502205868, 'F9632B2DFC58',2,27,-70,-71.29628754,0.72402519
1502205868, '6392B6C5FB53',2,30,-51,-51.83333206,0.461133391
1502205868, '459F7A08D5D7',2,28,-68,-68.21427917,0.498675406
,,,,,,
1502205928, '94DC6692F976',3,30,-45,-46.86666107,1.00801301
1502205928, 'F9632B2DFC58',2,29,-69,-70.44828033,0.631676495
1502205928, '6392B6C5FB53',2,29,-48,-50.99999619,1.101946712
1502205928, '459F7A08D5D7',2,29,-69,-70.37931824,0.941649497
,,,,,,
1502205988, '94DC6692F976',3,30,-43,-47.76667023,1.906128526
1502205988, 'F9632B2DFC58',2,25,-69,-72.31999207,2.853657246
1502205988, '6392B6C5FB53',2,29,-49,-50.13792801,1.025537729
1502205988, '459F7A08D5D7',2,22,-70,-70.95453644,0.898528874
,,,,,,
1502206048, '94DC6692F976',3,29,-44,-47.6896553,1.416823506
1502206048, 'F9632B2DFC58',2,30,-69,-74.90000153,2.856935263
1502206048, '6392B6C5FB53',2,29,-50,-50.86206818,0.789399683
1502206048, '459F7A08D5D7',2,29,-68,-69.41379547,0.824501514
,,,,,,
1502206108, '94DC6692F976',3,29,-45,-46.34482193,0.856729746
1502206108, 'F9632B2DFC58',2,27,-71,-77.1111145,5.970011711
1502206108, '6392B6C5FB53',2,30,-50,-50.76666641,0.773854971
1502206108, '459F7A08D5D7',2,28,-69,-70.50000763,1.37436831
,,,,,,
1502206168, '94DC6692F976',3,31,-45,-45.61289978,0.803218901
1502206168, 'F9632B2DFC58',2,29,-73,-76.82759094,3.433749199
1502206168, '6392B6C5FB53',2,28,-50,-51.28572083,0.896790326
1502206168, '459F7A08D5D7',2,27,-68,-68.62963104,0.687701821
,,,,,,
1502206228, 'F9632B2DFC58',2,28,-72,-77.99999237,3.990731478
1502206228, '6392B6C5FB53',2,30,-51,-51.26666641,0.583292723
1502206228, '459F7A08D5D7',2,28,-68,-69.0357132,0.69293654
1502206228, 'DAD655CD510A',2,30,-55,-55.6333313,0.490132064
,,,,,,
1502206288, 'F9632B2DFC58',2,28,-72,-74.60714722,1.133309722
1502206288, '6392B6C5FB53',2,30,-50,-51.03332901,0.490132928
1502206288, '459F7A08D5D7',2,30,-67,-68.36667633,0.808716416
1502206288, 'DAD655CD510A',2,30,-55,-56.43333435,0.678910255
,,,,,,
1502206348, 'F9632B2DFC58',2,27,-74,-77.25926208,3.10820961
1502206348, '6392B6C5FB53',2,30,-51,-51.23333359,0.430183291
1502206348, '459F7A08D5D7',2,29,-67,-68.44828796,0.783136666
1502206348, 'DAD655CD510A',2,30,-55,-56.03333282,0.413841337
,,,,,,
1502206408, 'F9632B2DFC58',2,28,-73,-78.49999237,3.156414747
1502206408, '6392B6C5FB53',2,29,-50,-51.13793564,0.693034053
1502206408, 'DAD655CD510A',2,29,-55,-55.82758713,0.804849267
1502206408, '9A34ECDEA99E',2,30,-66,-68.30000305,0.987857521
,,,,,,
1502206468, 'F9632B2DFC58',2,28,-72,-76.35714722,1.809734464
1502206468, '6392B6C5FB53',2,29,-50,-51.10344696,0.409252256
1502206468, '459F7A08D5D7',2,29,-67,-69.37929535,1.293221474
1502206468, 'DAD655CD510A',2,29,-53,-54.34482574,0.552646279
,,,,,,
1502206528, 'F9632B2DFC58',2,30,-72,-74.96665955,1.29942894
1502206528, '6392B6C5FB53',2,30,-50,-50.89999771,0.305129766
1502206528, '459F7A08D5D7',2,29,-67,-69.24137878,1.503690839
1502206528, 'DAD655CD510A',2,30,-54,-55.10000229,0.547723114
,,,,,,
1502206588, 'F9632B2DFC58',2,29,-72,-76.44826508,2.213372469
1502206588, '6392B6C5FB53',2,30,-50,-51.03333282,0.556053519
1502206588, '459F7A08D5D7',2,29,-69,-70.72413635,1.386066675
1502206588, 'DAD655CD510A',2,30,-54,-54.93333817,0.253707737
,,,,,,
1502206648, 'F9632B2DFC58',2,30,-71,-75.73334503,3.016425848
1502206648, '6392B6C5FB53',2,29,-50,-51.44827652,1.12078476
1502206648, '2D1032CDC2EC',3,30,-66,-66.83332825,0.461133361
1502206648, '459F7A08D5D7',2,25,-69,-70.59999084,0.912871659
,,,,,,
1502206708, 'F9632B2DFC58',2,27,-73,-75.92591858,2.47954917
1502206708, '6392B6C5FB53',2,30,-52,-53.46665955,0.819308817
1502206708, '2D1032CDC2EC',3,30,-66,-66.33332062,0.479465485
1502206708, '459F7A08D5D7',2,29,-69,-70.79309082,0.86103183
,,,,,,
1502206768, 'F9632B2DFC58',2,30,-73,-75.96666718,1.711691499
1502206768, '6392B6C5FB53',2,30,-51,-52.63333511,0.850287855
1502206768, '2D1032CDC2EC',3,27,-66,-66.74074554,0.812999606
1502206768, '459F7A08D5D7',2,28,-68,-69.71429443,1.181869984
,,,,,,
1502206828, 'F9632B2DFC58',2,28,-73,-77.64286804,3.898849487
1502206828, '6392B6C5FB53',2,30,-51,-51.79999924,0.484234273
1502206828, '2D1032CDC2EC',3,29,-65,-66.58621216,0.627765477
1502206828, '459F7A08D5D7',2,26,-68,-70.11537933,0.863804877
,,,,,,
1502206888, 'F9632B2DFC58',2,30,-77,-81.76667023,1.959648848
1502206888, '6392B6C5FB53',2,30,-51,-51.83333969,0.592092752
1502206888, '2D1032CDC2EC',3,28,-63,-67.39286041,1.3427248
1502206888, '459F7A08D5D7',2,28,-67,-68.96429443,1.261460185
,,,,,,
1502206948, 'F9632B2DFC58',2,24,-73,-79.79166412,2.501810789
1502206948, '6392B6C5FB53',2,29,-51,-52.51723862,0.828969479
1502206948, '2D1032CDC2EC',3,29,-66,-66.31033325,0.470824778
1502206948, '459F7A08D5D7',2,28,-67,-68.71427917,0.762896001
,,,,,,
1502207008, 'F9632B2DFC58',2,29,-66,-75.58621216,2.897256374
1502207008, '6392B6C5FB53',2,29,-52,-52.65517426,0.552646518
1502207008, '2D1032CDC2EC',3,30,-64,-67.09999847,0.758855224
1502207008, '459F7A08D5D7',2,28,-67,-68.89286804,1.133315086
,,,,,,
1502207068, 'F9632B2DFC58',2,29,-74,-77.37930298,1.934902906
1502207068, '6392B6C5FB53',2,30,-52,-52.90000153,0.547722399
1502207068, '2D1032CDC2EC',3,29,-66,-66.41379547,0.501230538
1502207068, '459F7A08D5D7',2,27,-68,-69.07407379,0.474417567
,,,,,,
1502207128, 'F9632B2DFC58',2,28,-72,-76.28572083,2.401495695
1502207128, '6392B6C5FB53',2,30,-52,-53.33333206,0.660894573
1502207128, '2D1032CDC2EC',3,30,-63,-66.43333435,0.817200541
1502207128, 'DAD655CD510A',2,30,-54,-54.96666336,0.182574332
,,,,,,
1502207188, 'F9632B2DFC58',2,27,-74,-76.22222137,1.450021148
1502207188, '6392B6C5FB53',2,30,-51,-52.8666687,1.479359865
1502207188, '2D1032CDC2EC',3,28,-66,-66.74999237,0.64549607
1502207188, '459F7A08D5D7',2,30,-68,-69.69999695,0.79437542
,,,,,,
1502207248, 'F9632B2DFC58',2,28,-73,-76.89286041,2.935597181
1502207248, '6392B6C5FB53',2,29,-49,-51.93103409,0.883622169
1502207248, '2D1032CDC2EC',3,29,-66,-66.93103027,0.593477905
1502207248, '459F7A08D5D7',2,28,-67,-68.39286804,0.916488647
,,,,,,
1502207308, 'F9632B2DFC58',2,28,-75,-77.25,1.236033559
1502207308, '2D1032CDC2EC',3,29,-66,-66.48274994,0.508547902
1502207308, '459F7A08D5D7',2,30,-68,-68.63333893,0.490132153
1502207308, 'DAD655CD510A',2,30,-54,-55.1333313,0.434172183
,,,,,,
1502207368, 'F9632B2DFC58',2,25,-75,-78.11999512,1.641137004
1502207368, '6392B6C5FB53',2,30,-52,-52.73333359,1.112106562
1502207368, '2D1032CDC2EC',3,28,-66,-66.96427917,0.792661488
1502207368, '459F7A08D5D7',2,29,-67,-68.13792419,0.693033218
,,,,,,
1502207428, 'F9632B2DFC58',2,26,-75,-76.19230652,1.327229381
1502207428, '6392B6C5FB53',2,30,-50,-51.39999771,1.037238121
1502207428, '2D1032CDC2EC',3,29,-66,-66.55171967,0.506120086
1502207428, '459F7A08D5D7',2,29,-68,-68.86207581,0.875222504
,,,,,,
1502207488, 'F9632B2DFC58',2,29,-74,-75.93103027,1.131719947
1502207488, '6392B6C5FB53',2,29,-50,-50.86206436,0.35093075
1502207488, '2D1032CDC2EC',3,29,-65,-66.10345459,0.409252197
1502207488, '459F7A08D5D7',2,29,-67,-68.24138641,1.21464777
,,,,,,
1502207548, 'F9632B2DFC58',2,29,-73,-77.31034851,2.037216425
1502207548, '6392B6C5FB53',2,29,-50,-52.10345078,1.496300936
1502207548, '2D1032CDC2EC',3,29,-65,-66.34482574,0.613880396
1502207548, '459F7A08D5D7',2,30,-66,-68.56665802,0.897638023
,,,,,,
1502207608, '6392B6C5FB53',2,28,-52,-52.8928566,0.416269779
1502207608, '2D1032CDC2EC',3,29,-66,-66.75862122,0.435495317
1502207608, '459F7A08D5D7',2,30,-69,-70.26667023,0.739679635
1502207608, 'DAD655CD510A',2,30,-55,-55.39999771,0.498272777
,,,,,,
1502207668, 'F9632B2DFC58',2,29,-73,-74.75861359,1.18487978
1502207668, '6392B6C5FB53',2,30,-52,-52.96667099,0.614948153
1502207668, '2D1032CDC2EC',3,29,-66,-66.96550751,0.565859377
1502207668, '459F7A08D5D7',2,27,-69,-70.48148346,1.155932903
,,,,,,
1502207728, 'F9632B2DFC58',2,29,-71,-72.24137878,0.830455065
1502207728, '6392B6C5FB53',2,30,-50,-51.80000305,1.242910862
1502207728, '2D1032CDC2EC',3,30,-66,-66.4666748,0.507417142
1502207728, '459F7A08D5D7',2,28,-69,-69.85714722,0.931517482
,,,,,,
1502207788, 'F9632B2DFC58',2,30,-71,-73.00001526,1.259438634
1502207788, '6392B6C5FB53',2,29,-51,-51.89655304,0.409252614
1502207788, '2D1032CDC2EC',3,29,-65,-66.17240906,0.601722598
1502207788, '459F7A08D5D7',2,29,-68,-70.03447723,0.905646026
,,,,,,
1502207848, 'F9632B2DFC58',2,30,-72,-75.66667175,1.582953215
1502207848, '6392B6C5FB53',2,30,-51,-51.76667023,0.678909719
1502207848, '459F7A08D5D7',2,27,-67,-68.37037659,0.629292071
1502207848, 'DAD655CD510A',2,30,-55,-55.5,0.508548141
,,,,,,
1502207908, 'F9632B2DFC58',2,26,-75,-77.11539459,1.107316613
1502207908, '6392B6C5FB53',2,29,-52,-52.41379166,0.501229763
1502207908, '459F7A08D5D7',2,28,-67,-67.67855835,1.334822655
1502207908, 'DAD655CD510A',2,30,-55,-56.10000229,0.40257901
,,,,,,
1502207968, 'F9632B2DFC58',2,28,-76,-77.32143402,0.904867709
1502207968, '6392B6C5FB53',2,30,-52,-52.66666031,0.546673179
1502207968, '2D1032CDC2EC',3,28,-65,-66.2142868,0.498675317
1502207968, '459F7A08D5D7',2,30,-67,-67.69999695,0.534984052
,,,,,,
1502208028, 'F9632B2DFC58',2,29,-72,-76.62068939,2.808330297
1502208028, '6392B6C5FB53',2,30,-52,-53.16667557,0.530667603
1502208028, '2D1032CDC2EC',3,30,-66,-66.19999695,0.406837702
1502208028, '459F7A08D5D7',2,30,-67,-68.7333374,0.868343592
,,,,,,
1502208088, 'F9632B2DFC58',2,27,-73,-76.11109924,1.739436269
1502208088, '6392B6C5FB53',2,28,-51,-52.10714722,0.916488469
1502208088, '2D1032CDC2EC',3,30,-65,-66.03333282,0.3198421
1502208088, '459F7A08D5D7',2,28,-68,-69.5,0.838870227
,,,,,,
1502208148, 'F9632B2DFC58',2,27,-72,-74.85185242,1.657235384
1502208148, '6392B6C5FB53',2,29,-50,-51.27586746,0.527565718
1502208148, '2D1032CDC2EC',3,29,-66,-66.20689392,0.412250251
1502208148, '459F7A08D5D7',2,27,-70,-72.22222137,1.717183471
,,,,,,
1502208208, 'F9632B2DFC58',2,27,-73,-76.11110687,2.846500397
1502208208, '6392B6C5FB53',2,29,-50,-50.99999619,0.377964735
1502208208, '2D1032CDC2EC',3,30,-66,-66.2666626,0.520832419
1502208208, '459F7A08D5D7',2,27,-70,-70.77776337,0.577349126
,,,,,,
1502208268, 'F9632B2DFC58',2,29,-69,-73.96551514,2.36768198
1502208268, '6392B6C5FB53',2,30,-51,-51.29999924,0.466091037
1502208268, '2D1032CDC2EC',3,29,-66,-66.31034851,0.470823646
1502208268, '459F7A08D5D7',2,28,-68,-69.74999237,0.700526536
,,,,,,
1502208328, 'F9632B2DFC58',2,23,-73,-77.26086426,2.434919834
1502208328, '6392B6C5FB53',2,29,-48,-50.51724625,1.021928787
1502208328, '2D1032CDC2EC',3,30,-66,-66.6333313,0.490132689
1502208328, '459F7A08D5D7',2,27,-67,-68.59259033,0.747264743
,,,,,,
5D358CDAED0D,,,,,,
,,,,,,
time,hwid,type,samples,maxRSSI,mean,stddev
1502208508, 'F9632B2DFC58',2,29,-71,-73.10345459,1.345490098
1502208508, '6392B6C5FB53',2,28,-51,-52.07142639,0.766356468
1502208508, '2D1032CDC2EC',3,29,-65,-66.17240906,0.601722062
1502208508, '459F7A08D5D7',2,27,-66,-67.44444275,1.219501615
,,,,,,
1502208568, 'F9632B2DFC58',2,30,-70,-71.16667175,0.461132884
1502208568, '6392B6C5FB53',2,30,-51,-51.90000153,0.547723293
1502208568, '2D1032CDC2EC',3,28,-66,-66.10714722,0.31496942
1502208568, '459F7A08D5D7',2,30,-67,-68.66666412,0.7580989
,,,,,,
1502208628, 'F9632B2DFC58',2,27,-69,-70.74073792,0.712124944
1502208628, '6392B6C5FB53',2,29,-50,-51.17240906,0.658405185
1502208628, '459F7A08D5D7',2,28,-67,-68.42856598,0.634126365
1502208628, '9A34ECDEA99E',2,30,-66,-66.83333588,0.874279678
,,,,,,
1502208688, 'F9632B2DFC58',2,28,-66,-71.10713196,2.671376944
1502208688, '6392B6C5FB53',2,30,-51,-51.56666946,0.504006863
1502208688, '2D1032CDC2EC',3,28,-66,-67.2142868,0.568110943
1502208688, '459F7A08D5D7',2,30,-67,-69.3666687,0.927859187
,,,,,,
1502208748, 'F9632B2DFC58',2,27,-71,-74.07408142,1.730407119
1502208748, '6392B6C5FB53',2,29,-49,-51.24137878,1.479748249
1502208748, '2D1032CDC2EC',3,29,-66,-67.00000763,0.654654562
1502208748, '459F7A08D5D7',2,30,-66,-68.16665649,0.698932946
,,,,,,
1502208808, 'F9632B2DFC58',2,28,-71,-72.75000763,1.294577003
1502208808, '6392B6C5FB53',2,29,-48,-50.37931442,1.399329305
1502208808, '459F7A08D5D7',2,30,-67,-68.3999939,1.328730226
1502208808, 'DAD655CD510A',2,30,-52,-52.6333313,0.668675184
,,,,,,
1502208868, '6392B6C5FB53',2,30,-50,-51.20000076,0.961321115
1502208868, '2D1032CDC2EC',3,30,-66,-66.53333282,0.571346641
1502208868, 'F9632B2DFC58',2,30,-69,-71.06666565,0.98026371
1502208868, 'DAD655CD510A',2,30,-53,-54.16666412,0.698932469
,,,,,,
1502208928, '6392B6C5FB53',2,30,-50,-50.46666718,0.507416129
1502208928, '2D1032CDC2EC',3,28,-65,-66.67856598,0.669635117
1502208928, 'F9632B2DFC58',2,28,-68,-69.50001526,1.170633912
1502208928, '459F7A08D5D7',2,24,-69,-71.41667175,1.348642826
,,,,,,
1502208988, '6392B6C5FB53',2,30,-50,-50.23333359,0.430183679
1502208988, '2D1032CDC2EC',3,29,-67,-67.27587128,0.454856128
1502208988, 'F9632B2DFC58',2,28,-68,-69.35713196,1.061596274
1502208988, '459F7A08D5D7',2,26,-69,-70.34616089,0.561591268
,,,,,,
1502209048, '2D1032CDC2EC',3,28,-66,-66.50000763,0.638284802
1502209048, 'F9632B2DFC58',2,30,-69,-70.26667023,0.639685154
1502209048, '6392B6C5FB53',2,28,-49,-50.03571701,0.331343561
1502209048, 'DAD655CD510A',2,28,-53,-54.8571434,0.448395222
,,,,,,
1502209108, '2D1032CDC2EC',3,29,-66,-67.17240143,0.539110422
1502209108, 'F9632B2DFC58',2,29,-69,-70.72414398,1.130628228
1502209108, '6392B6C5FB53',2,29,-50,-50.17241669,0.384425372
1502209108, '459F7A08D5D7',2,29,-69,-70.00000763,0.654654562
,,,,,,
1502209168, '2D1032CDC2EC',3,25,-66,-67.16000366,0.746100247
1502209168, 'F9632B2DFC58',2,29,-68,-70.41379547,1.086186051
1502209168, '6392B6C5FB53',2,30,-49,-50.83333206,0.592093587
1502209168, '459F7A08D5D7',2,29,-69,-70.24138641,0.830454469
,,,,,,
1502209228, '2D1032CDC2EC',3,29,-67,-67.93103027,0.529893994
1502209228, 'F9632B2DFC58',2,28,-68,-68.92856598,0.662687957
1502209228, '6392B6C5FB53',2,30,-50,-50.83333588,0.461132944
1502209228, '459F7A08D5D7',2,30,-69,-70.03333282,0.718395293
,,,,,,
1502209288, '2D1032CDC2EC',3,28,-67,-67.74999237,0.518186688
1502209288, 'F9632B2DFC58',2,29,-66,-67.86207581,0.742783666
1502209288, '6392B6C5FB53',2,30,-50,-50.39999771,0.563241959
1502209288, '459F7A08D5D7',2,28,-70,-70.46429443,0.50787431
,,,,,,
1502209348, 'F9632B2DFC58',2,29,-66,-67.89655304,0.724312961
1502209348, '6392B6C5FB53',2,30,-50,-50.56666946,0.56832099
1502209348, '459F7A08D5D7',2,28,-69,-70.14285278,0.705231488
1502209348, 'DAD655CD510A',2,30,-54,-54.76666641,0.430183381
,,,,,,
1502209408, 'F9632B2DFC58',2,29,-68,-70.65517426,1.369980812
1502209408, '6392B6C5FB53',2,30,-50,-50.73333359,0.784915388
1502209408, '459F7A08D5D7',2,29,-67,-69.82757568,0.966172457
1502209408, 'DAD655CD510A',2,26,-53,-54.76922607,0.651625097
,,,,,,
1502209468, '2D1032CDC2EC',3,30,-46,-52.33333588,6.768759251
1502209468, 'F9632B2DFC58',2,27,-66,-69.22222137,1.086040735
1502209468, '6392B6C5FB53',2,29,-48,-50.6896553,0.806378663
1502209468, '459F7A08D5D7',2,30,-66,-69.33333588,1.422317743
,,,,,,
1502209528, '2D1032CDC2EC',3,28,-47,-51.0357132,2.008908033
1502209528, 'F9632B2DFC58',2,30,-68,-69.93332672,1.014832377
1502209528, '6392B6C5FB53',2,30,-50,-50.59999847,0.498272955
1502209528, '459F7A08D5D7',2,29,-67,-67.99999237,0.96362257
,,,,,,
1502209588, '2D1032CDC2EC',3,29,-46,-46.58620834,0.982607603
1502209588, 'F9632B2DFC58',2,30,-68,-69.06666565,0.868343651
1502209588, '6392B6C5FB53',2,30,-49,-50.56666946,0.678909779
1502209588, '459F7A08D5D7',2,25,-67,-68.23999786,0.969536841
,,,,,,
1502209648, '2D1032CDC2EC',3,30,-46,-49.06666946,1.284745812
1502209648, 'F9632B2DFC58',2,29,-68,-69.58621216,1.118584156
1502209648, '6392B6C5FB53',2,30,-50,-51.13333511,0.628810167
1502209648, 'DAD655CD510A',2,30,-54,-54.43333435,0.504006863
,,,,,,
1502209708, '2D1032CDC2EC',3,30,-48,-50.1333313,1.525265932
1502209708, 'F9632B2DFC58',2,29,-68,-70.24138641,1.243702888
1502209708, '6392B6C5FB53',2,30,-50,-50.30000305,0.534983695
1502209708, '459F7A08D5D7',2,28,-67,-68.17857361,0.862964809
,,,,,,
1502209768, '2D1032CDC2EC',3,30,-48,-51.26666641,1.41258657
1502209768, '6392B6C5FB53',2,29,-49,-50.41378784,0.86673516
1502209768, '459F7A08D5D7',2,28,-67,-68.03570557,0.63724649
1502209768, 'DAD655CD510A',2,28,-54,-54.3928566,0.497347325
,,,,,,
1502209828, '2D1032CDC2EC',3,28,-49,-51.7142868,1.583644509
1502209828, 'F9632B2DFC58',2,24,-66,-73.08333588,6.296419621
1502209828, '6392B6C5FB53',2,30,-49,-49.93333435,0.365148246
1502209828, '459F7A08D5D7',2,29,-66,-68.44828796,1.182796955
,,,,,,
1502209888, '2D1032CDC2EC',3,30,-41,-46.93333435,4.322621822
1502209888, 'F9632B2DFC58',2,28,-68,-69.14286804,1.044003844
1502209888, '6392B6C5FB53',2,30,-50,-51.46666718,0.973204732
1502209888, '459F7A08D5D7',2,29,-67,-68.65517426,0.973797917
,,,,,,
1502210008, '2D1032CDC2EC',3,29,-52,-57.03448105,3.005741119
1502210008, 'F9632B2DFC58',2,29,-66,-68.96552277,0.981352687
1502210008, '6392B6C5FB53',2,30,-50,-50.6333313,0.556054473
1502210008, '459F7A08D5D7',2,29,-66,-67.41379547,0.682285666
,,,,,,
1502210068, '2D1032CDC2EC',3,30,-48,-52.06666565,3.722563028
1502210068, 'F9632B2DFC58',2,28,-69,-70.03570557,0.881166399
1502210068, '6392B6C5FB53',2,30,-48,-50.39999771,1.037237406
1502210068, '459F7A08D5D7',2,29,-67,-68.79310608,0.861034334
,,,,,,
1502210128, '2D1032CDC2EC',3,30,-45,-50.56666946,3.047704935
1502210128, 'F9632B2DFC58',2,30,-68,-70.53333282,1.960530877
1502210128, '6392B6C5FB53',2,29,-49,-50.10344696,0.772048712
1502210128, '459F7A08D5D7',2,20,-67,-69.80001831,3.071088076
,,,,,,
1502210188, '2D1032CDC2EC',3,29,-52,-55.44827652,3.257805824
1502210188, 'F9632B2DFC58',2,28,-71,-73.35714722,1.928620577
1502210188, '6392B6C5FB53',2,29,-50,-50.13793564,0.350932121
1502210188, '459F7A08D5D7',2,29,-69,-69.9310379,0.798705935
,,,,,,
1502210248, '2D1032CDC2EC',3,29,-46,-49.72414398,3.092579365
1502210248, 'F9632B2DFC58',2,25,-70,-72.32000732,1.519869804
1502210248, '6392B6C5FB53',2,29,-50,-50.65516663,0.720905304
1502210248, 'DAD655CD510A',2,29,-54,-55.17241287,0.539110899
,,,,,,
1502210248, '2D1032CDC2EC',3,29,-46,-49.72414398,3.092579365
1502210248, 'F9632B2DFC58',2,25,-70,-72.32000732,1.519869804
1502210248, '6392B6C5FB53',2,29,-50,-50.65516663,0.720905304
1502210248, 'DAD655CD510A',2,29,-54,-55.17241287,0.539110899
,,,,,,
1502210308, '2D1032CDC2EC',3,30,-45,-46.40000153,0.674665689
1502210308, 'F9632B2DFC58',2,28,-70,-71.82142639,1.492041469
1502210308, '6392B6C5FB53',2,29,-51,-51.24138641,0.435494393
1502210308, 'DAD655CD510A',2,30,-55,-55.76666641,0.43018204
,,,,,,
1502210368, '2D1032CDC2EC',3,29,-46,-47.20689392,0.726012111
1502210368, 'F9632B2DFC58',2,29,-71,-71.93105316,0.923161566
1502210368, '6392B6C5FB53',2,29,-50,-51.13793182,0.515761733
1502210368, 'DAD655CD510A',2,30,-55,-56.29999542,0.595962286
,,,,,,
1502210428, '2D1032CDC2EC',3,30,-47,-47.56666946,0.626062632
1502210428, '6392B6C5FB53',2,30,-50,-51.20000076,0.550861537
1502210428, 'DAD655CD510A',2,30,-55,-55.90000153,0.480660528
1502210428, '9A34ECDEA99E',2,29,-69,-71.86207581,1.884599328
,,,,,,
1502210488, '2D1032CDC2EC',3,29,-47,-47.82758713,0.468200475
1502210488, 'F9632B2DFC58',2,30,-70,-71.83333588,0.912869573
1502210488, '6392B6C5FB53',2,30,-50,-50.90000534,0.402577013
1502210488, 'DAD655CD510A',2,29,-55,-55.9310379,0.257880479
,,,,,,
1502210548, '2D1032CDC2EC',3,30,-47,-48.73332977,1.201531649
1502210548, 'F9632B2DFC58',2,26,-65,-68.92308044,3.211520672
1502210548, '6392B6C5FB53',2,28,-50,-51,0.272165388
1502210548, 'DAD655CD510A',2,29,-55,-55.65516663,0.552646875
,,,,,,
1502210608, '2D1032CDC2EC',3,30,-45,-48.33332825,1.184188604
1502210608, 'F9632B2DFC58',2,26,-66,-67.00000763,0.632456422
1502210608, '6392B6C5FB53',2,29,-51,-51.55173111,0.506120265
1502210608, 'DAD655CD510A',2,29,-55,-55.72413635,0.454858512
,,,,,,
1502210668, '2D1032CDC2EC',3,29,-47,-49.79310226,1.264326215
1502210668, 'F9632B2DFC58',2,28,-66,-67.14285278,0.803431749
1502210668, 'DAD655CD510A',2,27,-55,-55.96295929,0.517500103
1502210668, '9A34ECDEA99E',2,28,-68,-69.7857132,1.343217134
,,,,,,
1502210728, 'F9632B2DFC58',2,29,-66,-67.79309845,0.773642719
1502210728, '6392B6C5FB53',2,28,-49,-50.5,0.693889081
1502210728, '2D1032CDC2EC',3,30,-49,-49.46666718,0.730296493
1502210728, 'DAD655CD510A',2,29,-55,-55.82758331,0.384425014
,,,,,,
1502210788, 'F9632B2DFC58',2,29,-66,-67.55172729,0.685887456
1502210788, '6392B6C5FB53',2,30,-49,-50.8666687,0.628810406
1502210788, '2D1032CDC2EC',3,30,-45,-47.93333435,1.855715394
1502210788, 'DAD655CD510A',2,30,-55,-55.60000229,0.49827221
,,,,,,
1502210848, 'F9632B2DFC58',2,30,-66,-67.0333252,0.71839267
1502210848, '6392B6C5FB53',2,29,-47,-49.82758713,0.889178336
1502210848, '2D1032CDC2EC',3,30,-50,-53.09999847,2.856933594
1502210848, 'DAD655CD510A',2,29,-54,-55.13792419,0.58089298
,,,,,,
1502210908, 'F9632B2DFC58',2,29,-66,-66.62068939,0.676851511
1502210908, '6392B6C5FB53',2,27,-50,-51.22222137,0.577352107
1502210908, '2D1032CDC2EC',3,30,-53,-58.40000153,2.749294281
1502210908, 'DAD655CD510A',2,30,-53,-54.99999237,0.454860628
,,,,,,
1502210968, '6392B6C5FB53',2,30,-50,-51.20000458,0.484234542
1502210968, '2D1032CDC2EC',3,29,-52,-54.82758331,2.172372818
1502210968, 'DAD655CD510A',2,27,-55,-55.51852036,0.509175599
1502210968, '9A34ECDEA99E',2,29,-68,-70.72414398,1.161791801
,,,,,,
1502211028, '6392B6C5FB53',2,30,-49,-51.23333359,1.104328036
1502211028, '2D1032CDC2EC',3,29,-44,-51.10345078,4.2957201
1502211028, 'DAD655CD510A',2,30,-53,-55.33332825,0.66089505
1502211028, '459F7A08D5D7',2,27,-68,-69.88887787,1.339730263
,,,,,,
1502211088, 'F9632B2DFC58',2,29,-66,-67.27587128,0.996295691
1502211088, '6392B6C5FB53',2,29,-50,-51.44827652,1.055129647
1502211088, '2D1032CDC2EC',3,30,-44,-45.03332901,0.490133852
1502211088, 'DAD655CD510A',2,30,-55,-55.70000458,0.46608901
,,,,,,
1502211148, 'F9632B2DFC58',2,29,-67,-68.5172348,0.737793386
1502211148, '6392B6C5FB53',2,30,-50,-52.00000381,0.6948089
1502211148, '2D1032CDC2EC',3,30,-45,-46.43333435,2.062528372
1502211148, 'DAD655CD510A',2,30,-55,-55.56666565,0.504007041
,,,,,,
1502211208, 'F9632B2DFC58',2,29,-66,-67.75862122,0.786275089
1502211208, '6392B6C5FB53',2,30,-50,-50.83332825,0.698932827
1502211208, '2D1032CDC2EC',3,29,-49,-49.34482574,0.483725458
1502211208, 'DAD655CD510A',2,28,-54,-55.1071434,0.416268587
,,,,,,
1502211268, '6392B6C5FB53',2,30,-50,-50.86666107,0.628810883
1502211268, 'F9632B2DFC58',2,28,-67,-68.2142868,0.629941106
1502211268, '2D1032CDC2EC',3,30,-48,-49.1333313,0.819308281
1502211268, 'DAD655CD510A',2,30,-55,-55,0
,,,,,,
1502211328, '6392B6C5FB53',2,29,-47,-50.93103027,0.883621633
1502211328, 'F9632B2DFC58',2,29,-67,-68.41379547,0.866736591
1502211328, '2D1032CDC2EC',3,29,-49,-50.5172348,0.828970611
1502211328, 'DAD655CD510A',2,30,-54,-55.06666565,0.449776471
,,,,,,
1502211388, '6392B6C5FB53',2,30,-50,-51.7333374,0.784915745
1502211388, 'F9632B2DFC58',2,28,-67,-68.67856598,1.123933434
1502211388, '2D1032CDC2EC',3,30,-48,-49.93333054,1.680175662
1502211388, 'DAD655CD510A',2,28,-54,-54.75,0.518187881
,,,,,,
1502211448, '6392B6C5FB53',2,30,-50,-51.36666489,0.808716953
1502211448, 'F9632B2DFC58',2,28,-67,-69.67857361,1.540888786
1502211448, '2D1032CDC2EC',3,30,-47,-50.8999939,1.971344948
1502211448, 'DAD655CD510A',2,30,-54,-54.70000458,0.794374466
,,,,,,
1502211508, '6392B6C5FB53',2,30,-50,-51.59999847,0.894427657
1502211508, 'F9632B2DFC58',2,29,-67,-68.75862122,1.327057481
1502211508, '2D1032CDC2EC',3,29,-48,-49.48276138,1.089584589
1502211508, 'DAD655CD510A',2,29,-54,-55.65516663,0.613878906
,,,,,,
1502211568, '6392B6C5FB53',2,29,-51,-51.62069321,0.493803471
1502211568, 'F9632B2DFC58',2,28,-68,-68.92857361,0.716401815
1502211568, '2D1032CDC2EC',3,29,-49,-49.48275757,0.508546829
1502211568, 'DAD655CD510A',2,29,-54,-54.62068939,0.493803561
,,,,,,
1502211628, '6392B6C5FB53',2,30,-51,-51.70000458,0.466090053
1502211628, 'F9632B2DFC58',2,26,-68,-69.30770111,0.735893726
1502211628, '2D1032CDC2EC',3,30,-48,-49.09999847,0.480660379
1502211628, 'DAD655CD510A',2,30,-54,-54.2333374,0.430183202
,,,,,,
1502211688, '2D1032CDC2EC',3,27,-49,-49.48148346,0.509174407
1502211688, 'DAD655CD510A',2,29,-54,-54.20689774,0.412249923
1502211688, '6392B6C5FB53',2,30,-50,-51.93333435,0.691491604
1502211688, '459F7A08D5D7',2,28,-68,-70.78570557,1.197436571
,,,,,,
1502211748, '2D1032CDC2EC',3,29,-49,-52.58620834,3.775079966
1502211748, 'DAD655CD510A',2,30,-53,-54.83333588,0.698931038
1502211748, '6392B6C5FB53',2,30,-50,-51.33332825,1.061337113
1502211748, '459F7A08D5D7',2,26,-66,-70.23077393,3.829440594
,,,,,,
1502211808, '2D1032CDC2EC',3,30,-54,-58.36666489,1.607812047
1502211808, 'DAD655CD510A',2,30,-53,-54.8666687,0.507416785
1502211808, '6392B6C5FB53',2,30,-51,-52.33333206,0.711161554
1502211808, '459F7A08D5D7',2,29,-70,-74.34481812,2.931064129
,,,,,,
1502211868, '2D1032CDC2EC',3,30,-53,-56.96666718,1.607811451
1502211868, 'DAD655CD510A',2,30,-54,-55.46666336,0.681445539
1502211868, '6392B6C5FB53',2,30,-49,-51.63333893,0.889918745
1502211868, '459F7A08D5D7',2,30,-66,-68.50000763,1.196258545
,,,,,,
1502211928, '2D1032CDC2EC',3,30,-47,-55.50000763,3.839450836
1502211928, 'DAD655CD510A',2,29,-55,-55.6896553,0.541390121
1502211928, '6392B6C5FB53',2,28,-50,-51.2857132,0.658682406
1502211928, '459F7A08D5D7',2,29,-67,-68.65516663,0.973792911
,,,,,,
1502211988, '2D1032CDC2EC',3,29,-48,-52.27585983,3.358322382
1502211988, 'DAD655CD510A',2,30,-55,-55.93333817,0.583292186
1502211988, '6392B6C5FB53',2,29,-49,-50.27586365,0.840771616
1502211988, '459F7A08D5D7',2,29,-66,-67.58620453,1.086186171
,,,,,,
1502212048, '2D1032CDC2EC',3,29,-54,-54.96551514,0.905649006
1502212048, '6392B6C5FB53',2,30,-50,-50,0
1502212048, '459F7A08D5D7',2,30,-66,-66.8666687,0.571346223
1502212048, '9A34ECDEA99E',2,29,-66,-67.03448486,1.179672003
,,,,,,
1502212108, '2D1032CDC2EC',3,30,-53,-56.33333206,2.963377714
1502212108, '6392B6C5FB53',2,30,-50,-50.76667023,1.040004015
1502212108, '459F7A08D5D7',2,26,-67,-68.84616089,2.110776424
1502212108, 'DAD655CD510A',2,28,-55,-55.32143402,0.611831784
,,,,,,
1502212168, '2D1032CDC2EC',3,30,-54,-59.2333374,3.616851568
1502212168, '6392B6C5FB53',2,30,-50,-50.73333359,0.784915268
1502212168, '459F7A08D5D7',2,30,-69,-70.99999237,0.94686389
1502212168, 'DAD655CD510A',2,29,-55,-55.96551514,0.680479944
,,,,,,
1502212228, '2D1032CDC2EC',3,30,-53,-56.56666946,3.202190638
1502212228, '6392B6C5FB53',2,29,-50,-50.96551895,0.625799417
1502212228, '459F7A08D5D7',2,30,-69,-71.7333374,1.484015226
1502212228, 'DAD655CD510A',2,30,-55,-55.06666183,0.253708065
,,,,,,
1502212288, '2D1032CDC2EC',3,28,-49,-53.1428566,2.46026516
1502212288, '6392B6C5FB53',2,30,-50,-50.53333282,0.571346879
1502212288, '459F7A08D5D7',2,28,-69,-70.35714722,1.02611506
1502212288, 'DAD655CD510A',2,26,-55,-55.96154022,0.823687792
,,,,,,
1502212348, '2D1032CDC2EC',3,29,-50,-52.96551895,3.005741119
1502212348, '6392B6C5FB53',2,29,-50,-51.0689621,0.703615248
1502212348, '459F7A08D5D7',2,28,-69,-70.7857132,0.956735075
1502212348, 'DAD655CD510A',2,28,-54,-55.99999619,0.942809224
,,,,,,
1502212408, '6392B6C5FB53',2,30,-50,-51.5,0.900192678
1502212408, '459F7A08D5D7',2,28,-69,-70.0357132,1.201299787
1502212408, 'DAD655CD510A',2,29,-53,-55.17241287,0.759181082
1502212408, '9A34ECDEA99E',2,30,-66,-66.90000153,0.547722757
,,,,,,
1502212468, '6392B6C5FB53',2,30,-52,-52.93333817,0.52082932
1502212468, '459F7A08D5D7',2,29,-68,-69.34482574,0.669533253
1502212468, 'DAD655CD510A',2,29,-54,-54.93103027,0.2578803
1502212468, '9A34ECDEA99E',2,29,-66,-66.75860596,0.510961175
,,,,,,
1502212528, '6392B6C5FB53',2,29,-52,-52.89655304,0.673202991
1502212528, '459F7A08D5D7',2,29,-69,-70.72414398,0.959781647
1502212528, 'DAD655CD510A',2,30,-54,-55.29999542,0.749711812
1502212528, '9A34ECDEA99E',2,28,-66,-66.71427917,0.658682406
,,,,,,
1502212588, 'DAD655CD510A',2,30,-55,-55.66666794,0.606478155
1502212588, '9A34ECDEA99E',2,30,-66,-67.09999847,1.09387219
1502212588, '94DC6692F976',3,28,-55,-61.25,2.976762533
1502212588, '2D1032CDC2EC',3,30,-50,-50.66666412,0.546672404
,,,,,,
1502212648, '6392B6C5FB53',2,30,-51,-52.5,0.629722774
1502212648, '459F7A08D5D7',2,30,-69,-70.73332977,1.048262954
1502212648, 'DAD655CD510A',2,29,-55,-55.7586174,0.435494483
1502212648, '9A34ECDEA99E',2,30,-66,-67.49999237,0.861032784
,,,,,,
1502212708, '6392B6C5FB53',2,30,-52,-52.76666641,0.568321109
1502212708, '459F7A08D5D7',2,30,-69,-70.56667328,0.971430302
1502212708, 'DAD655CD510A',2,29,-55,-55.58621216,0.568030596
1502212708, '9A34ECDEA99E',2,29,-66,-66.75862122,0.576639414
,,,,,,
1502212768, '6392B6C5FB53',2,30,-50,-52.46665955,1.479361176
1502212768, '459F7A08D5D7',2,30,-69,-70.73332977,1.080655456
1502212768, 'DAD655CD510A',2,30,-54,-54.79999924,0.484234393
1502212768, '9A34ECDEA99E',2,28,-66,-68.46427917,1.666272163
,,,,,,
1502212828, '6392B6C5FB53',2,29,-52,-52.72414017,0.64898479
1502212828, '459F7A08D5D7',2,29,-68,-69.17240906,1.00246048
1502212828, 'DAD655CD510A',2,30,-54,-55.46666336,0.730297506
1502212828, '9A34ECDEA99E',2,29,-67,-68.37931824,1.115275502
,,,,,,
1502212888, '6392B6C5FB53',2,30,-51,-51.79999924,0.66436404
1502212888, '459F7A08D5D7',2,30,-67,-69.90000153,1.061878085
1502212888, 'DAD655CD510A',2,27,-54,-54.70370102,0.541707754
1502212888, '9A34ECDEA99E',2,30,-66,-67.93333435,0.944432557
,,,,,,
1502212948, '6392B6C5FB53',2,30,-50,-51.36666489,0.808716953
1502212948, '459F7A08D5D7',2,29,-69,-70.44828033,1.152208805
1502212948, 'DAD655CD510A',2,30,-54,-55.09999847,0.607425213
1502212948, '9A34ECDEA99E',2,29,-66,-67.93103027,0.883621991
,,,,,,
1502213008, '6392B6C5FB53',2,30,-52,-52.66666794,0.47946319
1502213008, '459F7A08D5D7',2,28,-68,-70.46429443,1.318868279
1502213008, 'DAD655CD510A',2,30,-54,-55.06666565,0.365148455
1502213008, '94DC6692F976',3,30,-57,-58.03332901,0.850287676
,,,,,,
1502213068, '6392B6C5FB53',2,29,-51,-52.17241287,0.601721466
1502213068, 'DAD655CD510A',2,30,-54,-55.03332901,0.319842875
1502213068, '9A34ECDEA99E',2,30,-66,-67.33333588,0.922265947
1502213068, '94DC6692F976',3,29,-55,-59.44828033,2.599259615
,,,,,,
1502213128, '6392B6C5FB53',2,29,-50,-51.65517807,0.768854678
1502213128, '459F7A08D5D7',2,30,-68,-69.6333313,0.808716416
1502213128, 'DAD655CD510A',2,29,-55,-55.13793182,0.350931138
1502213128, '9A34ECDEA99E',2,29,-65,-66.20689392,0.559292376
,,,,,,
1502213188, '6392B6C5FB53',2,30,-50,-51.36666107,0.668678641
1502213188, '459F7A08D5D7',2,30,-70,-70.76665497,0.817199349
1502213188, 'DAD655CD510A',2,30,-55,-55.03333282,0.182574183
1502213188, '9A34ECDEA99E',2,27,-66,-66.22222137,0.423659354
,,,,,,
1502213248, '6392B6C5FB53',2,30,-52,-52.1333313,0.345745713
1502213248, '459F7A08D5D7',2,28,-69,-70.03570557,0.692934692
1502213248, 'DAD655CD510A',2,30,-55,-55.1333313,0.345745623
1502213248, '9A34ECDEA99E',2,29,-66,-66.31035614,0.470823258
,,,,,,
1502213308, '6392B6C5FB53',2,30,-52,-52.03333664,0.182574272
1502213308, '459F7A08D5D7',2,30,-69,-70.59999847,0.894425869
1502213308, 'DAD655CD510A',2,29,-55,-55.68965149,0.470823199
1502213308, '9A34ECDEA99E',2,28,-65,-66.10714722,0.737327456
,,,,,,
1502213368, '6392B6C5FB53',2,29,-51,-51.44827652,0.572351456
1502213368, '459F7A08D5D7',2,30,-68,-70.59999847,1.476250052
1502213368, 'DAD655CD510A',2,30,-55,-56.03333664,0.319841981
1502213368, '94DC6692F976',3,30,-56,-59.09999466,1.539144158
,,,,,,
1502213428, '6392B6C5FB53',2,29,-50,-51.75862122,0.576638579
1502213428, '459F7A08D5D7',2,29,-69,-69.55171204,0.685889304
1502213428, 'DAD655CD510A',2,30,-55,-56.06666565,0.583292782
1502213428, '9A34ECDEA99E',2,27,-66,-67.8888855,1.502133608
,,,,,,
1502213488, '6392B6C5FB53',2,29,-51,-51.58620834,0.501229763
1502213488, '459F7A08D5D7',2,29,-67,-69,0.886405885
1502213488, 'DAD655CD510A',2,27,-55,-55.66666031,0.554699004
1502213488, '9A34ECDEA99E',2,30,-67,-68.03333282,0.927858114
,,,,,,
1502213548, '6392B6C5FB53',2,30,-48,-51.53333282,0.81930697
1502213548, 'DAD655CD510A',2,30,-55,-55.56666946,0.568318844
1502213548, '9A34ECDEA99E',2,29,-66,-68.82759094,0.966176689
1502213548, '94DC6692F976',3,29,-56,-60.7586174,2.262350321
,,,,,,
1502213608, '6392B6C5FB53',2,28,-51,-51.49999619,0.509173393
1502213608, 'DAD655CD510A',2,30,-55,-56.03333664,0.413840979
1502213608, '9A34ECDEA99E',2,30,-66,-68.40000153,1.220515966
1502213608, '94DC6692F976',3,30,-57,-62.43333054,2.17641449
,,,,,,
1502213668, 'DAD655CD510A',2,27,-55,-56.29629135,0.541710138
1502213668, '9A34ECDEA99E',2,29,-68,-69.82759094,0.889178395
1502213668, '94DC6692F976',3,30,-55,-57.60000229,2.010318041
1502213668, '6392B6C5FB53',2,30,-50,-50.53333282,0.507416904
,,,,,,
1502213728, 'DAD655CD510A',2,27,-56,-56.81481552,0.483340651
1502213728, '94DC6692F976',3,30,-55,-56.1000061,0.959525645
1502213728, '6392B6C5FB53',2,30,-50,-50.09999847,0.305128515
1502213728, '9A34ECDEA99E',2,27,-67,-69.85185242,1.099081039
,,,,,,
1502213788, 'DAD655CD510A',2,30,-56,-56.2666626,0.449774802
1502213788, '94DC6692F976',3,28,-55,-55.74999619,0.518187881
1502213788, '6392B6C5FB53',2,30,-50,-50.46666718,0.50741595
1502213788, '459F7A08D5D7',2,28,-68,-69.28572083,0.937179267
,,,,,,
1502213848, 'DAD655CD510A',2,29,-55,-55.93103027,0.257880241
1502213848, '94DC6692F976',3,29,-55,-62,4.326001644
1502213848, '6392B6C5FB53',2,30,-50,-51.13333511,0.730296671
1502213848, '459F7A08D5D7',2,29,-69,-71.17241669,1.691764474
,,,,,,
1502213908, 'DAD655CD510A',2,29,-55,-55.93103409,0.257880449
1502213908, '94DC6692F976',3,29,-61,-65.51725006,2.181429863
1502213908, '6392B6C5FB53',2,29,-50,-50.62068558,0.493804365
1502213908, '459F7A08D5D7',2,27,-69,-69.59259033,0.693889856
,,,,,,
1502213968, 'DAD655CD510A',2,30,-55,-55.96666336,0.182574391
1502213968, '94DC6692F976',3,30,-56,-58.53333282,1.995396495
1502213968, '6392B6C5FB53',2,30,-49,-49.89999771,0.803011119
1502213968, '459F7A08D5D7',2,28,-69,-70.10715485,0.956047475
,,,,,,
1502214028, 'DAD655CD510A',2,30,-56,-56.23333359,0.430183113
1502214028, '94DC6692F976',3,30,-59,-61.06666565,1.529780388
1502214028, '6392B6C5FB53',2,29,-49,-51.03448486,0.731081069
1502214028, '9A34ECDEA99E',2,27,-69,-70.18518066,0.833760977
,,,,,,
1502214088, 'DAD655CD510A',2,29,-55,-56.06896591,0.37139073
1502214088, '94DC6692F976',3,30,-59,-60.3666687,0.668675303
1502214088, '6392B6C5FB53',2,29,-50,-51.13793182,0.515761435
1502214088, '459F7A08D5D7',2,29,-68,-69.06896973,0.529893637
,,,,,,
1502214148, 'DAD655CD510A',2,30,-56,-56.16666412,0.37904951
1502214148, '94DC6692F976',3,29,-59,-63.06896591,2.914632797
1502214148, '6392B6C5FB53',2,30,-50,-51.16666794,0.530668974
1502214148, '459F7A08D5D7',2,29,-67,-68.68965149,0.96744895
,,,,,,
1502214208, 'DAD655CD510A',2,30,-55,-56.06666183,0.365148515
1502214208, '94DC6692F976',3,29,-54,-60.51724243,1.703372478
1502214208, '6392B6C5FB53',2,29,-50,-50.99999619,0.267261773
1502214208, '9A34ECDEA99E',2,27,-69,-72.25925446,1.583385944
,,,,,,
1502214268, 'DAD655CD510A',2,28,-56,-56.2142868,0.417854786
1502214268, '94DC6692F976',3,29,-56,-59.34482956,1.470565438
1502214268, '6392B6C5FB53',2,29,-50,-51.00000381,0.377964795
1502214268, '459F7A08D5D7',2,24,-68,-69.00000763,0.294884831
,,,,,,
1502214328, 'DAD655CD510A',2,28,-56,-56.0357132,0.188982233
1502214328, '94DC6692F976',3,28,-54,-59.17857361,1.389207006
1502214328, '6392B6C5FB53',2,30,-50,-50.93333817,0.253707975
1502214328, '459F7A08D5D7',2,29,-68,-68.79309845,0.491307765
,,,,,,
1502214388, 'DAD655CD510A',2,30,-56,-56.06666565,0.253708422
1502214388, '94DC6692F976',3,30,-58,-59.26666641,1.080655575
1502214388, '6392B6C5FB53',2,30,-51,-51.73333359,0.449776202
1502214388, '459F7A08D5D7',2,29,-68,-68.86206055,0.350928187
,,,,,,
1502214448, 'DAD655CD510A',2,29,-55,-56.6896553,0.603764474
1502214448, '94DC6692F976',3,27,-56,-60.1481514,2.143033981
1502214448, '6392B6C5FB53',2,29,-51,-51.96551514,0.325440228
1502214448, '459F7A08D5D7',2,27,-68,-69.11110687,0.800642669
,,,,,,
5D358CDAED0D,,,,,,
,,,,,,
time,hwid,type,samples,maxRSSI,mean,stddev
1502214568, 'DAD655CD510A',2,30,-55,-56.03333282,0.556052804
1502214568, '94DC6692F976',3,30,-52,-56.23333359,3.234334946
1502214568, '6392B6C5FB53',2,29,-50,-50.86206818,0.44111371
1502214568, '459F7A08D5D7',2,29,-68,-69.55171967,1.270158291
,,,,,,
1502214628, 'DAD655CD510A',2,29,-55,-55.48275757,0.508548558
1502214628, '94DC6692F976',3,27,-50,-57.74074554,4.1286273
1502214628, '6392B6C5FB53',2,29,-50,-50.96551895,0.421117306
1502214628, '459F7A08D5D7',2,29,-67,-68.4827652,0.737791777
,,,,,,
1502214688, 'DAD655CD510A',2,28,-55,-55.32143402,0.475594938
1502214688, '94DC6692F976',3,29,-57,-58.41379547,1.476415515
1502214688, '6392B6C5FB53',2,30,-51,-51.39999771,0.49827224
1502214688, '459F7A08D5D7',2,26,-68,-68.61539459,0.752432883
,,,,,,
1502214748, 'DAD655CD510A',2,29,-55,-55.17240906,0.468201607
1502214748, '94DC6692F976',3,29,-49,-58.06896973,2.034190655
1502214748, '6392B6C5FB53',2,28,-50,-51.10713959,0.416269064
1502214748, '459F7A08D5D7',2,29,-66,-68.13793182,1.025536776
,,,,,,
1502214808, 'DAD655CD510A',2,28,-55,-56.42857361,0.572749853
1502214808, '94DC6692F976',3,30,-52,-54.36666489,1.129031062
1502214808, '6392B6C5FB53',2,30,-50,-51.1000061,0.402577192
1502214808, '459F7A08D5D7',2,28,-65,-69.67855835,1.678923726
,,,,,,
1502214868, 'DAD655CD510A',2,29,-54,-55.82758713,0.658405304
1502214868, '94DC6692F976',3,29,-53,-54.48275757,0.828971088
1502214868, '6392B6C5FB53',2,27,-51,-51.44444656,0.80064106
1502214868, '459F7A08D5D7',2,29,-68,-69.48274994,0.737789035
,,,,,,
1502214928, 'DAD655CD510A',2,30,-54,-54.80000305,0.406838566
1502214928, '94DC6692F976',3,28,-54,-54.5,0.50917542
1502214928, '6392B6C5FB53',2,30,-52,-52.26667023,0.449776322
1502214928, '459F7A08D5D7',2,29,-68,-69,0.707106888
,,,,,,
1502214988, 'DAD655CD510A',2,30,-54,-54.99999619,0.946865559
1502214988, '94DC6692F976',3,30,-54,-59.33332825,5.319668293
1502214988, '6392B6C5FB53',2,30,-52,-52.63333893,0.556052268
1502214988, '459F7A08D5D7',2,29,-67,-69.10344696,1.970221519
,,,,,,
1502215048, 'DAD655CD510A',2,29,-56,-56.20689774,0.412250996
1502215048, '94DC6692F976',3,29,-54,-63.89654922,4.011988163
1502215048, '6392B6C5FB53',2,30,-50,-52.2666626,0.739678919
1502215048, '459F7A08D5D7',2,29,-67,-69.10345459,1.01224041
,,,,,,
1502215108, 'DAD655CD510A',2,28,-55,-55.8928566,0.416269064
1502215108, '94DC6692F976',3,27,-53,-58.77777863,4.917263508
1502215108, '6392B6C5FB53',2,29,-50,-51.0689621,0.703614354
1502215108, '459F7A08D5D7',2,29,-67,-69.13793182,1.355521202
,,,,,,
1502215168, 'DAD655CD510A',2,30,-55,-56.13333511,0.434172571
1502215168, '94DC6692F976',3,30,-50,-57.13333893,6.683657169
1502215168, '6392B6C5FB53',2,30,-49,-50.06666946,0.691491604
1502215168, '459F7A08D5D7',2,28,-67,-68.57142639,1.66508019
,,,,,,
1502215199, '000000000000',0,0,0,0,0
1502215199, '000000000000',0,0,0,0,0
1502215199, '000000000000',0,0,0,0,0
1502215199, '000000000000',0,0,0,0,0
,,,,,,
1502215259, 'DAD655CD510A',2,30,-51,-51.90000153,0.305128574
1502215259, '94DC6692F976',3,30,-49,-52.09999847,1.028893232
1502215259, 'F9632B2DFC58',2,27,-71,-73.29629517,1.23459065
1502215259, '6392B6C5FB53',2,30,-44,-44.76667023,0.430184066
,,,,,,
1502215319, '9A34ECDEA99E',2,30,-58,-58.86666489,0.345745891
1502215319, '2D1032CDC2EC',3,30,-51,-52.53333282,2.255007505
1502215319, 'DAD655CD510A',2,30,-52,-51.96666336,0.182574347
1502215319, '94DC6692F976',3,30,-51,-52.26666641,0.739678085
,,,,,,
1502215379, '459F7A08D5D7',2,28,-62,-63.4642868,1.170063019
1502215379, '9A34ECDEA99E',2,30,-56,-59.09999847,1.583317995
1502215379, 'DAD655CD510A',2,30,-51,-52.56666565,0.626062334
1502215379, '94DC6692F976',3,29,-45,-50.51723862,3.680257559
,,,,,,
1502215439, '459F7A08D5D7',2,30,-62,-64.3666687,1.098065138
1502215439, '9A34ECDEA99E',2,30,-56,-57.83333206,1.743625045
1502215439, 'DAD655CD510A',2,30,-49,-52.13332748,0.97320354
1502215439, '94DC6692F976',3,29,-45,-48.96551895,2.291018724
,,,,,,
1502215499, '459F7A08D5D7',2,30,-63,-64.43331909,1.135127306
1502215499, '9A34ECDEA99E',2,30,-56,-58.60000229,1.328725696
1502215499, 'DAD655CD510A',2,30,-51,-51.96667099,0.614947617
1502215499, '94DC6692F976',3,30,-46,-48.46666336,1.814373612
,,,,,,
1502215559, '9A34ECDEA99E',2,30,-56,-56.76667023,0.971430838
1502215559, '459F7A08D5D7',2,28,-63,-64.5357132,0.744467556
1502215559, 'DAD655CD510A',2,30,-51,-51.83333969,0.53066808
1502215559, '94DC6692F976',3,30,-46,-47.39999771,0.72397387
,,,,,,
1502215619, '9A34ECDEA99E',2,29,-57,-57.72413635,0.591399848
1502215619, '459F7A08D5D7',2,27,-62,-63.62962723,1.005681157
1502215619, 'DAD655CD510A',2,30,-51,-51.5,0.508547604
1502215619, '94DC6692F976',3,27,-48,-49.55555725,0.847318053
,,,,,,
1502215679, '459F7A08D5D7',2,30,-62,-63.13333893,0.730295956
1502215679, '94DC6692F976',3,27,-47,-48.62963486,0.741522729
1502215679, 'F9632B2DFC58',2,28,-74,-78.53570557,3.225846052
1502215679, '2D1032CDC2EC',3,30,-54,-58.5333252,2.788315773
,,,,,,
1502215739, '9A34ECDEA99E',2,30,-57,-58.56666946,1.006302476
1502215739, '459F7A08D5D7',2,29,-62,-63.5172348,1.326130867
1502215739, 'DAD655CD510A',2,30,-51,-52.3666687,1.401558995
1502215739, '94DC6692F976',3,30,-47,-48.73332977,0.907186925
,,,,,,
1502215799, '9A34ECDEA99E',2,30,-58,-59.23334122,1.006298423
1502215799, '459F7A08D5D7',2,30,-61,-64.03333282,0.999425888
1502215799, 'DAD655CD510A',2,29,-50,-51.13793182,0.693033338
1502215799, '94DC6692F976',3,29,-46,-48,1.309307337
,,,,,,
1502215859, '459F7A08D5D7',2,26,-62,-64.19231415,0.938902795
1502215859, 'DAD655CD510A',2,30,-51,-53.13333511,0.899553359
1502215859, '94DC6692F976',3,28,-46,-46.8928566,1.030615568
1502215859, 'F9632B2DFC58',2,29,-71,-75.17241669,2.53643465
,,,,,,
1502215919, '9A34ECDEA99E',2,30,-58,-59.19999695,0.664362788
1502215919, '459F7A08D5D7',2,29,-63,-63.93102646,0.752661884
1502215919, 'DAD655CD510A',2,29,-53,-54.37930679,0.902924001
1502215919, '94DC6692F976',3,30,-45,-46.79999924,0.550861537
,,,,,,
1502215979, '9A34ECDEA99E',2,29,-58,-59,0.801783442
1502215979, '459F7A08D5D7',2,28,-63,-63.9642868,0.576203823
1502215979, 'DAD655CD510A',2,29,-53,-54.31034851,0.603764653
1502215979, '94DC6692F976',3,29,-46,-46.55172729,0.506120503
,,,,,,
1502216039, '9A34ECDEA99E',2,29,-59,-59.44827271,0.736119151
1502216039, '459F7A08D5D7',2,29,-62,-63.0689621,0.798706293
1502216039, 'DAD655CD510A',2,30,-52,-54.6333313,0.927858412
1502216039, '94DC6692F976',3,30,-46,-46.5,0.572351336
,,,,,,
1502216099, '9A34ECDEA99E',2,26,-58,-59.57692337,0.64330858
1502216099, 'DAD655CD510A',2,30,-54,-54.83332825,0.592092633
1502216099, '94DC6692F976',3,29,-46,-46.82758331,0.539110899
1502216099, 'F9632B2DFC58',2,27,-79,-83.37037659,2.339431763
,,,,,,
1502216159, '9A34ECDEA99E',2,29,-58,-58.58620834,0.501230359
1502216159, '459F7A08D5D7',2,30,-62,-63.3666687,0.927857637
1502216159, 'DAD655CD510A',2,30,-53,-53.73333359,0.739678919
1502216159, '94DC6692F976',3,30,-47,-47.2666626,0.449776679
,,,,,,
1502216219, '9A34ECDEA99E',2,30,-58,-58.56666946,0.504006982
1502216219, '459F7A08D5D7',2,30,-61,-63.06666565,0.583292305
1502216219, 'DAD655CD510A',2,30,-53,-53.19999695,0.406838655
1502216219, '94DC6692F976',3,29,-47,-47,0
,,,,,,
1502216279, '9A34ECDEA99E',2,30,-58,-58.83333588,0.698932171
1502216279, '459F7A08D5D7',2,25,-62,-63.15999222,0.800001681
1502216279, '94DC6692F976',3,28,-42,-46.57143021,0.997350574
1502216279, 'DAD655CD510A',2,30,-52,-53.46666718,0.681445122
,,,,,,
1502216339, '459F7A08D5D7',2,29,-62,-63.75862122,1.023131013
1502216339, '9A34ECDEA99E',2,28,-58,-58.82143021,0.611833334
1502216339, '94DC6692F976',3,29,-46,-46.37931061,0.493803859
1502216339, 'DAD655CD510A',2,27,-54,-55.1111145,0.506370485
,,,,,,
1502216399, '459F7A08D5D7',2,28,-63,-63.99999619,1.054093122
1502216399, '9A34ECDEA99E',2,28,-55,-58.42857361,1.230133176
1502216399, '94DC6692F976',3,29,-45,-46.89655304,0.772047579
1502216399, 'DAD655CD510A',2,28,-51,-54.28571701,1.536159992
,,,,,,
1502216459, '459F7A08D5D7',2,29,-63,-67.24137878,3.236566305
1502216459, '9A34ECDEA99E',2,30,-58,-60.13332748,1.382983565
1502216459, '94DC6692F976',3,29,-45,-48.62068558,1.399331808
1502216459, 'DAD655CD510A',2,30,-52,-54.93333435,1.928611636
,,,,,,
1502216519, '459F7A08D5D7',2,28,-64,-68.14285278,2.336730242
1502216519, '9A34ECDEA99E',2,29,-59,-60.27586746,0.64898622
1502216519, 'DAD655CD510A',2,29,-54,-54.89655304,0.309933811
1502216519, 'F9632B2DFC58',2,30,-69,-70.43331909,0.897633016
,,,,,,
1502216579, '459F7A08D5D7',2,27,-63,-64.96296692,1.091274142
1502216579, '9A34ECDEA99E',2,30,-59,-59.66666794,0.802295268
1502216579, '94DC6692F976',3,29,-46,-49.06896591,1.602031469
1502216579, 'DAD655CD510A',2,30,-52,-57.16666031,2.085803747
,,,,,,
1502216639, '459F7A08D5D7',2,29,-63,-64.72412872,0.701862037
1502216639, '9A34ECDEA99E',2,28,-59,-59.17856979,0.475594938
1502216639, '94DC6692F976',3,29,-48,-48.2413826,0.435494334
1502216639, 'DAD655CD510A',2,30,-55,-57.39999771,0.770132124
,,,,,,
1502216699, '459F7A08D5D7',2,30,-64,-65.6333313,0.999425232
1502216699, '9A34ECDEA99E',2,29,-59,-59.7586174,0.510963559
1502216699, '94DC6692F976',3,29,-48,-48,0
1502216699, 'DAD655CD510A',2,30,-57,-57.19999695,0.406837463
,,,,,,
1502216759, '459F7A08D5D7',2,29,-63,-65.10345459,1.012239337
1502216759, '9A34ECDEA99E',2,30,-59,-59.59999847,0.563241959
1502216759, '94DC6692F976',3,29,-45,-47.96551895,0.625799954
1502216759, 'DAD655CD510A',2,28,-57,-57.21428299,0.498675704
,,,,,,
1502216819, '459F7A08D5D7',2,28,-62,-66.17857361,2.019420147
1502216819, '9A34ECDEA99E',2,29,-59,-59.41379547,0.501229644
1502216819, '94DC6692F976',3,28,-48,-48.10714722,0.314969897
1502216819, 'DAD655CD510A',2,29,-55,-56.7586174,0.786272705
,,,,,,
1502216879, '459F7A08D5D7',2,28,-64,-65.53569794,0.999337494
1502216879, '94DC6692F976',3,30,-48,-48.7666626,0.430183381
1502216879, 'DAD655CD510A',2,30,-54,-56.23333359,0.935261309
1502216879, 'F9632B2DFC58',2,28,-70,-72.42856598,1.103145838
,,,,,,
1502216939, '459F7A08D5D7',2,28,-64,-64.7142868,0.658682585
1502216939, '9A34ECDEA99E',2,29,-58,-58.99999619,0.59761411
1502216939, '94DC6692F976',3,30,-49,-49.33333588,0.479463607
1502216939, 'DAD655CD510A',2,30,-54,-55.56667328,1.072648406
,,,,,,
1502216999, '459F7A08D5D7',2,29,-64,-64.55171204,0.572351754
1502216999, '9A34ECDEA99E',2,30,-59,-59.76666641,0.727931798
1502216999, '94DC6692F976',3,29,-49,-49,0
1502216999, 'DAD655CD510A',2,29,-55,-56.03448486,0.625799716
,,,,,,
1502217059, '459F7A08D5D7',2,28,-64,-64.64286041,0.487949014
1502217059, '9A34ECDEA99E',2,30,-59,-60.09999847,0.402577907
1502217059, '94DC6692F976',3,29,-49,-49.10344696,0.30993405
1502217059, 'DAD655CD510A',2,30,-55,-55.66666412,0.479461372
,,,,,,
1502217119, '459F7A08D5D7',2,30,-63,-64.36667633,0.614950299
1502217119, '9A34ECDEA99E',2,28,-59,-59.46428299,0.507873595
1502217119, '94DC6692F976',3,29,-49,-49,0
1502217119, 'DAD655CD510A',2,30,-55,-55.23332977,0.430183321
,,,,,,
1502217179, '459F7A08D5D7',2,25,-64,-64.43999481,0.506623089
1502217179, '9A34ECDEA99E',2,30,-59,-59.33333969,0.479463458
1502217179, '94DC6692F976',3,29,-49,-49,0
1502217179, 'DAD655CD510A',2,30,-55,-55.33333206,0.546671689
,,,,,,
1502217239, '459F7A08D5D7',2,29,-64,-64.68964386,0.470825195
1502217239, '9A34ECDEA99E',2,30,-58,-59.53333282,0.681445658
1502217239, '94DC6692F976',3,29,-48,-48.86206818,0.350931138
1502217239, 'DAD655CD510A',2,29,-53,-54.82758331,0.539109528
,,,,,,
1502217299, '9A34ECDEA99E',2,29,-60,-60.20689774,0.412251264
1502217299, '94DC6692F976',3,29,-49,-49,0
1502217299, 'DAD655CD510A',2,29,-55,-55.79310226,0.491303742
1502217299, 'F9632B2DFC58',2,28,-74,-75.42857361,1.168366194
,,,,,,
1502217359, '459F7A08D5D7',2,29,-64,-64.51724243,0.574499309
1502217359, '9A34ECDEA99E',2,29,-60,-60.51724243,0.508547366
1502217359, '94DC6692F976',3,30,-48,-48.83333588,0.379049063
1502217359, 'DAD655CD510A',2,29,-55,-55.75862122,0.435494214
,,,,,,
1502217359, '459F7A08D5D7',2,29,-64,-64.51724243,0.574499309
1502217359, '9A34ECDEA99E',2,29,-60,-60.51724243,0.508547366
1502217359, '94DC6692F976',3,30,-48,-48.83333588,0.379049063
1502217359, 'DAD655CD510A',2,29,-55,-55.75862122,0.435494214
,,,,,,
1502217419, '459F7A08D5D7',2,29,-63,-64.62068939,0.676851869
1502217419, '9A34ECDEA99E',2,28,-59,-60.14285278,0.524530232
1502217419, '94DC6692F976',3,29,-48,-48.89655304,0.673201978
1502217419, 'DAD655CD510A',2,29,-54,-55.75862122,0.830455363
,,,,,,
1502217479, '459F7A08D5D7',2,27,-64,-64.37036896,0.492102623
1502217479, '9A34ECDEA99E',2,23,-59,-60.47826004,1.562910438
1502217479, '94DC6692F976',3,30,-49,-49.1333313,0.345745236
1502217479, 'DAD655CD510A',2,30,-55,-55.53333664,0.507416427
,,,,,,
1502217599, '94DC6692F976',3,29,-50,-51.17241669,0.601720214
1502217599, '9A34ECDEA99E',2,29,-60,-61.24137878,0.635561049
1502217599, 'DAD655CD510A',2,30,-55,-55.39999771,0.770131826
1502217599, 'F9632B2DFC58',2,27,-69,-70.77777863,0.847319007
,,,,,,
1502217659, '9A34ECDEA99E',2,29,-59,-60.41379547,0.682286859
1502217659, 'DAD655CD510A',2,28,-55,-56.9642868,0.922240973
1502217659, 'F9632B2DFC58',2,29,-69,-70.93103027,0.842238426
1502217659, '2D1032CDC2EC',3,28,-50,-52.5,0.745355904
,,,,,,
1502217719, '94DC6692F976',3,29,-50,-51.7586174,0.576638997
1502217719, '9A34ECDEA99E',2,30,-60,-60.80000305,0.406838298
1502217719, 'DAD655CD510A',2,30,-56,-56.96665955,0.49013254
1502217719, 'F9632B2DFC58',2,27,-70,-71.00000763,0.277351677
,,,,,,
1502217779, '94DC6692F976',3,30,-50,-50.79999924,0.610257566
1502217779, '9A34ECDEA99E',2,29,-60,-61,0.597615182
1502217779, 'DAD655CD510A',2,30,-55,-55.6333313,0.764890134
1502217779, 'F9632B2DFC58',2,29,-71,-72.13793182,0.833415151
,,,,,,
1502217839, '94DC6692F976',3,29,-50,-50.41379166,0.501229644
1502217839, '9A34ECDEA99E',2,30,-60,-61.33333206,0.711158931
1502217839, 'DAD655CD510A',2,30,-54,-55.30000305,0.534982502
1502217839, 'F9632B2DFC58',2,24,-71,-71.54167175,0.779025733
,,,,,,
1502217899, '94DC6692F976',3,27,-50,-50.37036896,0.492102414
1502217899, '9A34ECDEA99E',2,29,-61,-61.65516663,0.483725309
1502217899, 'F9632B2DFC58',2,29,-69,-70.13793945,0.580895364
1502217899, '2D1032CDC2EC',3,30,-51,-51.2333374,0.430183291
,,,,,,
1502217959, '94DC6692F976',3,30,-51,-51.43333054,0.568320751
1502217959, '9A34ECDEA99E',2,30,-60,-61.26666641,0.691491961
1502217959, 'DAD655CD510A',2,30,-56,-56.73333359,0.583291173
1502217959, '2D1032CDC2EC',3,30,-51,-51.56666565,0.504006743
,,,,,,
1502218019, '94DC6692F976',3,29,-51,-51.41379166,0.568031609
1502218019, 'DAD655CD510A',2,29,-56,-56.65517044,0.483724982
1502218019, 'F9632B2DFC58',2,30,-68,-70.16665649,1.261730313
1502218019, '2D1032CDC2EC',3,30,-50,-51.16667175,0.530670226
,,,,,,
1502218079, '94DC6692F976',3,30,-50,-51.46666718,0.628810346
1502218079, '9A34ECDEA99E',2,30,-58,-60.16666794,0.874281168
1502218079, 'DAD655CD510A',2,30,-56,-56.76666641,0.430181861
1502218079, 'F9632B2DFC58',2,27,-68,-70.92591858,1.465658903
,,,,,,
1502218139, '94DC6692F976',3,28,-50,-50.71428299,0.599824548
1502218139, '9A34ECDEA99E',2,29,-60,-60.72414017,0.52756393
1502218139, 'DAD655CD510A',2,29,-56,-56.48275757,0.508547425
1502218139, 'F9632B2DFC58',2,29,-70,-71.31034088,1.03866291
,,,,,,
1502218199, '94DC6692F976',3,30,-50,-50.79999924,0.550861776
1502218199, '9A34ECDEA99E',2,28,-60,-60.96427917,0.507872999
1502218199, 'DAD655CD510A',2,29,-55,-55.75862122,0.739459455
1502218199, '2D1032CDC2EC',3,30,-50,-50.33333206,0.479462355
,,,,,,
1502218259, '94DC6692F976',3,30,-50,-50.96666336,0.668676138
1502218259, '9A34ECDEA99E',2,30,-60,-61.36667252,0.614948094
1502218259, 'DAD655CD510A',2,30,-55,-56.26666641,0.520830214
1502218259, '2D1032CDC2EC',3,29,-50,-50.44827652,0.506119847
,,,,,,
1502218319, '94DC6692F976',3,30,-50,-50.90000153,0.480660588
1502218319, '9A34ECDEA99E',2,30,-60,-60.90000153,0.607425332
1502218319, 'DAD655CD510A',2,29,-55,-55.55172348,0.736119509
1502218319, '2D1032CDC2EC',3,29,-51,-51.2413826,0.43549332
,,,,,,
1502218379, '94DC6692F976',3,30,-50,-50.33333206,0.479463011
1502218379, 'DAD655CD510A',2,29,-55,-55.17240906,0.384427458
1502218379, '2D1032CDC2EC',3,28,-50,-51.75,0.518188298
1502218379, 'F9632B2DFC58',2,30,-67,-71.13333893,1.591645837
,,,,,,
1502218439, '94DC6692F976',3,30,-50,-50.6333313,0.668675661
1502218439, '9A34ECDEA99E',2,28,-61,-62.1071434,0.685256124
1502218439, 'DAD655CD510A',2,29,-55,-56.06896973,0.650880158
1502218439, '2D1032CDC2EC',3,29,-51,-51.82758713,0.468200207
,,,,,,
1502218499, '94DC6692F976',3,29,-50,-50.41379166,0.50123024
1502218499, '9A34ECDEA99E',2,29,-60,-61.7586174,0.635563672
1502218499, 'DAD655CD510A',2,30,-55,-55.86666489,0.434172541
1502218499, '2D1032CDC2EC',3,30,-51,-51.66666412,0.479462951
,,,,,,
1502218559, '94DC6692F976',3,30,-50,-53.33333588,2.106366396
1502218559, 'DAD655CD510A',2,28,-56,-56.92857361,0.53944844
1502218559, '2D1032CDC2EC',3,28,-52,-58.7857132,4.475092411
1502218559, 'F9632B2DFC58',2,27,-70,-71.4074173,0.843945861
,,,,,,
1502218619, '9A34ECDEA99E',2,29,-60,-60.44827271,0.506120384
1502218619, 'DAD655CD510A',2,29,-56,-56.9310379,0.257880598
1502218619, '2D1032CDC2EC',3,30,-53,-55.70000076,3.271086931
1502218619, 'F9632B2DFC58',2,28,-70,-71.32142639,1.020295143
,,,,,,
1502218679, '459F7A08D5D7',2,28,-63,-64.71427917,0.896788597
1502218679, '94DC6692F976',3,30,-49,-51.96666718,1.425949693
1502218679, '9A34ECDEA99E',2,29,-59,-60.03448105,0.498766541
1502218679, 'DAD655CD510A',2,29,-56,-56.96551895,0.498767078
,,,,,,
1502218739, '459F7A08D5D7',2,30,-63,-64.06666565,0.784914672
1502218739, '94DC6692F976',3,30,-51,-53.53333282,1.431982756
1502218739, '9A34ECDEA99E',2,27,-59,-60,1.03774941
1502218739, 'DAD655CD510A',2,30,-54,-56.30000687,0.65125829
,,,,,,
1502218799, '94DC6692F976',3,30,-49,-50.79999924,0.924755096
1502218799, '9A34ECDEA99E',2,30,-59,-60.03333664,0.85028851
1502218799, 'DAD655CD510A',2,31,-56,-57.25806427,0.630753398
1502218799, '2D1032CDC2EC',3,28,-50,-51.7142868,0.937179685
,,,,,,
1502218859, '459F7A08D5D7',2,30,-63,-65.29999542,0.987856746
1502218859, '2D1032CDC2EC',3,30,-49,-50.83333588,1.391680837
1502218859, '94DC6692F976',3,30,-49,-50.26666641,0.827682316
1502218859, '9A34ECDEA99E',2,28,-59,-59.5,0.509174526
,,,,,,
1502218919, '459F7A08D5D7',2,29,-63,-66.17243195,1.891118646
1502218919, '2D1032CDC2EC',3,28,-50,-52.7142868,2.191857815
1502218919, '94DC6692F976',3,30,-50,-51.06666565,0.907186925
1502218919, '9A34ECDEA99E',2,28,-58,-59.64286041,1.339272499
,,,,,,
1502218979, '459F7A08D5D7',2,27,-66,-71.8888855,4.06044054
1502218979, '94DC6692F976',3,29,-50,-50.93103027,0.529894471
1502218979, '9A34ECDEA99E',2,29,-58,-59.34482956,0.613878727
1502218979, '2D1032CDC2EC',3,30,-49,-52.00000381,1.050449014
,,,,,,
1502219039, '459F7A08D5D7',2,28,-65,-69.03572083,3.706673861
1502219039, '94DC6692F976',3,29,-49,-50.65517426,1.142548561
1502219039, '2D1032CDC2EC',3,30,-50,-52.20000458,1.494817257
1502219039, 'F9632B2DFC58',2,28,-68,-69.53570557,0.922241092
,,,,,,
1502219099, '459F7A08D5D7',2,29,-65,-67.31034851,1.312127113
1502219099, '94DC6692F976',3,30,-49,-51.89999771,0.803012013
1502219099, '9A34ECDEA99E',2,29,-59,-59.89655304,0.557085454
1502219099, '2D1032CDC2EC',3,30,-52,-55.10000229,1.626293063
,,,,,,
1502219159, '459F7A08D5D7',2,28,-64,-67.82142639,2.055769205
1502219159, '94DC6692F976',3,30,-49,-51.23333359,1.165107131
1502219159, '9A34ECDEA99E',2,30,-59,-60.29999542,1.055364609
1502219159, '2D1032CDC2EC',3,29,-49,-54.82758331,2.952831507
,,,,,,
1502219219, '459F7A08D5D7',2,29,-66,-69.79309845,3.609303951
1502219219, '94DC6692F976',3,27,-51,-51.51851654,0.64273268
1502219219, '9A34ECDEA99E',2,29,-58,-58.89655304,0.939027667
1502219219, '2D1032CDC2EC',3,30,-51,-52.69999695,0.702212691
,,,,,,
1502219279, '459F7A08D5D7',2,27,-66,-70.29629517,3.517148018
1502219279, '94DC6692F976',3,28,-51,-51.89285278,0.314971745
1502219279, '9A34ECDEA99E',2,30,-58,-58.83333588,0.379048914
1502219279, '2D1032CDC2EC',3,30,-52,-52.73333359,0.739679515
,,,,,,
1502219339, '459F7A08D5D7',2,26,-64,-70.46154022,4.081479073
1502219339, '94DC6692F976',3,29,-51,-51.93103409,0.529894948
1502219339, '9A34ECDEA99E',2,29,-58,-59.03447723,0.905647695
1502219339, '2D1032CDC2EC',3,30,-51,-53.20000458,0.886682928
,,,,,,
1502219399, '459F7A08D5D7',2,30,-64,-68.06666565,2.420222044
1502219399, '94DC6692F976',3,30,-49,-51.20000458,0.886683226
1502219399, '9A34ECDEA99E',2,30,-58,-59.13333511,1.332184315
1502219399, '2D1032CDC2EC',3,30,-51,-52.5,0.973794281
,,,,,,
1502219459, '459F7A08D5D7',2,26,-66,-70.34615326,3.148872852
1502219459, '94DC6692F976',3,28,-50,-50.32142639,0.547964036
1502219459, '9A34ECDEA99E',2,30,-58,-58.90000153,0.305128783
1502219459, '2D1032CDC2EC',3,29,-51,-53.24137878,0.68947053
,,,,,,
1502219519, '459F7A08D5D7',2,27,-65,-68.85186005,2.626837015
1502219519, '94DC6692F976',3,30,-47,-50.03333282,0.718394995
1502219519, '9A34ECDEA99E',2,29,-58,-58.58620834,0.501230001
1502219519, '2D1032CDC2EC',3,29,-51,-52.68965149,0.541389883
,,,,,,
1502219579, '459F7A08D5D7',2,28,-67,-71.67858124,2.842184544
1502219579, '94DC6692F976',3,30,-50,-50.29999542,0.53498286
1502219579, '9A34ECDEA99E',2,27,-58,-58.74073792,0.446576118
1502219579, '2D1032CDC2EC',3,30,-51,-52.36666107,0.718396783
,,,,,,
1502219639, '459F7A08D5D7',2,27,-72,-74.37037659,2.021958828
1502219639, '94DC6692F976',3,30,-47,-49.6333313,0.999423683
1502219639, '9A34ECDEA99E',2,29,-58,-58.9310379,0.257880747
1502219639, '2D1032CDC2EC',3,30,-49,-52.40000534,2.027397871
,,,,,,
1502219699, '459F7A08D5D7',2,29,-68,-74.55172729,3.878385305
1502219699, '94DC6692F976',3,30,-49,-49.79999924,0.664363563
1502219699, '9A34ECDEA99E',2,29,-58,-58.79310226,0.412251294
1502219699, '2D1032CDC2EC',3,29,-49,-52.62068939,1.840299726
,,,,,,
1502219759, '459F7A08D5D7',2,29,-68,-75.10346222,4.056254864
1502219759, '94DC6692F976',3,29,-48,-49.10344696,0.488791049
1502219759, '9A34ECDEA99E',2,30,-58,-58.46666336,0.50741601
1502219759, '2D1032CDC2EC',3,29,-51,-53.62069702,1.236754179
,,,,,,
1502219819, '459F7A08D5D7',2,30,-68,-72.53334045,3.501068354
1502219819, '94DC6692F976',3,28,-47,-48.17857361,0.475595474
1502219819, '9A34ECDEA99E',2,29,-58,-58.86206818,0.350931108
1502219819, '2D1032CDC2EC',3,29,-51,-51.48275757,0.508547723
,,,,,,
1502219879, '459F7A08D5D7',2,26,-68,-71.99998474,3.989985943
1502219879, '94DC6692F976',3,29,-47,-47.96551514,0.185695276
1502219879, '9A34ECDEA99E',2,28,-58,-58.53571701,0.50787437
1502219879, '2D1032CDC2EC',3,30,-50,-51.16666412,0.461133361
,,,,,,
1502219939, '94DC6692F976',3,29,-48,-49.20689392,0.901560426
1502219939, '9A34ECDEA99E',2,30,-55,-58.5,0.86103344
1502219939, '2D1032CDC2EC',3,28,-49,-50.8571434,0.803431988
1502219939, 'F9632B2DFC58',2,27,-68,-69.14814758,0.662379026
,,,,,,
1502219999, '459F7A08D5D7',2,26,-64,-66.07692719,1.547206044
1502219999, '94DC6692F976',3,30,-48,-49.26667023,0.739680648
1502219999, '9A34ECDEA99E',2,30,-57,-59.20000076,1.126484156
1502219999, '2D1032CDC2EC',3,29,-49,-51.13792801,1.186958432
,,,,,,
1502220059, '459F7A08D5D7',2,30,-63,-64.80000305,1.297211766
1502220059, '94DC6692F976',3,28,-49,-50.6071434,0.956045151
1502220059, '2D1032CDC2EC',3,29,-50,-52.58620453,2.244314909
1502220059, 'F9632B2DFC58',2,28,-70,-72.0357132,0.792658567
,,,,,,
1502220059, '459F7A08D5D7',2,30,-63,-64.80000305,1.297211766
1502220059, '94DC6692F976',3,28,-49,-50.6071434,0.956045151
1502220059, '2D1032CDC2EC',3,29,-50,-52.58620453,2.244314909
1502220059, 'F9632B2DFC58',2,28,-70,-72.0357132,0.792658567
,,,,,,
1502220119, '459F7A08D5D7',2,30,-63,-65.30000305,1.235953808
1502220119, '94DC6692F976',3,28,-49,-50.6071434,0.916485846
1502220119, '9A34ECDEA99E',2,30,-58,-59.20000076,0.610257328
1502220119, '2D1032CDC2EC',3,28,-53,-58.57142639,2.741025925
,,,,,,
1502220179, '459F7A08D5D7',2,28,-61,-63.46428299,1.551153541
1502220179, '94DC6692F976',3,30,-49,-50.59999847,0.563241839
1502220179, '9A34ECDEA99E',2,28,-58,-58.7857132,0.498675495
1502220179, '2D1032CDC2EC',3,30,-52,-56.76666641,4.296616554
