9A34ECDEA99E,,,,,,
time,hwid,type,samples,maxRSSI,mean,stddev
1502202020, '459F7A08D5D7',2,29,-70,-71.20690155,0.559291661
1502202020, '94DC6692F976',3,29,-65,-69.0689621,2.491858959
1502202020, '6392B6C5FB53',2,28,-62,-63.25,0.799305677
1502202020, '5D358CDAED0D',2,29,-66,-66.93103027,0.752664626
,,,,,,
1502202080, '459F7A08D5D7',2,29,-71,-71.72413635,1.098587513
1502202080, '94DC6692F976',3,28,-65,-69.10714722,2.884686708
1502202080, '6392B6C5FB53',2,30,-62,-63.20000076,0.484234512
1502202080, '5D358CDAED0D',2,30,-63,-66.8999939,0.994814098
,,,,,,
1502202140, '459F7A08D5D7',2,30,-70,-71.09999084,0.711966813
1502202140, '94DC6692F976',3,29,-64,-66.9310379,1.251600504
1502202140, '6392B6C5FB53',2,29,-63,-65.13792419,1.059788465
1502202140, '5D358CDAED0D',2,29,-66,-67.44828033,1.020724058
,,,,,,
1502202200, '459F7A08D5D7',2,30,-70,-71.93332672,1.284747958
1502202200, '94DC6692F976',3,28,-66,-68.2857132,1.462042212
1502202200, '6392B6C5FB53',2,30,-63,-64.63332367,0.718394578
1502202200, '5D358CDAED0D',2,29,-65,-67.34483337,2.004919767
,,,,,,
1502202260, '459F7A08D5D7',2,28,-69,-71.0357132,1.104942799
1502202260, '94DC6692F976',3,30,-65,-68.7666626,2.269488573
1502202260, '6392B6C5FB53',2,29,-61,-63.20689774,1.206513882
1502202260, '5D358CDAED0D',2,29,-65,-67.89655304,1.291312218
,,,,,,
1502202320, '459F7A08D5D7',2,30,-70,-70.8666687,0.730295718
1502202320, '94DC6692F976',3,29,-65,-71.06897736,2.617672205
1502202320, '6392B6C5FB53',2,30,-62,-62.73333359,0.784915805
1502202320, '5D358CDAED0D',2,29,-66,-67.44828796,0.736120164
,,,,,,
1502202320, '459F7A08D5D7',2,30,-70,-70.8666687,0.730295718
1502202320, '94DC6692F976',3,29,-65,-71.06897736,2.617672205
1502202320, '6392B6C5FB53',2,30,-62,-62.73333359,0.784915805
1502202320, '5D358CDAED0D',2,29,-66,-67.44828796,0.736120164
,,,,,,
1502202380, '94DC6692F976',3,30,-65,-66.80000305,1.297210336
1502202380, '6392B6C5FB53',2,30,-62,-63.19999695,0.92475605
1502202380, '5D358CDAED0D',2,28,-66,-67.10715485,0.566946447
1502202380, 'F9632B2DFC58',2,30,-67,-68.19998932,0.550861418
,,,,,,
1502202380, '94DC6692F976',3,30,-65,-66.80000305,1.297210336
1502202380, '6392B6C5FB53',2,30,-62,-63.19999695,0.92475605
1502202380, '5D358CDAED0D',2,28,-66,-67.10715485,0.566946447
1502202380, 'F9632B2DFC58',2,30,-67,-68.19998932,0.550861418
,,,,,,
1502202380, '94DC6692F976',3,30,-65,-66.80000305,1.297210336
1502202380, '6392B6C5FB53',2,30,-62,-63.19999695,0.92475605
1502202380, '5D358CDAED0D',2,28,-66,-67.10715485,0.566946447
1502202380, 'F9632B2DFC58',2,30,-67,-68.19998932,0.550861418
,,,,,,
1502202380, '94DC6692F976',3,30,-65,-66.80000305,1.297210336
1502202380, '6392B6C5FB53',2,30,-62,-63.19999695,0.92475605
1502202380, '5D358CDAED0D',2,28,-66,-67.10715485,0.566946447
1502202380, 'F9632B2DFC58',2,30,-67,-68.19998932,0.550861418
,,,,,,
1502202380, '94DC6692F976',3,30,-65,-66.80000305,1.297210336
1502202380, '6392B6C5FB53',2,30,-62,-63.19999695,0.92475605
1502202380, '5D358CDAED0D',2,28,-66,-67.10715485,0.566946447
1502202380, 'F9632B2DFC58',2,30,-67,-68.19998932,0.550861418
,,,,,,
1502202380, '94DC6692F976',3,30,-65,-66.80000305,1.297210336
1502202380, '6392B6C5FB53',2,30,-62,-63.19999695,0.92475605
1502202380, '5D358CDAED0D',2,28,-66,-67.10715485,0.566946447
1502202380, 'F9632B2DFC58',2,30,-67,-68.19998932,0.550861418
,,,,,,
1502202380, '94DC6692F976',3,30,-65,-66.80000305,1.297210336
1502202380, '6392B6C5FB53',2,30,-62,-63.19999695,0.92475605
1502202380, '5D358CDAED0D',2,28,-66,-67.10715485,0.566946447
1502202380, 'F9632B2DFC58',2,30,-67,-68.19998932,0.550861418
,,,,,,
1502202380, '94DC6692F976',3,30,-65,-66.80000305,1.297210336
1502202380, '6392B6C5FB53',2,30,-62,-63.19999695,0.92475605
1502202380, '5D358CDAED0D',2,28,-66,-67.10715485,0.566946447
1502202380, 'F9632B2DFC58',2,30,-67,-68.19998932,0.550861418
,,,,,,
1502202380, '94DC6692F976',3,30,-65,-66.80000305,1.297210336
1502202380, '6392B6C5FB53',2,30,-62,-63.19999695,0.92475605
1502202380, '5D358CDAED0D',2,28,-66,-67.10715485,0.566946447
1502202380, 'F9632B2DFC58',2,30,-67,-68.19998932,0.550861418
,,,,,,
1502202380, '94DC6692F976',3,30,-65,-66.80000305,1.297210336
1502202380, '6392B6C5FB53',2,30,-62,-63.19999695,0.92475605
1502202380, '5D358CDAED0D',2,28,-66,-67.10715485,0.566946447
1502202380, 'F9632B2DFC58',2,30,-67,-68.19998932,0.550861418
,,,,,,
1502202380, '94DC6692F976',3,30,-65,-66.80000305,1.297210336
1502202380, '6392B6C5FB53',2,30,-62,-63.19999695,0.92475605
1502202380, '5D358CDAED0D',2,28,-66,-67.10715485,0.566946447
1502202380, 'F9632B2DFC58',2,30,-67,-68.19998932,0.550861418
,,,,,,
1502202380, '94DC6692F976',3,30,-65,-66.80000305,1.297210336
1502202380, '6392B6C5FB53',2,30,-62,-63.19999695,0.92475605
1502202380, '5D358CDAED0D',2,28,-66,-67.10715485,0.566946447
1502202380, 'F9632B2DFC58',2,30,-67,-68.19998932,0.550861418
,,,,,,
1502202440, '94DC6692F976',3,30,-62,-65.0333252,1.473518968
1502202440, '6392B6C5FB53',2,30,-62,-63.46667099,0.860364974
1502202440, 'F9632B2DFC58',2,29,-70,-72.27586365,1.161789417
1502202440, 'DAD655CD510A',2,29,-63,-64.13793945,0.990098655
,,,,,,
1502202440, '94DC6692F976',3,30,-62,-65.0333252,1.473518968
1502202440, '6392B6C5FB53',2,30,-62,-63.46667099,0.860364974
1502202440, 'F9632B2DFC58',2,29,-70,-72.27586365,1.161789417
1502202440, 'DAD655CD510A',2,29,-63,-64.13793945,0.990098655
,,,,,,
1502202500, '94DC6692F976',3,29,-65,-65.62068176,0.727705777
1502202500, '6392B6C5FB53',2,30,-63,-63.6333313,0.668675005
1502202500, 'F9632B2DFC58',2,27,-69,-71.22221375,0.847320497
1502202500, '5D358CDAED0D',2,27,-66,-66.777771,0.697986186
,,,,,,
1502202560, '94DC6692F976',3,29,-64,-66.34483337,1.009802103
1502202560, '6392B6C5FB53',2,30,-61,-62.66666412,0.606478393
1502202560, 'F9632B2DFC58',2,28,-71,-71.57144165,0.835713029
1502202560, '5D358CDAED0D',2,29,-65,-65.96550751,0.778402507
,,,,,,
1502202560, '94DC6692F976',3,29,-64,-66.34483337,1.009802103
1502202560, '6392B6C5FB53',2,30,-61,-62.66666412,0.606478393
1502202560, 'F9632B2DFC58',2,28,-71,-71.57144165,0.835713029
1502202560, '5D358CDAED0D',2,29,-65,-65.96550751,0.778402507
,,,,,,
1502202620, '94DC6692F976',3,28,-65,-66.32143402,0.818923414
1502202620, '6392B6C5FB53',2,30,-63,-63.63333511,0.76489073
1502202620, '5D358CDAED0D',2,27,-64,-66.40740204,0.747263074
1502202620, 'DAD655CD510A',2,28,-63,-64.03572083,0.692936301
,,,,,,
1502202680, '94DC6692F976',3,25,-65,-67.3999939,2.020724773
1502202680, '6392B6C5FB53',2,29,-62,-63.58621216,1.086188197
1502202680, 'F9632B2DFC58',2,27,-67,-69.1111145,0.933697879
1502202680, '5D358CDAED0D',2,30,-66,-68.59999847,1.566901565
,,,,,,
1502202740, '94DC6692F976',3,28,-66,-68.32142639,2.143960476
1502202740, '6392B6C5FB53',2,29,-58,-63.31034088,1.256510019
1502202740, 'F9632B2DFC58',2,30,-68,-69.53333282,0.819306314
1502202740, '5D358CDAED0D',2,28,-68,-70.7142868,1.150107861
,,,,,,
1502202800, '94DC6692F976',3,29,-65,-67.4827652,1.844308138
1502202800, '6392B6C5FB53',2,30,-62,-62.93333435,0.520831525
1502202800, 'F9632B2DFC58',2,29,-67,-69.62069702,1.207531929
1502202800, '5D358CDAED0D',2,30,-68,-69.96665192,1.299420714
,,,,,,
1502202860, '94DC6692F976',3,30,-65,-68.13332367,1.591648459
1502202860, '6392B6C5FB53',2,30,-60,-61.96666718,1.473520875
1502202860, 'F9632B2DFC58',2,27,-67,-70.74073029,4.727930546
1502202860, '5D358CDAED0D',2,30,-65,-67.43333435,1.675036192
,,,,,,
1502202980, '94DC6692F976',3,29,-67,-70.34483337,1.518360734
1502202980, '6392B6C5FB53',2,30,-60,-61.7666626,0.626062632
1502202980, 'F9632B2DFC58',2,30,-72,-78.66666412,3.906965733
1502202980, '5D358CDAED0D',2,26,-66,-66.42308044,0.643308818
,,,,,,
1502202980, '94DC6692F976',3,29,-67,-70.34483337,1.518360734
1502202980, '6392B6C5FB53',2,30,-60,-61.7666626,0.626062632
1502202980, 'F9632B2DFC58',2,30,-72,-78.66666412,3.906965733
1502202980, '5D358CDAED0D',2,26,-66,-66.42308044,0.643308818
,,,,,,
1502202980, '94DC6692F976',3,29,-67,-70.34483337,1.518360734
1502202980, '6392B6C5FB53',2,30,-60,-61.7666626,0.626062632
1502202980, 'F9632B2DFC58',2,30,-72,-78.66666412,3.906965733
1502202980, '5D358CDAED0D',2,26,-66,-66.42308044,0.643308818
,,,,,,
1502203040, '94DC6692F976',3,25,-67,-70.55999756,2.23755765
1502203040, '6392B6C5FB53',2,30,-60,-61.49999619,1.279817104
1502203040, 'F9632B2DFC58',2,28,-70,-73.5357132,3.553632498
1502203040, '5D358CDAED0D',2,29,-65,-66.55171967,1.120783806
,,,,,,
1502203220, '94DC6692F976',3,29,-66,-70.72412872,3.183624506
1502203220, '6392B6C5FB53',2,30,-61,-62.23333359,0.626061797
1502203220, 'F9632B2DFC58',2,26,-75,-79.1153717,2.804665327
1502203220, '5D358CDAED0D',2,29,-65,-65.4827652,0.508548915
,,,,,,
1502203280, 'F9632B2DFC58',2,28,-75,-77.53572083,1.23174572
1502203280, '6392B6C5FB53',2,30,-62,-62.79999924,0.484234124
1502203280, '5D358CDAED0D',2,29,-66,-66.68965149,0.660274506
1502203280, 'DAD655CD510A',2,29,-64,-64.96550751,0.325440645
,,,,,,
1502203340, '94DC6692F976',3,30,-65,-69.33332825,3.86258316
1502203340, '6392B6C5FB53',2,29,-62,-63.03448105,0.625800192
1502203340, '5D358CDAED0D',2,29,-66,-67.34482574,1.078220606
1502203340, 'F9632B2DFC58',2,29,-73,-77.79310608,2.210031271
,,,,,,
1502203400, '94DC6692F976',3,29,-65,-66.06896973,0.883621931
1502203400, '6392B6C5FB53',2,28,-61,-62.57143021,1.199647069
1502203400, '5D358CDAED0D',2,29,-65,-65.72412872,0.527564049
1502203400, 'F9632B2DFC58',2,29,-73,-79.34483337,2.979403734
,,,,,,
1502203460, '94DC6692F976',3,30,-64,-65.46666718,1.041659355
1502203460, '6392B6C5FB53',2,30,-61,-62,0.946864247
1502203460, '5D358CDAED0D',2,30,-64,-65.93333435,0.827680945
1502203460, 'F9632B2DFC58',2,28,-74,-78.17857361,2.178235769
,,,,,,
1502203580, '94DC6692F976',3,28,-63,-66.17856598,1.334820032
1502203580, '6392B6C5FB53',2,30,-61,-61.83333588,0.461133033
1502203580, '5D358CDAED0D',2,30,-66,-66.10001373,0.30512923
1502203580, 'F9632B2DFC58',2,26,-72,-77.53847504,4.509814262
,,,,,,
1502203640, '94DC6692F976',3,30,-65,-66.5,1.456258893
1502203640, '6392B6C5FB53',2,30,-61,-62.79999924,0.805156946
1502203640, '5D358CDAED0D',2,28,-64,-66.17856598,0.904865742
1502203640, 'F9632B2DFC58',2,25,-74,-79.31999969,3.171750784
,,,,,,
1502203700, '94DC6692F976',3,29,-64,-66.96551514,1.721353054
1502203700, '6392B6C5FB53',2,30,-62,-63.7666626,0.858361959
1502203700, '5D358CDAED0D',2,30,-65,-66.46666718,0.628808975
1502203700, 'F9632B2DFC58',2,29,-73,-77,2.34520793
,,,,,,
1502203700, '94DC6692F976',3,29,-64,-66.96551514,1.721353054
1502203700, '6392B6C5FB53',2,30,-62,-63.7666626,0.858361959
1502203700, '5D358CDAED0D',2,30,-65,-66.46666718,0.628808975
1502203700, 'F9632B2DFC58',2,29,-73,-77,2.34520793
,,,,,,
1502203760, '94DC6692F976',3,29,-64,-66.31033325,1.537699699
1502203760, '6392B6C5FB53',2,30,-63,-64.40000916,0.813674092
1502203760, '5D358CDAED0D',2,27,-66,-68.48147583,1.649485469
1502203760, 'F9632B2DFC58',2,28,-71,-79.21429443,4.254471779
,,,,,,
1502203820, '94DC6692F976',3,29,-66,-68.03448486,1.972719669
1502203820, '6392B6C5FB53',2,30,-64,-66.06666565,0.907189429
1502203820, '5D358CDAED0D',2,30,-66,-67.46666718,1.332184672
1502203820, 'F9632B2DFC58',2,26,-71,-79.42306519,3.72207284
,,,,,,
1502203820, '94DC6692F976',3,29,-66,-68.03448486,1.972719669
1502203820, '6392B6C5FB53',2,30,-64,-66.06666565,0.907189429
1502203820, '5D358CDAED0D',2,30,-66,-67.46666718,1.332184672
1502203820, 'F9632B2DFC58',2,26,-71,-79.42306519,3.72207284
,,,,,,
1502203820, '94DC6692F976',3,29,-66,-68.03448486,1.972719669
1502203820, '6392B6C5FB53',2,30,-64,-66.06666565,0.907189429
1502203820, '5D358CDAED0D',2,30,-66,-67.46666718,1.332184672
1502203820, 'F9632B2DFC58',2,26,-71,-79.42306519,3.72207284
,,,,,,
1502203820, '94DC6692F976',3,29,-66,-68.03448486,1.972719669
1502203820, '6392B6C5FB53',2,30,-64,-66.06666565,0.907189429
1502203820, '5D358CDAED0D',2,30,-66,-67.46666718,1.332184672
1502203820, 'F9632B2DFC58',2,26,-71,-79.42306519,3.72207284
,,,,,,
1502203820, '94DC6692F976',3,29,-66,-68.03448486,1.972719669
1502203820, '6392B6C5FB53',2,30,-64,-66.06666565,0.907189429
1502203820, '5D358CDAED0D',2,30,-66,-67.46666718,1.332184672
1502203820, 'F9632B2DFC58',2,26,-71,-79.42306519,3.72207284
,,,,,,
1502203820, '94DC6692F976',3,29,-66,-68.03448486,1.972719669
1502203820, '6392B6C5FB53',2,30,-64,-66.06666565,0.907189429
1502203820, '5D358CDAED0D',2,30,-66,-67.46666718,1.332184672
1502203820, 'F9632B2DFC58',2,26,-71,-79.42306519,3.72207284
,,,,,,
1502203820, '94DC6692F976',3,29,-66,-68.03448486,1.972719669
1502203820, '6392B6C5FB53',2,30,-64,-66.06666565,0.907189429
1502203820, '5D358CDAED0D',2,30,-66,-67.46666718,1.332184672
1502203820, 'F9632B2DFC58',2,26,-71,-79.42306519,3.72207284
,,,,,,
1502203820, '94DC6692F976',3,29,-66,-68.03448486,1.972719669
1502203820, '6392B6C5FB53',2,30,-64,-66.06666565,0.907189429
1502203820, '5D358CDAED0D',2,30,-66,-67.46666718,1.332184672
1502203820, 'F9632B2DFC58',2,26,-71,-79.42306519,3.72207284
,,,,,,
1502203820, '94DC6692F976',3,29,-66,-68.03448486,1.972719669
1502203820, '6392B6C5FB53',2,30,-64,-66.06666565,0.907189429
1502203820, '5D358CDAED0D',2,30,-66,-67.46666718,1.332184672
1502203820, 'F9632B2DFC58',2,26,-71,-79.42306519,3.72207284
,,,,,,
1502203820, '94DC6692F976',3,29,-66,-68.03448486,1.972719669
1502203820, '6392B6C5FB53',2,30,-64,-66.06666565,0.907189429
1502203820, '5D358CDAED0D',2,30,-66,-67.46666718,1.332184672
1502203820, 'F9632B2DFC58',2,26,-71,-79.42306519,3.72207284
,,,,,,
1502203820, '94DC6692F976',3,29,-66,-68.03448486,1.972719669
1502203820, '6392B6C5FB53',2,30,-64,-66.06666565,0.907189429
1502203820, '5D358CDAED0D',2,30,-66,-67.46666718,1.332184672
1502203820, 'F9632B2DFC58',2,26,-71,-79.42306519,3.72207284
,,,,,,
1502203820, '94DC6692F976',3,29,-66,-68.03448486,1.972719669
1502203820, '6392B6C5FB53',2,30,-64,-66.06666565,0.907189429
1502203820, '5D358CDAED0D',2,30,-66,-67.46666718,1.332184672
1502203820, 'F9632B2DFC58',2,26,-71,-79.42306519,3.72207284
,,,,,,
1502203820, '94DC6692F976',3,29,-66,-68.03448486,1.972719669
1502203820, '6392B6C5FB53',2,30,-64,-66.06666565,0.907189429
1502203820, '5D358CDAED0D',2,30,-66,-67.46666718,1.332184672
1502203820, 'F9632B2DFC58',2,26,-71,-79.42306519,3.72207284
,,,,,,
1502203820, '94DC6692F976',3,29,-66,-68.03448486,1.972719669
1502203820, '6392B6C5FB53',2,30,-64,-66.06666565,0.907189429
1502203820, '5D358CDAED0D',2,30,-66,-67.46666718,1.332184672
1502203820, 'F9632B2DFC58',2,26,-71,-79.42306519,3.72207284
,,,,,,
1502203880, '94DC6692F976',3,18,-67,-70.44443512,2.175320625
1502203880, '6392B6C5FB53',2,17,-65,-65.94116974,0.555717349
1502203880, '5D358CDAED0D',2,18,-66,-66.11112213,0.323382139
1502203880, 'F9632B2DFC58',2,16,-74,-77.125,1.746424913
,,,,,,
1502203940, '94DC6692F976',3,26,-65,-69.15384674,2.12964201
1502203940, '6392B6C5FB53',2,24,-63,-63.625,0.710938871
1502203940, '5D358CDAED0D',2,25,-65,-66.76000214,0.723417342
1502203940, 'F9632B2DFC58',2,25,-69,-75.35999298,3.340161324
,,,,,,
1502204000, '94DC6692F976',3,27,-65,-69.14814758,2.741471291
1502204000, '6392B6C5FB53',2,28,-62,-63.17856979,0.818922937
1502204000, '5D358CDAED0D',2,29,-67,-68.37931061,0.902924836
1502204000, 'DAD655CD510A',2,29,-62,-63.24137878,0.739457965
,,,,,,
1502204060, '94DC6692F976',3,30,-67,-70.83333588,3.206495523
1502204060, '6392B6C5FB53',2,30,-62,-62.90000153,0.758855224
1502204060, '5D358CDAED0D',2,30,-65,-66.2333374,0.568320334
1502204060, 'DAD655CD510A',2,29,-62,-63.27586365,0.797162116
,,,,,,
1502204120, 'F9632B2DFC58',2,27,-71,-75.59259033,2.790908575
1502204120, '6392B6C5FB53',2,29,-62,-63,0.845154524
1502204120, '5D358CDAED0D',2,29,-64,-65.75862885,0.635563195
1502204120, 'DAD655CD510A',2,30,-63,-65.66665649,1.268540859
,,,,,,
1502204180, 'F9632B2DFC58',2,26,-71,-81.03846741,6.321267128
1502204180, '6392B6C5FB53',2,29,-61,-63.24137878,1.214646697
1502204180, '5D358CDAED0D',2,29,-66,-67.75860596,1.45541966
1502204180, 'DAD655CD510A',2,27,-62,-64.85184479,1.231127262
,,,,,,
1502204240, '459F7A08D5D7',2,28,-71,-72.39286041,0.737325311
1502204240, '6392B6C5FB53',2,30,-61,-61.90000153,0.305129468
1502204240, '5D358CDAED0D',2,30,-69,-70.33332825,0.660894811
1502204240, '2D1032CDC2EC',3,29,-63,-64.68965912,0.660274446
,,,,,,
1502204300, '459F7A08D5D7',2,24,-71,-72.375,0.710936964
1502204300, '6392B6C5FB53',2,30,-61,-62.13333511,0.571348011
1502204300, '5D358CDAED0D',2,29,-67,-68.96551514,0.90564841
1502204300, 'DAD655CD510A',2,29,-65,-66.10345459,0.772049487
,,,,,,
1502204360, '459F7A08D5D7',2,30,-72,-73.26667786,0.980263889
1502204360, '6392B6C5FB53',2,30,-62,-62.96667099,0.668674588
1502204360, '5D358CDAED0D',2,30,-65,-67.83333588,1.176885128
1502204360, 'DAD655CD510A',2,27,-65,-66.1111145,0.800640464
,,,,,,
1502204420, '459F7A08D5D7',2,29,-70,-72.27585602,1.750437617
1502204420, 'F9632B2DFC58',2,23,-77,-84.04347992,5.497755051
1502204420, '6392B6C5FB53',2,29,-60,-62.75862122,1.057462931
1502204420, '5D358CDAED0D',2,31,-66,-67.32258606,1.248655915
,,,,,,
1502204480, '6392B6C5FB53',2,30,-59,-62.33333588,1.971054554
1502204480, '459F7A08D5D7',2,26,-71,-71.92306519,0.483576238
1502204480, 'DAD655CD510A',2,29,-65,-66.82759857,0.759180009
1502204480, '2D1032CDC2EC',3,30,-63,-65.2666626,1.337351441
,,,,,,
1502204540, 'F9632B2DFC58',2,30,-69,-72.56665802,1.813421369
1502204540, '6392B6C5FB53',2,29,-61,-62.86207581,0.639426649
1502204540, 'DAD655CD510A',2,30,-62,-63.3666687,0.85028702
1502204540, '2D1032CDC2EC',3,29,-66,-66.72412109,0.751024544
,,,,,,
1502204660, 'F9632B2DFC58',2,26,-67,-71.34614563,1.831771016
1502204660, '6392B6C5FB53',2,30,-61,-62.1333313,0.681444824
1502204660, '459F7A08D5D7',2,28,-71,-72.57144165,0.878919721
1502204660, 'DAD655CD510A',2,29,-64,-65.31033325,0.5413903
,,,,,,
1502204720, 'F9632B2DFC58',2,30,-69,-71.76664734,1.501341581
1502204720, '6392B6C5FB53',2,30,-60,-61.16666412,0.949893653
1502204720, '459F7A08D5D7',2,24,-71,-73.33332825,2.057154179
1502204720, 'DAD655CD510A',2,28,-64,-64.89285278,0.497347027
,,,,,,
1502204780, 'F9632B2DFC58',2,29,-69,-72.31034851,1.583473325
1502204780, '6392B6C5FB53',2,30,-59,-62,2.100902796
1502204780, 'DAD655CD510A',2,30,-63,-64.43333435,0.626062393
1502204780, '2D1032CDC2EC',3,30,-62,-64.4666748,1.166585922
,,,,,,
1502204840, 'F9632B2DFC58',2,27,-69,-73.07406616,3.280781984
1502204840, '6392B6C5FB53',2,29,-61,-62.03448105,1.295121908
1502204840, 'DAD655CD510A',2,30,-62,-63.99999619,1.017093182
1502204840, '2D1032CDC2EC',3,29,-62,-63.51723862,1.021927953
,,,,,,
1502204900, 'F9632B2DFC58',2,28,-68,-71.35713959,3.04551053
1502204900, '6392B6C5FB53',2,28,-61,-62.3571434,0.911421359
1502204900, '459F7A08D5D7',2,26,-72,-77.15384674,2.411511183
1502204900, 'DAD655CD510A',2,28,-63,-65.25,1.109721541
,,,,,,
1502204960, 'F9632B2DFC58',2,28,-72,-78.85714722,4.178554535
1502204960, '6392B6C5FB53',2,29,-61,-62.89655304,0.859602213
1502204960, '459F7A08D5D7',2,29,-74,-77.55172729,3.100533724
1502204960, 'DAD655CD510A',2,30,-63,-63.89999771,1.028890491
,,,,,,
1502205020, 'F9632B2DFC58',2,25,-77,-82.47999573,3.305550337
1502205020, '6392B6C5FB53',2,29,-62,-62.55172729,0.685889065
1502205020, '459F7A08D5D7',2,28,-74,-75.50000763,0.838865876
1502205020, 'DAD655CD510A',2,29,-62,-63.37931061,0.621851802
,,,,,,
1502205080, 'F9632B2DFC58',2,26,-75,-80.65385437,2.189834595
1502205080, '6392B6C5FB53',2,30,-63,-63.56666183,0.72793287
1502205080, '459F7A08D5D7',2,28,-76,-77.28570557,1.272422075
1502205080, 'DAD655CD510A',2,30,-63,-64.2333374,0.678909779
,,,,,,
1502205200, 'F9632B2DFC58',2,26,-76,-81.03845978,4.004804611
1502205200, '6392B6C5FB53',2,30,-63,-64.23332977,1.568733215
1502205200, '459F7A08D5D7',2,26,-74,-76.46153259,1.139498353
1502205200, 'DAD655CD510A',2,29,-64,-64.72413635,0.648984909
,,,,,,
1502205260, 'F9632B2DFC58',2,26,-73,-80.30769348,3.663542509
1502205260, '6392B6C5FB53',2,29,-64,-64.51724243,0.574499309
1502205260, '459F7A08D5D7',2,27,-72,-74.11109924,1.552495003
1502205260, 'DAD655CD510A',2,29,-63,-64.06896973,0.84223628
,,,,,,
1502205260, 'F9632B2DFC58',2,26,-73,-80.30769348,3.663542509
1502205260, '6392B6C5FB53',2,29,-64,-64.51724243,0.574499309
1502205260, '459F7A08D5D7',2,27,-72,-74.11109924,1.552495003
1502205260, 'DAD655CD510A',2,29,-63,-64.06896973,0.84223628
,,,,,,
1502205320, 'F9632B2DFC58',2,29,-70,-81.62068176,4.109343529
1502205320, '6392B6C5FB53',2,30,-63,-64.63333893,0.964307904
1502205320, '459F7A08D5D7',2,29,-72,-73.44828033,1.297971368
1502205320, 'DAD655CD510A',2,30,-63,-64.3999939,0.56324172
,,,,,,
1502205500, '5D358CDAED0D',2,28,-68,-69.67857361,1.055972457
1502205500, 'F9632B2DFC58',2,26,-80,-82.69230652,1.435806394
1502205500, '6392B6C5FB53',2,30,-62,-63.09999847,0.480660766
1502205500, '459F7A08D5D7',2,28,-73,-74.50000763,0.6382851
,,,,,,
1502205560, '5D358CDAED0D',2,28,-67,-69.39286804,0.956044972
1502205560, 'F9632B2DFC58',2,26,-78,-83.15385437,3.905813932
1502205560, '6392B6C5FB53',2,30,-62,-63.06666565,0.639683783
1502205560, '459F7A08D5D7',2,27,-73,-73.66666412,0.620173633
,,,,,,
1502205620, '5D358CDAED0D',2,28,-68,-68.85713959,0.705233157
1502205620, 'F9632B2DFC58',2,23,-79,-83.17391205,2.774104357
1502205620, '6392B6C5FB53',2,29,-62,-62.9310379,0.84223491
1502205620, '459F7A08D5D7',2,30,-73,-74.06666565,0.944432855
,,,,,,
1502205680, '5D358CDAED0D',2,29,-66,-67.58621216,0.732762754
1502205680, 'F9632B2DFC58',2,27,-81,-84.2963028,2.01560688
1502205680, '6392B6C5FB53',2,30,-62,-63.03333282,0.668676436
1502205680, '459F7A08D5D7',2,28,-72,-74.0357132,0.692934334
,,,,,,
1502205680, '5D358CDAED0D',2,29,-66,-67.58621216,0.732762754
1502205680, 'F9632B2DFC58',2,27,-81,-84.2963028,2.01560688
1502205680, '6392B6C5FB53',2,30,-62,-63.03333282,0.668676436
1502205680, '459F7A08D5D7',2,28,-72,-74.0357132,0.692934334
,,,,,,
1502205740, '5D358CDAED0D',2,29,-67,-68.24137878,0.68947053
1502205740, 'F9632B2DFC58',2,23,-77,-83.56520844,2.760537386
1502205740, '6392B6C5FB53',2,29,-62,-63.34482193,0.613877714
1502205740, '459F7A08D5D7',2,27,-72,-73.44444275,0.847314537
,,,,,,
1502205800, 'F9632B2DFC58',2,15,-84,-87.00000763,2.10441637
1502205800, '6392B6C5FB53',2,29,-63,-63.48275757,0.508546591
1502205800, '459F7A08D5D7',2,28,-75,-76.42857361,0.790148616
1502205800, 'DAD655CD510A',2,29,-63,-64.58620453,0.568032861
,,,,,,
1502205860, '6392B6C5FB53',2,29,-62,-62.62068558,0.493803799
1502205860, '459F7A08D5D7',2,28,-75,-76.24999237,0.96705091
1502205860, 'DAD655CD510A',2,30,-64,-64.86666107,0.345744997
1502205860, '2D1032CDC2EC',3,29,-63,-64.13792419,0.742781281
,,,,,,
1502205920, 'F9632B2DFC58',2,27,-75,-79.96297455,3.557027817
1502205920, '6392B6C5FB53',2,28,-61,-62.6071434,0.831744671
1502205920, '459F7A08D5D7',2,28,-73,-74.75,0.585314333
1502205920, 'DAD655CD510A',2,30,-63,-63.76667023,0.626063585
,,,,,,
1502205920, 'F9632B2DFC58',2,27,-75,-79.96297455,3.557027817
1502205920, '6392B6C5FB53',2,28,-61,-62.6071434,0.831744671
1502205920, '459F7A08D5D7',2,28,-73,-74.75,0.585314333
1502205920, 'DAD655CD510A',2,30,-63,-63.76667023,0.626063585
,,,,,,
1502205980, 'F9632B2DFC58',2,22,-72,-78.5,3.851406336
1502205980, '6392B6C5FB53',2,30,-61,-62.7333374,0.784914434
1502205980, '459F7A08D5D7',2,24,-72,-74.45833588,1.284664154
1502205980, 'DAD655CD510A',2,30,-62,-63.56666946,0.935260952
,,,,,,
1502206040, 'F9632B2DFC58',2,23,-73,-80.95651245,4.656161308
1502206040, '6392B6C5FB53',2,30,-61,-62.53332901,0.730297267
1502206040, 'DAD655CD510A',2,30,-63,-64.9666748,1.159169912
1502206040, '2D1032CDC2EC',3,29,-69,-69.75861359,0.739460588
,,,,,,
1502206100, 'F9632B2DFC58',2,31,-67,-71.93549347,3.086913347
1502206100, '6392B6C5FB53',2,30,-62,-62.70000076,0.794377029
1502206100, '459F7A08D5D7',2,27,-74,-75.51851654,0.89315027
1502206100, 'DAD655CD510A',2,30,-63,-64.30001068,0.952310503
,,,,,,
1502206160, '6392B6C5FB53',2,30,-60,-62.19999695,0.961320221
1502206160, '459F7A08D5D7',2,27,-74,-75,0.877058029
1502206160, 'DAD655CD510A',2,29,-63,-63.65517426,0.768851638
1502206160, '2D1032CDC2EC',3,29,-70,-71,0.654651165
,,,,,,
1502206220, '6392B6C5FB53',2,30,-61,-62.46665955,0.776080251
1502206220, '459F7A08D5D7',2,27,-74,-75.70371246,1.514410853
1502206220, 'DAD655CD510A',2,30,-62,-64.09999084,1.028892994
1502206220, '2D1032CDC2EC',3,29,-70,-71.37930298,0.621850789
,,,,,,
1502206280, '6392B6C5FB53',2,30,-62,-62.53333282,0.507416368
1502206280, '459F7A08D5D7',2,29,-73,-75.75862122,1.214649796
1502206280, 'DAD655CD510A',2,30,-64,-64.93334198,0.907185018
1502206280, '2D1032CDC2EC',3,30,-70,-70.83334351,0.53066951
,,,,,,
1502206340, '6392B6C5FB53',2,29,-62,-62.6896553,0.541390359
1502206340, '459F7A08D5D7',2,28,-74,-77.14285278,1.45841825
1502206340, 'DAD655CD510A',2,29,-64,-65.48274231,1.021925092
1502206340, '2D1032CDC2EC',3,29,-70,-70.68965912,0.71231395
,,,,,,
1502206400, '6392B6C5FB53',2,30,-62,-62.66667175,0.660893857
1502206400, '459F7A08D5D7',2,28,-74,-75.64286041,1.591979265
1502206400, 'DAD655CD510A',2,30,-63,-65.03334045,0.490132987
1502206400, '2D1032CDC2EC',3,29,-70,-70.72413635,0.701863468
,,,,,,
1502206460, '6392B6C5FB53',2,30,-62,-62.8666687,0.628810227
1502206460, '459F7A08D5D7',2,26,-75,-78.99999237,2.856575251
1502206460, '94DC6692F976',3,30,-66,-67.20000458,1.242908835
1502206460, '5D358CDAED0D',2,28,-67,-68.64285278,0.989360034
,,,,,,
1502206520, 'F9632B2DFC58',2,30,-74,-82.3666687,3.045441628
1502206520, '6392B6C5FB53',2,30,-62,-62.99999619,0.587220609
1502206520, '459F7A08D5D7',2,25,-73,-78.91999054,3.546355486
1502206520, 'DAD655CD510A',2,30,-62,-63.60000229,1.132589817
,,,,,,
1502206580, '6392B6C5FB53',2,30,-63,-63.70000458,0.794376552
1502206580, '459F7A08D5D7',2,28,-73,-74.60714722,1.314850569
1502206580, 'DAD655CD510A',2,30,-62,-63.03333282,0.413841009
1502206580, '94DC6692F976',3,29,-63,-66.82759094,2.421168327
,,,,,,
1502206580, '6392B6C5FB53',2,30,-63,-63.70000458,0.794376552
1502206580, '459F7A08D5D7',2,28,-73,-74.60714722,1.314850569
1502206580, 'DAD655CD510A',2,30,-62,-63.03333282,0.413841009
1502206580, '94DC6692F976',3,29,-63,-66.82759094,2.421168327
,,,,,,
1502206580, '6392B6C5FB53',2,30,-63,-63.70000458,0.794376552
1502206580, '459F7A08D5D7',2,28,-73,-74.60714722,1.314850569
1502206580, 'DAD655CD510A',2,30,-62,-63.03333282,0.413841009
1502206580, '94DC6692F976',3,29,-63,-66.82759094,2.421168327
,,,,,,
1502206640, 'F9632B2DFC58',2,29,-69,-72.24138641,2.558670759
1502206640, '6392B6C5FB53',2,30,-61,-62.89999771,0.66176331
1502206640, '2D1032CDC2EC',3,29,-70,-70.41378784,0.501230359
1502206640, '459F7A08D5D7',2,25,-74,-76.3999939,1.080119729
,,,,,,
1502206640, 'F9632B2DFC58',2,29,-69,-72.24138641,2.558670759
1502206640, '6392B6C5FB53',2,30,-61,-62.89999771,0.66176331
1502206640, '2D1032CDC2EC',3,29,-70,-70.41378784,0.501230359
1502206640, '459F7A08D5D7',2,25,-74,-76.3999939,1.080119729
,,,,,,
1502206700, '6392B6C5FB53',2,30,-62,-63.23333359,1.278019428
1502206700, '2D1032CDC2EC',3,30,-69,-69.3666687,0.556053162
1502206700, '459F7A08D5D7',2,29,-73,-75.24139404,1.550463915
1502206700, 'DAD655CD510A',2,29,-62,-63.10343933,0.77204597
,,,,,,
1502206760, 'F9632B2DFC58',2,28,-73,-76.25000763,2.702879906
1502206760, '6392B6C5FB53',2,30,-62,-62.39999771,0.621455252
1502206760, '2D1032CDC2EC',3,28,-69,-69.32143402,0.475592941
1502206760, '459F7A08D5D7',2,29,-73,-74.82758331,1.167077184
,,,,,,
1502206820, 'F9632B2DFC58',2,29,-69,-73.62070465,1.971474051
1502206820, '6392B6C5FB53',2,30,-61,-62.00000381,0.371390969
1502206820, '2D1032CDC2EC',3,29,-69,-69.24137878,0.43549484
1502206820, 'DAD655CD510A',2,28,-63,-64.10715485,0.628893435
,,,,,,
1502206880, 'F9632B2DFC58',2,30,-71,-73.13331604,1.591650128
1502206880, '6392B6C5FB53',2,30,-62,-62.79999924,0.610257447
1502206880, '2D1032CDC2EC',3,29,-69,-69.82758331,0.53910917
1502206880, '459F7A08D5D7',2,26,-74,-76.49999237,1.208304167
,,,,,,
1502206940, 'F9632B2DFC58',2,27,-71,-72.62963104,1.114524364
1502206940, '6392B6C5FB53',2,29,-61,-61.96551895,0.49876681
1502206940, '2D1032CDC2EC',3,28,-70,-70,0
1502206940, '459F7A08D5D7',2,27,-73,-74.92592621,0.7808249
,,,,,,
1502206940, 'F9632B2DFC58',2,27,-71,-72.62963104,1.114524364
1502206940, '6392B6C5FB53',2,29,-61,-61.96551895,0.49876681
1502206940, '2D1032CDC2EC',3,28,-70,-70,0
1502206940, '459F7A08D5D7',2,27,-73,-74.92592621,0.7808249
,,,,,,
1502207000, 'F9632B2DFC58',2,29,-72,-77.24137878,3.481125593
1502207000, '6392B6C5FB53',2,30,-62,-62.60000229,1.037237287
1502207000, '2D1032CDC2EC',3,28,-69,-69.5357132,0.507874489
1502207000, '459F7A08D5D7',2,28,-71,-72.7142868,0.975900114
,,,,,,
1502207060, 'F9632B2DFC58',2,27,-72,-79.14814758,6.407348633
1502207060, '6392B6C5FB53',2,30,-61,-62.46667099,0.860366404
1502207060, '459F7A08D5D7',2,28,-71,-74.24999237,1.322876334
1502207060, 'DAD655CD510A',2,29,-63,-64.24137115,0.786272585
,,,,,,
1502207060, 'F9632B2DFC58',2,27,-72,-79.14814758,6.407348633
1502207060, '6392B6C5FB53',2,30,-61,-62.46667099,0.860366404
1502207060, '459F7A08D5D7',2,28,-71,-74.24999237,1.322876334
1502207060, 'DAD655CD510A',2,29,-63,-64.24137115,0.786272585
,,,,,,
1502207060, 'F9632B2DFC58',2,27,-72,-79.14814758,6.407348633
1502207060, '6392B6C5FB53',2,30,-61,-62.46667099,0.860366404
1502207060, '459F7A08D5D7',2,28,-71,-74.24999237,1.322876334
1502207060, 'DAD655CD510A',2,29,-63,-64.24137115,0.786272585
,,,,,,
1502207120, '6392B6C5FB53',2,30,-61,-62.20000076,0.484233677
1502207120, '2D1032CDC2EC',3,29,-69,-69.89654541,0.309933394
1502207120, '459F7A08D5D7',2,28,-74,-75.74999237,1.322873116
1502207120, 'DAD655CD510A',2,30,-62,-63.13333893,0.434173226
,,,,,,
1502207180, 'F9632B2DFC58',2,26,-70,-76.65384674,5.505940914
1502207180, '6392B6C5FB53',2,27,-60,-62.96295929,1.055443048
1502207180, '2D1032CDC2EC',3,27,-69,-69.48147583,0.509174109
1502207180, '459F7A08D5D7',2,30,-73,-74.56666565,1.006302357
,,,,,,
1502207240, 'F9632B2DFC58',2,26,-71,-79.49999237,5.353502274
1502207240, '6392B6C5FB53',2,29,-62,-63,0.755928278
1502207240, '2D1032CDC2EC',3,29,-69,-69.79310608,0.675031722
1502207240, '459F7A08D5D7',2,29,-74,-75.24138641,0.950758934
,,,,,,
1502207300, 'F9632B2DFC58',2,28,-71,-73.17856598,2.211981058
1502207300, '6392B6C5FB53',2,30,-62,-63.26666641,0.583292723
1502207300, '2D1032CDC2EC',3,27,-69,-69.18518066,0.395846635
1502207300, '459F7A08D5D7',2,29,-74,-75.41379547,0.824503064
,,,,,,
1502207360, 'F9632B2DFC58',2,27,-73,-77.07408142,3.689126492
1502207360, '6392B6C5FB53',2,30,-61,-62.33333206,0.606477737
1502207360, '2D1032CDC2EC',3,28,-69,-69.60714722,0.497347385
1502207360, '459F7A08D5D7',2,28,-73,-74.39285278,0.87513864
,,,,,,
1502207420, 'F9632B2DFC58',2,28,-74,-75.5,1.201848865
1502207420, '6392B6C5FB53',2,30,-61,-61.96666718,0.614948869
1502207420, '2D1032CDC2EC',3,29,-68,-69.34482574,0.552646518
1502207420, '459F7A08D5D7',2,29,-75,-76.82758331,1.489700198
,,,,,,
1502207480, 'F9632B2DFC58',2,27,-73,-74.70371246,1.353480577
1502207480, '6392B6C5FB53',2,29,-60,-61.24138641,0.63556546
1502207480, '2D1032CDC2EC',3,28,-69,-69.07144165,0.26226747
1502207480, '459F7A08D5D7',2,28,-75,-77.53572083,1.66626668
,,,,,,
1502207540, 'F9632B2DFC58',2,29,-73,-77.37931061,2.678137302
1502207540, '6392B6C5FB53',2,30,-61,-61.86666107,0.937103868
1502207540, '2D1032CDC2EC',3,29,-68,-68.75862122,0.435494214
1502207540, '459F7A08D5D7',2,29,-72,-76.44828033,1.881989598
,,,,,,
1502207600, 'F9632B2DFC58',2,24,-75,-79.04167175,2.196422338
1502207600, '6392B6C5FB53',2,28,-61,-62.8571434,1.736626744
1502207600, '2D1032CDC2EC',3,28,-68,-68.96429443,0.692936301
1502207600, '459F7A08D5D7',2,30,-72,-74.13333893,0.937102079
,,,,,,
1502207600, 'F9632B2DFC58',2,24,-75,-79.04167175,2.196422338
1502207600, '6392B6C5FB53',2,28,-61,-62.8571434,1.736626744
1502207600, '2D1032CDC2EC',3,28,-68,-68.96429443,0.692936301
1502207600, '459F7A08D5D7',2,30,-72,-74.13333893,0.937102079
,,,,,,
1502207660, 'F9632B2DFC58',2,30,-73,-76.79999542,2.578423977
1502207660, '6392B6C5FB53',2,30,-62,-62.53333282,0.507415831
1502207660, '2D1032CDC2EC',3,30,-68,-68.73332977,0.449776083
1502207660, '459F7A08D5D7',2,28,-72,-73.64286041,1.095927715
,,,,,,
1502207720, 'F9632B2DFC58',2,28,-74,-77.53570557,2.456768274
1502207720, '6392B6C5FB53',2,30,-61,-62.6000061,0.674663365
1502207720, '2D1032CDC2EC',3,30,-67,-69.16667938,0.647716701
1502207720, '459F7A08D5D7',2,28,-72,-73.85714722,0.970459819
,,,,,,
1502207720, 'F9632B2DFC58',2,28,-74,-77.53570557,2.456768274
1502207720, '6392B6C5FB53',2,30,-61,-62.6000061,0.674663365
1502207720, '2D1032CDC2EC',3,30,-67,-69.16667938,0.647716701
1502207720, '459F7A08D5D7',2,28,-72,-73.85714722,0.970459819
,,,,,,
1502207720, 'F9632B2DFC58',2,28,-74,-77.53570557,2.456768274
1502207720, '6392B6C5FB53',2,30,-61,-62.6000061,0.674663365
1502207720, '2D1032CDC2EC',3,30,-67,-69.16667938,0.647716701
1502207720, '459F7A08D5D7',2,28,-72,-73.85714722,0.970459819
,,,,,,
1502207720, 'F9632B2DFC58',2,28,-74,-77.53570557,2.456768274
1502207720, '6392B6C5FB53',2,30,-61,-62.6000061,0.674663365
1502207720, '2D1032CDC2EC',3,30,-67,-69.16667938,0.647716701
1502207720, '459F7A08D5D7',2,28,-72,-73.85714722,0.970459819
,,,,,,
1502207720, 'F9632B2DFC58',2,28,-74,-77.53570557,2.456768274
1502207720, '6392B6C5FB53',2,30,-61,-62.6000061,0.674663365
1502207720, '2D1032CDC2EC',3,30,-67,-69.16667938,0.647716701
1502207720, '459F7A08D5D7',2,28,-72,-73.85714722,0.970459819
,,,,,,
1502207720, 'F9632B2DFC58',2,28,-74,-77.53570557,2.456768274
1502207720, '6392B6C5FB53',2,30,-61,-62.6000061,0.674663365
1502207720, '2D1032CDC2EC',3,30,-67,-69.16667938,0.647716701
1502207720, '459F7A08D5D7',2,28,-72,-73.85714722,0.970459819
,,,,,,
1502207780, 'F9632B2DFC58',2,29,-68,-74.75862122,4.634153366
1502207780, '6392B6C5FB53',2,29,-61,-62.96552277,0.778403521
1502207780, '2D1032CDC2EC',3,29,-69,-69.48274994,0.508545458
1502207780, '459F7A08D5D7',2,28,-72,-73.10714722,0.566946447
,,,,,,
1502207840, 'F9632B2DFC58',2,30,-70,-71.7333374,1.25762105
1502207840, '6392B6C5FB53',2,30,-61,-62.23332977,0.50400728
1502207840, '2D1032CDC2EC',3,27,-69,-69.51851654,0.579811931
1502207840, '459F7A08D5D7',2,28,-73,-74.32143402,1.020295143
,,,,,,
1502207900, 'F9632B2DFC58',2,28,-68,-71.78570557,4.433520794
1502207900, '6392B6C5FB53',2,29,-62,-62.51724243,0.508546948
1502207900, '2D1032CDC2EC',3,29,-69,-69.89654541,0.309934556
1502207900, '459F7A08D5D7',2,27,-74,-75.85184479,1.13353467
,,,,,,
1502207960, 'F9632B2DFC58',2,30,-68,-69.26668549,1.257624984
1502207960, '6392B6C5FB53',2,30,-62,-62.56666946,0.504007339
1502207960, '2D1032CDC2EC',3,26,-69,-69.69229889,0.470674336
1502207960, '459F7A08D5D7',2,29,-74,-74.75862885,0.689468622
,,,,,,
1502208020, 'F9632B2DFC58',2,29,-68,-75.31034851,5.258350849
1502208020, '6392B6C5FB53',2,29,-62,-62.75861359,0.635565519
1502208020, '2D1032CDC2EC',3,30,-68,-69.63333893,0.66867435
1502208020, '459F7A08D5D7',2,29,-73,-74.96550751,0.865314484
,,,,,,
1502208080, '5D358CDAED0D',2,30,-66,-66.99999237,0.587221146
1502208080, 'F9632B2DFC58',2,27,-65,-69.29629517,3.098567247
1502208080, '6392B6C5FB53',2,28,-61,-62.7857132,0.738222897
1502208080, '2D1032CDC2EC',3,29,-69,-69.96551514,0.185695544
,,,,,,
1502208140, '5D358CDAED0D',2,30,-63,-66.46666718,0.819307745
1502208140, 'F9632B2DFC58',2,28,-67,-69.46427917,2.02726388
1502208140, '6392B6C5FB53',2,29,-62,-63.31034088,0.541390717
1502208140, '2D1032CDC2EC',3,29,-69,-69.96550751,0.325440794
,,,,,,
1502208200, '5D358CDAED0D',2,28,-66,-66.28572083,0.460042894
1502208200, 'F9632B2DFC58',2,27,-66,-69.96295166,2.174704552
1502208200, '6392B6C5FB53',2,29,-62,-63,0.534522474
1502208200, '2D1032CDC2EC',3,30,-69,-69.3666687,0.490132511
,,,,,,
1502208260, '5D358CDAED0D',2,28,-65,-66.5,0.999999821
1502208260, 'F9632B2DFC58',2,30,-67,-69.6000061,1.522248626
1502208260, '6392B6C5FB53',2,30,-61,-62.79999924,0.664363921
1502208260, '2D1032CDC2EC',3,30,-69,-69.30001068,0.466089308
,,,,,,
1502208320, '5D358CDAED0D',2,31,-65,-65.93548584,0.629045069
1502208320, 'F9632B2DFC58',2,26,-66,-70.49999237,3.432200909
1502208320, '6392B6C5FB53',2,29,-62,-62.89654922,0.617877781
1502208320, '459F7A08D5D7',2,24,-73,-75.91667175,1.380504966
,,,,,,
9A34ECDEA99E,,,,,,
,,,,,,
time,hwid,type,samples,maxRSSI,mean,stddev
1502208500, 'F9632B2DFC58',2,30,-66,-68.3666687,1.6914289
1502208500, '6392B6C5FB53',2,28,-62,-64.50001526,2.151654959
1502208500, '2D1032CDC2EC',3,29,-69,-70.03448486,0.90564698
1502208500, '459F7A08D5D7',2,28,-73,-77.64287567,2.9716506
,,,,,,
9A34ECDEA99E,,,,,,
,,,,,,
time,hwid,type,samples,maxRSSI,mean,stddev
1502208560, 'F9632B2DFC58',2,28,-66,-67.28572083,0.712695599
1502208560, '6392B6C5FB53',2,30,-62,-63.63333511,0.999425352
1502208560, '2D1032CDC2EC',3,29,-68,-69,0.267261475
1502208560, '459F7A08D5D7',2,29,-73,-74.62068939,0.978839457
,,,,,,
1502208560, 'F9632B2DFC58',2,28,-66,-67.28572083,0.712695599
1502208560, '6392B6C5FB53',2,30,-62,-63.63333511,0.999425352
1502208560, '2D1032CDC2EC',3,29,-68,-69,0.267261475
1502208560, '459F7A08D5D7',2,29,-73,-74.62068939,0.978839457
,,,,,,
1502208620, 'F9632B2DFC58',2,28,-66,-67.28570557,0.599824429
1502208620, '6392B6C5FB53',2,30,-62,-63.83333969,0.791479409
1502208620, '2D1032CDC2EC',3,28,-69,-69.60713959,0.497346491
1502208620, '459F7A08D5D7',2,27,-75,-76.48148346,1.014145851
,,,,,,
1502208680, 'F9632B2DFC58',2,26,-66,-73.69230652,6.348349571
1502208680, '6392B6C5FB53',2,29,-63,-64.10345459,1.01223886
1502208680, '2D1032CDC2EC',3,27,-70,-70.66665649,0.620174229
1502208680, '459F7A08D5D7',2,29,-73,-75.68965912,1.227759242
,,,,,,
1502208740, 'F9632B2DFC58',2,29,-69,-76.17240906,2.739511967
1502208740, '6392B6C5FB53',2,29,-60,-64.55171967,2.164420843
1502208740, '2D1032CDC2EC',3,30,-68,-70.53334808,2.582882881
1502208740, '459F7A08D5D7',2,28,-72,-74.9642868,1.400585175
,,,,,,
1502208740, 'F9632B2DFC58',2,29,-69,-76.17240906,2.739511967
1502208740, '6392B6C5FB53',2,29,-60,-64.55171967,2.164420843
1502208740, '2D1032CDC2EC',3,30,-68,-70.53334808,2.582882881
1502208740, '459F7A08D5D7',2,28,-72,-74.9642868,1.400585175
,,,,,,
1502208800, 'F9632B2DFC58',2,28,-64,-69.5357132,5.731533051
1502208800, '6392B6C5FB53',2,28,-62,-65.67856598,3.06779623
1502208800, '2D1032CDC2EC',3,28,-69,-70.4642868,2.081348181
1502208800, 'DAD655CD510A',2,30,-63,-65.2666626,2.97034812
,,,,,,
1502208860, '6392B6C5FB53',2,29,-64,-66.96551514,1.782509923
1502208860, '2D1032CDC2EC',3,30,-68,-68.93332672,0.520828843
1502208860, 'F9632B2DFC58',2,30,-64,-65.36667633,0.718398154
1502208860, '459F7A08D5D7',2,28,-67,-69.03570557,1.231745362
,,,,,,
1502208920, '6392B6C5FB53',2,30,-64,-66.93332672,1.080654383
1502208920, '2D1032CDC2EC',3,30,-67,-67.80000305,0.664364696
1502208920, 'F9632B2DFC58',2,29,-64,-65.51724243,0.737790108
1502208920, '459F7A08D5D7',2,27,-66,-70.40740204,2.274597406
,,,,,,
1502208980, '6392B6C5FB53',2,29,-65,-65.75862122,0.739456177
1502208980, '2D1032CDC2EC',3,28,-67,-67.25,0.440958887
1502208980, 'F9632B2DFC58',2,29,-64,-66.10346222,1.345493674
1502208980, '459F7A08D5D7',2,27,-71,-73.66666412,1
,,,,,,
1502209040, '2D1032CDC2EC',3,29,-67,-67.86206818,0.350931138
1502209040, 'F9632B2DFC58',2,30,-64,-64.69999695,0.651257455
1502209040, '6392B6C5FB53',2,29,-64,-65.10345459,0.772047877
1502209040, '459F7A08D5D7',2,27,-72,-74.03703308,1.125971556
,,,,,,
1502209100, '2D1032CDC2EC',3,29,-67,-67.96551514,0.421117574
1502209100, 'F9632B2DFC58',2,29,-63,-64.17240906,0.710580707
1502209100, '6392B6C5FB53',2,30,-65,-66.56666565,0.897633612
1502209100, '459F7A08D5D7',2,29,-73,-74.44827271,0.948163867
,,,,,,
1502209160, '2D1032CDC2EC',3,27,-67,-67.66666412,0.554700136
1502209160, 'F9632B2DFC58',2,30,-63,-64.1333313,0.819305897
1502209160, '6392B6C5FB53',2,30,-64,-67.90000153,2.106637716
1502209160, '459F7A08D5D7',2,27,-72,-74.85185242,1.536821604
,,,,,,
1502209220, 'F9632B2DFC58',2,30,-63,-64.53333282,1.166585803
1502209220, '6392B6C5FB53',2,30,-64,-65.03333282,0.850285292
1502209220, '459F7A08D5D7',2,27,-72,-74.14814758,1.321526885
1502209220, 'DAD655CD510A',2,27,-65,-65.66665649,0.554701507
,,,,,,
1502209280, '2D1032CDC2EC',3,30,-67,-67.99999237,0.262613952
1502209280, 'F9632B2DFC58',2,30,-65,-65.46666718,0.571346402
1502209280, '6392B6C5FB53',2,30,-63,-64.3666687,1.245223045
1502209280, '459F7A08D5D7',2,29,-71,-72.41378784,1.018306136
,,,,,,
1502209340, '2D1032CDC2EC',3,29,-67,-67.75862885,0.510964036
1502209340, 'F9632B2DFC58',2,29,-63,-65.48275757,0.784705937
1502209340, '6392B6C5FB53',2,30,-62,-65.06666565,1.284745574
1502209340, '459F7A08D5D7',2,27,-70,-71.88889313,1.281027317
,,,,,,
1502209400, '2D1032CDC2EC',3,29,-67,-68.03448486,0.680482626
1502209400, 'F9632B2DFC58',2,29,-63,-66.00000763,1.71130693
1502209400, '6392B6C5FB53',2,29,-65,-67.06896973,1.486391783
1502209400, '459F7A08D5D7',2,28,-70,-72.4642868,2.617352724
,,,,,,
1502209460, '2D1032CDC2EC',3,30,-60,-64.86667633,3.441464901
1502209460, 'F9632B2DFC58',2,29,-64,-65.65516663,0.768852353
1502209460, '6392B6C5FB53',2,28,-64,-67.03572083,2.486741066
1502209460, '459F7A08D5D7',2,28,-73,-76.67857361,2.816006899
,,,,,,
1502209520, '2D1032CDC2EC',3,28,-62,-64.32143402,1.906200051
1502209520, 'F9632B2DFC58',2,30,-64,-65.8999939,0.758853257
1502209520, '459F7A08D5D7',2,28,-69,-72.75000763,2.71654582
1502209520, 'DAD655CD510A',2,26,-65,-65.92308044,0.744206667
,,,,,,
1502209580, '2D1032CDC2EC',3,29,-61,-62.89655304,1.113066077
1502209580, 'F9632B2DFC58',2,30,-64,-64.63334656,0.614947617
1502209580, '6392B6C5FB53',2,30,-62,-64.7333374,1.284747124
1502209580, '459F7A08D5D7',2,25,-71,-75.76000214,3.766961575
,,,,,,
1502209640, '2D1032CDC2EC',3,29,-61,-63.17242432,0.848061979
1502209640, 'F9632B2DFC58',2,29,-63,-65.31034851,0.849515378
1502209640, '6392B6C5FB53',2,30,-62,-64.6333313,0.889917731
1502209640, '459F7A08D5D7',2,26,-73,-76.50000763,2.024847031
,,,,,,
1502209700, '2D1032CDC2EC',3,28,-62,-64.10713959,1.165532708
1502209700, '6392B6C5FB53',2,29,-61,-64.41378784,1.615044951
1502209700, '459F7A08D5D7',2,29,-71,-74.24137878,3.602132082
1502209700, 'DAD655CD510A',2,29,-65,-65.86207581,0.69303298
,,,,,,
1502209760, '2D1032CDC2EC',3,30,-63,-64.63334656,1.066199303
1502209760, 'F9632B2DFC58',2,29,-65,-68.93103027,4.780399323
1502209760, '6392B6C5FB53',2,30,-63,-63.80000687,0.610257149
1502209760, '459F7A08D5D7',2,28,-72,-73.49998474,1.31937027
,,,,,,
1502209820, '2D1032CDC2EC',3,30,-62,-63.53333282,0.681445539
1502209820, 'F9632B2DFC58',2,27,-66,-73.29628754,3.93030262
1502209820, '6392B6C5FB53',2,29,-62,-63.72412872,0.797157347
1502209820, '459F7A08D5D7',2,28,-71,-73.53572083,1.477787971
,,,,,,
1502209880, '2D1032CDC2EC',3,28,-60,-66.60714722,3.937846422
1502209880, 'F9632B2DFC58',2,30,-66,-67.16667175,1.116746187
1502209880, '6392B6C5FB53',2,30,-61,-62.83333969,0.8339082
1502209880, 'DAD655CD510A',2,29,-64,-65.62068939,0.820008993
,,,,,,
1502209940, '2D1032CDC2EC',3,29,-60,-62.75862503,1.214648128
1502209940, 'F9632B2DFC58',2,29,-66,-69.06895447,2.136932373
1502209940, '6392B6C5FB53',2,29,-62,-63.10345078,0.900191188
1502209940, '459F7A08D5D7',2,26,-74,-76.38461304,0.982930183
,,,,,,
1502210000, '2D1032CDC2EC',3,31,-60,-61.90322876,0.870051384
1502210000, 'F9632B2DFC58',2,29,-66,-68.34483337,1.518366098
1502210000, '6392B6C5FB53',2,30,-64,-64.8999939,0.661763072
1502210000, '459F7A08D5D7',2,30,-71,-74.9666748,2.965121269
,,,,,,
1502210060, 'F9632B2DFC58',2,26,-66,-68.5769043,1.447009563
1502210060, '6392B6C5FB53',2,28,-64,-66.14285278,1.145499587
1502210060, '459F7A08D5D7',2,28,-68,-71.2857132,2.477411985
1502210060, 'DAD655CD510A',2,28,-65,-65.5,0.962250948
,,,,,,
1502210120, 'F9632B2DFC58',2,30,-65,-67.90000153,1.91815269
1502210120, '6392B6C5FB53',2,28,-64,-65.96427917,1.035737395
1502210120, '459F7A08D5D7',2,20,-67,-69.69998932,2.81162858
1502210120, 'DAD655CD510A',2,28,-64,-65.60713196,0.785955429
,,,,,,
1502210180, 'F9632B2DFC58',2,29,-63,-67.06896973,1.980819702
1502210180, '6392B6C5FB53',2,29,-63,-64.99999237,0.925818145
1502210180, '459F7A08D5D7',2,30,-66,-67.09999084,0.661764562
1502210180, 'DAD655CD510A',2,29,-65,-66.44828796,1.325200677
,,,,,,
1502210240, 'F9632B2DFC58',2,27,-65,-66.33332825,0.784460425
1502210240, '6392B6C5FB53',2,30,-63,-63.96665955,0.999423921
1502210240, 'DAD655CD510A',2,30,-64,-65.59999084,0.894424498
1502210240, '459F7A08D5D7',2,30,-66,-67.03334045,0.490132838
,,,,,,
1502210300, 'F9632B2DFC58',2,28,-65,-65.92855835,0.604215443
1502210300, '6392B6C5FB53',2,29,-62,-63.48275757,0.737790823
1502210300, 'DAD655CD510A',2,30,-64,-67.33334351,1.295436025
1502210300, '459F7A08D5D7',2,30,-66,-67.13332367,0.681445897
,,,,,,
1502210360, 'F9632B2DFC58',2,28,-65,-66.00000763,0.769798994
1502210360, '6392B6C5FB53',2,28,-62,-63.78570938,0.832539141
1502210360, 'DAD655CD510A',2,29,-65,-71.41378021,2.625661135
1502210360, '459F7A08D5D7',2,27,-66,-66.8888855,0.933700144
,,,,,,
1502210420, 'F9632B2DFC58',2,29,-66,-66.75862122,0.739457488
1502210420, '6392B6C5FB53',2,29,-64,-64.96551514,0.94425869
1502210420, 'DAD655CD510A',2,28,-70,-72.24999237,1.481368899
1502210420, '459F7A08D5D7',2,30,-66,-66.59999847,0.498269439
,,,,,,
1502210480, 'F9632B2DFC58',2,30,-67,-68.30000305,0.915386558
1502210480, '6392B6C5FB53',2,29,-63,-65.68965912,0.929802239
1502210480, 'DAD655CD510A',2,29,-70,-71.27586365,1.161789179
1502210480, '459F7A08D5D7',2,30,-66,-66.83333588,0.530666471
,,,,,,
1502210540, 'F9632B2DFC58',2,29,-63,-65.79310608,2.289405346
1502210540, '6392B6C5FB53',2,28,-63,-64.67857361,0.722833097
1502210540, 'DAD655CD510A',2,29,-68,-70.96552277,1.569412827
1502210540, '459F7A08D5D7',2,30,-67,-67.19999695,0.406838179
,,,,,,
1502210600, 'F9632B2DFC58',2,29,-62,-63.75862122,0.689469874
1502210600, '6392B6C5FB53',2,28,-64,-65.24999237,0.799304962
1502210600, 'DAD655CD510A',2,29,-66,-69.24137878,1.090712547
1502210600, '459F7A08D5D7',2,29,-66,-67.10344696,0.488790154
,,,,,,
1502210660, 'F9632B2DFC58',2,29,-62,-63.96551514,0.981353641
1502210660, '6392B6C5FB53',2,30,-63,-65.2333374,1.304721594
1502210660, 'DAD655CD510A',2,28,-65,-66.78572083,1.197440505
1502210660, '459F7A08D5D7',2,30,-67,-68.33333588,0.884086251
,,,,,,
1502210720, 'F9632B2DFC58',2,30,-64,-64.66666412,0.71115905
1502210720, '6392B6C5FB53',2,29,-64,-65.10345459,0.724313557
1502210720, '2D1032CDC2EC',3,29,-64,-64.82758331,0.658406973
1502210720, 'DAD655CD510A',2,28,-65,-66.25000763,0.518187165
,,,,,,
1502210780, 'F9632B2DFC58',2,30,-63,-64.0333252,0.614948213
1502210780, '6392B6C5FB53',2,30,-64,-65.2666626,0.639686942
1502210780, '2D1032CDC2EC',3,30,-62,-63.66666412,0.922265649
1502210780, 'DAD655CD510A',2,28,-66,-66.75,0.518187821
,,,,,,
1502210840, 'F9632B2DFC58',2,30,-62,-63.73333359,0.784915686
1502210840, '6392B6C5FB53',2,29,-64,-65.9310379,1.510227203
1502210840, '2D1032CDC2EC',3,29,-61,-64.75862885,3.147054672
1502210840, 'DAD655CD510A',2,28,-63,-66.14286041,0.931520641
,,,,,,
1502210960, 'F9632B2DFC58',2,28,-62,-63.7857132,0.83253932
1502210960, '6392B6C5FB53',2,30,-66,-67.4666748,0.937103271
1502210960, '2D1032CDC2EC',3,30,-63,-65.43333435,1.381736994
1502210960, 'DAD655CD510A',2,24,-65,-67.41666412,0.880547523
,,,,,,
1502211020, 'F9632B2DFC58',2,29,-63,-64.17241669,0.658404469
1502211020, '6392B6C5FB53',2,30,-65,-68.06668091,1.779834151
1502211020, '2D1032CDC2EC',3,30,-57,-64.69999695,4.194823742
1502211020, 'DAD655CD510A',2,30,-66,-68.96665955,2.42804575
,,,,,,
1502211080, 'F9632B2DFC58',2,30,-62,-63.86666107,0.899552822
1502211080, '6392B6C5FB53',2,28,-66,-69.17858124,1.826829433
1502211080, '2D1032CDC2EC',3,30,-63,-65.03333282,1.098067164
1502211080, 'DAD655CD510A',2,29,-66,-68.75861359,2.029338121
,,,,,,
1502211140, '6392B6C5FB53',2,28,-65,-67.14286804,1.007907987
1502211140, '2D1032CDC2EC',3,28,-63,-64.0357132,0.69293505
1502211140, 'DAD655CD510A',2,30,-67,-68.8666687,1.252125621
1502211140, '459F7A08D5D7',2,27,-67,-68.29629517,0.541707814
,,,,,,
1502211200, '6392B6C5FB53',2,29,-65,-67.20689392,1.206511259
1502211200, '2D1032CDC2EC',3,30,-61,-64.00000763,0.946864963
1502211200, 'DAD655CD510A',2,28,-68,-69.7142868,1.212804317
1502211200, '94DC6692F976',3,29,-67,-70.24137878,2.785873652
,,,,,,
1502211260, '6392B6C5FB53',2,29,-63,-64.79310608,0.77364248
1502211260, 'F9632B2DFC58',2,29,-63,-64.24137115,0.912420034
1502211260, '2D1032CDC2EC',3,29,-63,-65.5172348,1.089582682
1502211260, 'DAD655CD510A',2,27,-67,-70.222229,1.281023979
,,,,,,
1502211320, '6392B6C5FB53',2,29,-64,-65.58621216,1.052791476
1502211320, 'F9632B2DFC58',2,30,-63,-63.79999542,0.761123836
1502211320, '2D1032CDC2EC',3,30,-64,-65.66667175,0.922265589
1502211320, 'DAD655CD510A',2,30,-68,-70.59999084,1.220517516
,,,,,,
1502211380, '6392B6C5FB53',2,30,-61,-64.00001526,1.947591543
1502211380, 'F9632B2DFC58',2,29,-63,-67.24137878,6.378843307
1502211380, '2D1032CDC2EC',3,28,-62,-66.92857361,3.219481945
1502211380, 'DAD655CD510A',2,27,-62,-69.22221375,4.717666149
,,,,,,
1502211440, '6392B6C5FB53',2,30,-61,-62.79999924,1.627352238
1502211440, 'F9632B2DFC58',2,28,-74,-78.32142639,2.749459028
1502211440, '2D1032CDC2EC',3,29,-66,-68.37930298,1.719920397
1502211440, 'DAD655CD510A',2,28,-62,-62.7142868,0.534522116
,,,,,,
1502211440, '6392B6C5FB53',2,30,-61,-62.79999924,1.627352238
1502211440, 'F9632B2DFC58',2,28,-74,-78.32142639,2.749459028
1502211440, '2D1032CDC2EC',3,29,-66,-68.37930298,1.719920397
1502211440, 'DAD655CD510A',2,28,-62,-62.7142868,0.534522116
,,,,,,
1502211500, '6392B6C5FB53',2,30,-62,-62.39999771,0.621455252
1502211500, 'F9632B2DFC58',2,28,-71,-79.10713959,4.11266613
1502211500, '2D1032CDC2EC',3,28,-64,-66.64285278,1.311324954
1502211500, 'DAD655CD510A',2,30,-62,-62.43333054,0.568321168
,,,,,,
1502211560, '6392B6C5FB53',2,27,-61,-61.99999619,0.480383068
1502211560, 'F9632B2DFC58',2,28,-73,-77,2.567603827
1502211560, '2D1032CDC2EC',3,29,-64,-65.51725769,0.870989382
1502211560, 'DAD655CD510A',2,30,-62,-62.23333359,0.430181503
,,,,,,
1502211620, '6392B6C5FB53',2,30,-61,-61.79999924,0.550861239
1502211620, 'F9632B2DFC58',2,26,-72,-75.34616089,1.853481531
1502211620, '2D1032CDC2EC',3,30,-64,-65.33332825,0.802297533
1502211620, 'DAD655CD510A',2,29,-62,-62.62068939,0.493801981
,,,,,,
1502211680, '2D1032CDC2EC',3,27,-64,-65.62962341,0.741522551
1502211680, 'DAD655CD510A',2,30,-62,-62.66666794,0.479464382
1502211680, '5D358CDAED0D',2,30,-66,-67.06667328,0.520831168
1502211680, '6392B6C5FB53',2,30,-61,-62.1333313,0.434171915
,,,,,,
1502211740, 'F9632B2DFC58',2,27,-72,-76.4814682,2.806179762
1502211740, '2D1032CDC2EC',3,30,-62,-64.93332672,1.874203086
1502211740, 'DAD655CD510A',2,30,-62,-63.29999542,0.534983456
1502211740, '5D358CDAED0D',2,30,-65,-66.46666718,0.899552405
,,,,,,
1502211800, 'F9632B2DFC58',2,26,-74,-75.80768585,1.720911145
1502211800, '2D1032CDC2EC',3,30,-60,-62.53333282,1.382983208
1502211800, 'DAD655CD510A',2,30,-63,-63.73333359,0.639683545
1502211800, '5D358CDAED0D',2,30,-66,-67.56664276,0.626054108
,,,,,,
1502211860, 'F9632B2DFC58',2,27,-76,-80.51851654,2.722702742
1502211860, '2D1032CDC2EC',3,30,-61,-62.73333359,0.980264843
1502211860, 'DAD655CD510A',2,30,-62,-63.53333664,0.681445003
1502211860, '5D358CDAED0D',2,29,-65,-66.96552277,1.017095566
,,,,,,
1502211860, 'F9632B2DFC58',2,27,-76,-80.51851654,2.722702742
1502211860, '2D1032CDC2EC',3,30,-61,-62.73333359,0.980264843
1502211860, 'DAD655CD510A',2,30,-62,-63.53333664,0.681445003
1502211860, '5D358CDAED0D',2,29,-65,-66.96552277,1.017095566
,,,,,,
1502211920, 'F9632B2DFC58',2,30,-78,-82.30001068,2.71839571
1502211920, '2D1032CDC2EC',3,30,-60,-63.03333664,1.217213273
1502211920, 'DAD655CD510A',2,29,-63,-64.37930298,0.775232315
1502211920, '5D358CDAED0D',2,30,-66,-66.69998169,0.651259243
,,,,,,
1502211980, 'F9632B2DFC58',2,30,-75,-77.1000061,1.516573071
1502211980, '2D1032CDC2EC',3,29,-59,-61.17240906,1.311187983
1502211980, 'DAD655CD510A',2,30,-64,-64.2333374,0.430182219
1502211980, '5D358CDAED0D',2,29,-67,-67.89655304,0.859600902
,,,,,,
1502212040, 'F9632B2DFC58',2,28,-75,-77.32143402,1.278122425
1502212040, '2D1032CDC2EC',3,29,-60,-61.20689392,0.491304427
1502212040, 'DAD655CD510A',2,26,-63,-63.88460541,0.652801454
1502212040, '5D358CDAED0D',2,30,-65,-67.16666412,1.26172781
,,,,,,
1502212100, '2D1032CDC2EC',3,30,-61,-61.93333435,0.449777037
1502212100, '5D358CDAED0D',2,28,-65,-66,0.272165775
1502212100, '6392B6C5FB53',2,30,-61,-61.3666687,0.490132749
1502212100, '459F7A08D5D7',2,29,-68,-70.9310379,3.584999323
,,,,,,
1502212160, 'F9632B2DFC58',2,29,-77,-78.86207581,1.186957121
1502212160, '2D1032CDC2EC',3,30,-59,-61.76666641,1.222865582
1502212160, '5D358CDAED0D',2,28,-65,-66.03572083,0.331344813
1502212160, '6392B6C5FB53',2,30,-61,-61.7333374,0.520829499
,,,,,,
1502212220, 'F9632B2DFC58',2,29,-78,-81.24138641,2.081465721
1502212220, '2D1032CDC2EC',3,30,-58,-60.8666687,1.591644645
1502212220, '5D358CDAED0D',2,29,-66,-67.13793182,0.580894172
1502212220, '6392B6C5FB53',2,29,-59,-60.75862122,1.299866319
,,,,,,
1502212280, 'F9632B2DFC58',2,30,-79,-82.6333313,2.834313393
1502212280, '2D1032CDC2EC',3,29,-59,-60.65517807,0.856732368
1502212280, '5D358CDAED0D',2,28,-66,-67.5,0.92295754
1502212280, '6392B6C5FB53',2,30,-60,-61.16667175,0.647718906
,,,,,,
1502212340, '2D1032CDC2EC',3,30,-58,-61.73333359,1.337350368
1502212340, '5D358CDAED0D',2,30,-66,-66.8666687,0.571348011
1502212340, '6392B6C5FB53',2,30,-61,-61.43332672,0.504006445
1502212340, '459F7A08D5D7',2,28,-71,-71.57143402,0.503952742
,,,,,,
1502212400, '5D358CDAED0D',2,30,-66,-67,0.694808185
1502212400, '6392B6C5FB53',2,30,-60,-61.40000534,0.563240945
1502212400, '459F7A08D5D7',2,29,-70,-70.96550751,0.421118021
1502212400, 'DAD655CD510A',2,29,-62,-62.44827271,0.506118953
,,,,,,
1502212460, '5D358CDAED0D',2,30,-66,-66.8666687,0.43417269
1502212460, '6392B6C5FB53',2,30,-61,-61.53333664,0.628811479
1502212460, '459F7A08D5D7',2,27,-71,-71.2963028,0.465318024
1502212460, 'DAD655CD510A',2,29,-63,-63,0
,,,,,,
1502212520, 'F9632B2DFC58',2,25,-77,-80.95999908,2.507985592
1502212520, '5D358CDAED0D',2,29,-66,-66.68965149,0.712310195
1502212520, '6392B6C5FB53',2,30,-61,-61.63333511,0.490132272
1502212520, 'DAD655CD510A',2,30,-62,-62.79999542,0.550862134
,,,,,,
1502212580, 'F9632B2DFC58',2,27,-76,-84.07407379,4.607068539
1502212580, '5D358CDAED0D',2,29,-66,-67.24137878,1.02313149
1502212580, '6392B6C5FB53',2,29,-59,-60.62068939,0.775231659
1502212580, '459F7A08D5D7',2,29,-68,-70.13792419,1.381617308
,,,,,,
1502212580, 'F9632B2DFC58',2,27,-76,-84.07407379,4.607068539
1502212580, '5D358CDAED0D',2,29,-66,-67.24137878,1.02313149
1502212580, '6392B6C5FB53',2,29,-59,-60.62068939,0.775231659
1502212580, '459F7A08D5D7',2,29,-68,-70.13792419,1.381617308
,,,,,,
1502212580, 'F9632B2DFC58',2,27,-76,-84.07407379,4.607068539
1502212580, '5D358CDAED0D',2,29,-66,-67.24137878,1.02313149
1502212580, '6392B6C5FB53',2,29,-59,-60.62068939,0.775231659
1502212580, '459F7A08D5D7',2,29,-68,-70.13792419,1.381617308
,,,,,,
1502212640, 'F9632B2DFC58',2,28,-78,-83.07142639,3.066287041
1502212640, '5D358CDAED0D',2,28,-66,-67.35715485,0.780042827
1502212640, '6392B6C5FB53',2,30,-59,-61.40000153,1.069966435
1502212640, 'DAD655CD510A',2,29,-62,-62.89654922,0.900190055
,,,,,,
1502212700, 'F9632B2DFC58',2,22,-80,-83.4545517,2.649837971
1502212700, '6392B6C5FB53',2,30,-59,-60.26666641,0.583291829
1502212700, '459F7A08D5D7',2,30,-70,-70.7666626,0.430180758
1502212700, 'DAD655CD510A',2,29,-62,-62.86206818,0.350931674
,,,,,,
1502212760, 'F9632B2DFC58',2,20,-74,-84.99999237,4.436687946
1502212760, '5D358CDAED0D',2,24,-66,-68.25000763,1.510829329
1502212760, '6392B6C5FB53',2,24,-60,-61.08333206,0.928611338
1502212760, '459F7A08D5D7',2,24,-70,-71,0.417029232
,,,,,,
1502212820, 'F9632B2DFC58',2,27,-71,-80.92592621,5.180778027
1502212820, '5D358CDAED0D',2,29,-66,-68.24138641,1.057462215
1502212820, '6392B6C5FB53',2,29,-61,-63.13793182,2.263440609
1502212820, '459F7A08D5D7',2,30,-69,-70.7333374,0.739680409
,,,,,,
1502212880, 'F9632B2DFC58',2,28,-70,-77.35714722,4.699993134
1502212880, '5D358CDAED0D',2,29,-67,-67.96551514,0.944258928
1502212880, '6392B6C5FB53',2,30,-62,-62.7666626,1.304721713
1502212880, '459F7A08D5D7',2,29,-70,-71.00000763,0.597614765
,,,,,,
1502212940, 'F9632B2DFC58',2,29,-71,-74.37931061,1.590458989
1502212940, '5D358CDAED0D',2,30,-67,-68.36666107,0.764889956
1502212940, '6392B6C5FB53',2,30,-61,-62.66666794,0.884085894
1502212940, '459F7A08D5D7',2,29,-69,-70.55171204,1.182801485
,,,,,,
1502213000, 'F9632B2DFC58',2,28,-75,-76.85714722,1.406710863
1502213000, '5D358CDAED0D',2,30,-67,-68.43334198,1.006303549
1502213000, '6392B6C5FB53',2,30,-62,-62.43333054,0.504005671
1502213000, '459F7A08D5D7',2,29,-70,-71.24137878,0.635562956
,,,,,,
1502213060, 'F9632B2DFC58',2,28,-71,-77,3.46409893
1502213060, '5D358CDAED0D',2,27,-65,-67.29629517,0.823445082
1502213060, '6392B6C5FB53',2,29,-62,-62.86206818,1.059788823
1502213060, '459F7A08D5D7',2,26,-70,-71.50000763,0.948682606
,,,,,,
1502213120, 'F9632B2DFC58',2,24,-73,-78.95833588,5.368824482
1502213120, '5D358CDAED0D',2,30,-65,-66.43334198,0.89763689
1502213120, '6392B6C5FB53',2,30,-60,-61.53332901,1.279367089
1502213120, '459F7A08D5D7',2,30,-70,-70.40000916,0.621453941
,,,,,,
1502213180, 'F9632B2DFC58',2,27,-71,-73.59260559,1.646895051
1502213180, '5D358CDAED0D',2,30,-66,-66.23332977,0.430182874
1502213180, '6392B6C5FB53',2,30,-61,-62.16666794,0.647720695
1502213180, '459F7A08D5D7',2,30,-69,-69.93334198,0.583295107
,,,,,,
1502213240, 'F9632B2DFC58',2,29,-69,-71.13794708,1.457107306
1502213240, '5D358CDAED0D',2,28,-66,-66.39286041,0.566946447
1502213240, '6392B6C5FB53',2,30,-61,-61.6333313,0.614948213
1502213240, '459F7A08D5D7',2,28,-69,-69.32143402,0.475595355
,,,,,,
1502213300, 'F9632B2DFC58',2,28,-69,-71.00000763,1.805339217
1502213300, '6392B6C5FB53',2,30,-60,-61.33333206,0.802295506
1502213300, '459F7A08D5D7',2,30,-69,-70.19999695,0.714384615
1502213300, 'DAD655CD510A',2,29,-63,-63.55172348,0.736118615
,,,,,,
1502213360, 'F9632B2DFC58',2,29,-70,-72.79311371,1.47307384
1502213360, '5D358CDAED0D',2,27,-65,-65.99999237,0.679366708
1502213360, '6392B6C5FB53',2,29,-60,-62.27585983,0.797163606
1502213360, '459F7A08D5D7',2,30,-69,-69.90000916,0.844861269
,,,,,,
1502213420, 'F9632B2DFC58',2,30,-68,-71.56667328,2.128353119
1502213420, '5D358CDAED0D',2,30,-66,-68,1.339068532
1502213420, '6392B6C5FB53',2,30,-60,-61.56666946,0.858360171
1502213420, '459F7A08D5D7',2,30,-67,-70.26667023,1.014834046
,,,,,,
1502213480, 'F9632B2DFC58',2,30,-68,-71.59999084,1.922641397
1502213480, '5D358CDAED0D',2,30,-66,-67.79999542,0.924755871
1502213480, '6392B6C5FB53',2,30,-60,-61.69999695,0.876905501
1502213480, '459F7A08D5D7',2,30,-69,-70.43333435,1.006301403
,,,,,,
1502213540, '5D358CDAED0D',2,29,-66,-69.17240906,0.848062575
1502213540, '6392B6C5FB53',2,29,-62,-62.20689011,0.773644865
1502213540, 'DAD655CD510A',2,30,-63,-64.30000305,0.651258707
1502213540, '94DC6692F976',3,29,-62,-63.03448486,0.823006332
,,,,,,
1502213600, 'F9632B2DFC58',2,29,-67,-69.24137115,2.51644516
1502213600, '5D358CDAED0D',2,29,-66,-68.31034088,1.198317051
1502213600, '6392B6C5FB53',2,29,-62,-62.86206818,0.58089447
1502213600, 'DAD655CD510A',2,30,-64,-65.46666718,0.628810942
,,,,,,
1502213600, 'F9632B2DFC58',2,29,-67,-69.24137115,2.51644516
1502213600, '5D358CDAED0D',2,29,-66,-68.31034088,1.198317051
1502213600, '6392B6C5FB53',2,29,-62,-62.86206818,0.58089447
1502213600, 'DAD655CD510A',2,30,-64,-65.46666718,0.628810942
,,,,,,
1502213660, 'F9632B2DFC58',2,30,-68,-70.43334198,1.83233583
1502213660, '5D358CDAED0D',2,28,-69,-69.9642868,0.961560786
1502213660, 'DAD655CD510A',2,27,-65,-65.2963028,0.465319842
1502213660, '94DC6692F976',3,30,-61,-64.46665955,2.029662132
,,,,,,
1502213720, 'F9632B2DFC58',2,30,-71,-73.66667175,1.470007539
1502213720, '5D358CDAED0D',2,30,-68,-70.26667786,0.944431603
1502213720, 'DAD655CD510A',2,29,-64,-65.58620453,0.732765615
1502213720, '94DC6692F976',3,30,-61,-61.56666946,0.568320811
,,,,,,
1502213780, 'F9632B2DFC58',2,29,-71,-76.27586365,2.068412304
1502213780, '5D358CDAED0D',2,28,-68,-70.2142868,1.44931972
1502213780, 'DAD655CD510A',2,30,-64,-65.06666565,0.5832932
1502213780, '94DC6692F976',3,28,-61,-61.9642868,0.428792089
,,,,,,
1502213840, 'F9632B2DFC58',2,27,-74,-79.7036972,4.504825115
1502213840, '5D358CDAED0D',2,30,-68,-69.0333252,0.718393803
1502213840, 'DAD655CD510A',2,29,-64,-65,0.377965182
1502213840, '94DC6692F976',3,29,-60,-61.72414398,1.192132831
,,,,,,
1502213840, 'F9632B2DFC58',2,27,-74,-79.7036972,4.504825115
1502213840, '5D358CDAED0D',2,30,-68,-69.0333252,0.718393803
1502213840, 'DAD655CD510A',2,29,-64,-65,0.377965182
1502213840, '94DC6692F976',3,29,-60,-61.72414398,1.192132831
,,,,,,
1502213840, 'F9632B2DFC58',2,27,-74,-79.7036972,4.504825115
1502213840, '5D358CDAED0D',2,30,-68,-69.0333252,0.718393803
1502213840, 'DAD655CD510A',2,29,-64,-65,0.377965182
1502213840, '94DC6692F976',3,29,-60,-61.72414398,1.192132831
,,,,,,
1502213900, 'F9632B2DFC58',2,27,-71,-76.66666412,3.100868702
1502213900, '5D358CDAED0D',2,29,-67,-68.68965912,0.890562594
1502213900, 'DAD655CD510A',2,29,-64,-64.27585602,0.454858035
1502213900, '94DC6692F976',3,29,-62,-63.89655304,0.772048354
,,,,,,
1502213960, 'F9632B2DFC58',2,29,-71,-73.44828796,1.938083172
1502213960, '5D358CDAED0D',2,27,-69,-70.29629517,0.912092686
1502213960, 'DAD655CD510A',2,30,-64,-64.06667328,0.253708303
1502213960, '94DC6692F976',3,30,-62,-63.3666687,0.718394935
,,,,,,
1502214020, 'DAD655CD510A',2,30,-63,-63.33333588,0.479463071
1502214020, '5D358CDAED0D',2,28,-68,-70.2857132,1.013140678
1502214020, '94DC6692F976',3,30,-59,-60.83333588,1.464131474
1502214020, '6392B6C5FB53',2,28,-62,-62.82143021,0.390021265
,,,,,,
1502214020, 'DAD655CD510A',2,30,-63,-63.33333588,0.479463071
1502214020, '5D358CDAED0D',2,28,-68,-70.2857132,1.013140678
1502214020, '94DC6692F976',3,30,-59,-60.83333588,1.464131474
1502214020, '6392B6C5FB53',2,28,-62,-62.82143021,0.390021265
,,,,,,
1502214080, 'F9632B2DFC58',2,27,-71,-74.07407379,1.591465712
1502214080, 'DAD655CD510A',2,30,-63,-63.99999237,0.525225699
1502214080, '5D358CDAED0D',2,27,-69,-70.33332825,0.733800113
1502214080, '94DC6692F976',3,30,-59,-59.90000534,0.480659574
,,,,,,
1502214080, 'F9632B2DFC58',2,27,-71,-74.07407379,1.591465712
1502214080, 'DAD655CD510A',2,30,-63,-63.99999237,0.525225699
1502214080, '5D358CDAED0D',2,27,-69,-70.33332825,0.733800113
1502214080, '94DC6692F976',3,30,-59,-59.90000534,0.480659574
,,,,,,
1502214140, 'F9632B2DFC58',2,28,-73,-76.5357132,2.333051205
1502214140, 'DAD655CD510A',2,30,-64,-64.1000061,0.402577609
1502214140, '94DC6692F976',3,30,-60,-60.6333313,0.490131766
1502214140, '6392B6C5FB53',2,30,-62,-63.09999847,0.480661392
,,,,,,
1502214200, 'F9632B2DFC58',2,28,-77,-79.78572083,2.484873772
1502214200, 'DAD655CD510A',2,29,-64,-64.68965912,0.541389585
1502214200, '5D358CDAED0D',2,29,-69,-72.41378784,1.701198459
1502214200, '94DC6692F976',3,30,-60,-60.76666641,0.504007339
,,,,,,
1502214260, 'F9632B2DFC58',2,29,-72,-79.55173492,4.404429913
1502214260, 'DAD655CD510A',2,29,-64,-64.79310608,0.412251115
1502214260, '5D358CDAED0D',2,27,-69,-72.70370483,1.43620193
1502214260, '94DC6692F976',3,30,-60,-60.66666412,0.479463458
,,,,,,
1502214320, 'DAD655CD510A',2,28,-64,-64.25,0.440959573
1502214320, '5D358CDAED0D',2,29,-75,-77.62068176,1.293215275
1502214320, '94DC6692F976',3,30,-60,-60.56666565,0.504006922
1502214320, '6392B6C5FB53',2,30,-63,-65.76667786,0.727932394
,,,,,,
1502214320, 'DAD655CD510A',2,28,-64,-64.25,0.440959573
1502214320, '5D358CDAED0D',2,29,-75,-77.62068176,1.293215275
1502214320, '94DC6692F976',3,30,-60,-60.56666565,0.504006922
1502214320, '6392B6C5FB53',2,30,-63,-65.76667786,0.727932394
,,,,,,
1502214380, 'F9632B2DFC58',2,25,-69,-75.12000275,2.905741215
1502214380, 'DAD655CD510A',2,30,-63,-64.3666687,0.668673754
1502214380, '5D358CDAED0D',2,27,-75,-78.14814758,2.298891783
1502214380, '94DC6692F976',3,30,-59,-60.7666626,0.626062572
,,,,,,
1502214440, 'F9632B2DFC58',2,26,-72,-75.92306519,4.881990433
1502214440, 'DAD655CD510A',2,28,-63,-64.7142868,0.712697089
1502214440, '5D358CDAED0D',2,30,-74,-78.0333252,1.8285712
1502214440, '94DC6692F976',3,29,-57,-60.7586174,1.122979403
,,,,,,
9A34ECDEA99E,,,,,,
,,,,,,
time,hwid,type,samples,maxRSSI,mean,stddev
1502214560, 'F9632B2DFC58',2,26,-74,-80.50000763,4.709564209
1502214560, 'DAD655CD510A',2,30,-63,-64.33332825,0.958925605
1502214560, '5D358CDAED0D',2,29,-68,-72.10343933,2.319867134
1502214560, '94DC6692F976',3,30,-59,-61.73332977,0.944432974
,,,,,,
1502214620, 'F9632B2DFC58',2,25,-78,-82.83999634,3.693240643
1502214620, 'DAD655CD510A',2,30,-64,-64.8666687,0.345746577
1502214620, '5D358CDAED0D',2,28,-72,-74.53570557,1.070900559
1502214620, '6392B6C5FB53',2,29,-61,-62.6896553,0.603763819
,,,,,,
1502214680, 'F9632B2DFC58',2,25,-78,-83.27999878,3.129428148
1502214680, 'DAD655CD510A',2,29,-63,-64.96551514,0.680481136
1502214680, '5D358CDAED0D',2,28,-73,-75.0357132,1.23174572
1502214680, '94DC6692F976',3,29,-60,-62.41379547,1.427215815
,,,,,,
1502214740, 'F9632B2DFC58',2,25,-71,-80.24000549,3.369965792
1502214740, 'DAD655CD510A',2,28,-62,-64.14286804,0.848280489
1502214740, '5D358CDAED0D',2,28,-72,-74.46429443,1.318870544
1502214740, '94DC6692F976',3,30,-61,-61.93333435,1.874204993
,,,,,,
1502214800, 'F9632B2DFC58',2,24,-74,-81.41666412,5.157658577
1502214800, 'DAD655CD510A',2,30,-62,-65.09999847,0.994813859
1502214800, '5D358CDAED0D',2,28,-68,-71.42857361,1.751795411
1502214800, '94DC6692F976',3,30,-60,-61.23333359,0.568319976
,,,,,,
1502214860, 'F9632B2DFC58',2,29,-68,-76.06896973,4.208250046
1502214860, 'DAD655CD510A',2,30,-62,-63.76666641,1.2507447
1502214860, '5D358CDAED0D',2,30,-67,-70.16665649,1.234097242
1502214860, '94DC6692F976',3,29,-60,-62.27586365,1.250614882
,,,,,,
1502214860, 'F9632B2DFC58',2,29,-68,-76.06896973,4.208250046
1502214860, 'DAD655CD510A',2,30,-62,-63.76666641,1.2507447
1502214860, '5D358CDAED0D',2,30,-67,-70.16665649,1.234097242
1502214860, '94DC6692F976',3,29,-60,-62.27586365,1.250614882
,,,,,,
1502214920, 'F9632B2DFC58',2,29,-72,-77.10344696,2.540313959
1502214920, 'DAD655CD510A',2,29,-62,-62.93103027,0.529893458
1502214920, '5D358CDAED0D',2,27,-71,-73.222229,2.292686224
1502214920, '94DC6692F976',3,29,-65,-65.44828033,0.63167721
,,,,,,
1502214980, 'F9632B2DFC58',2,27,-76,-77.44442749,1.739439249
1502214980, 'DAD655CD510A',2,30,-62,-63.5,1.106407404
1502214980, '5D358CDAED0D',2,30,-68,-71.80000305,2.696102142
1502214980, '94DC6692F976',3,30,-63,-67.03333282,2.413804531
,,,,,,
1502215040, 'F9632B2DFC58',2,27,-71,-76.51851654,2.391819
1502215040, 'DAD655CD510A',2,28,-63,-64.07143402,0.539449394
1502215040, '5D358CDAED0D',2,29,-70,-71.5861969,1.210587621
1502215040, '94DC6692F976',3,29,-62,-62.82758331,0.658404291
,,,,,,
1502215100, 'F9632B2DFC58',2,30,-71,-72.43333435,1.135124803
1502215100, 'DAD655CD510A',2,29,-64,-64.10345459,0.309933424
1502215100, '5D358CDAED0D',2,29,-69,-71.17242432,0.759180844
1502215100, '94DC6692F976',3,30,-60,-62.93333435,1.436790109
,,,,,,
1502215160, 'F9632B2DFC58',2,27,-69,-74.74073792,3.145115852
1502215160, 'DAD655CD510A',2,30,-63,-64.30001068,0.836659253
1502215160, '5D358CDAED0D',2,30,-68,-70.5333252,1.136641622
1502215160, '94DC6692F976',3,29,-61,-64.20689392,1.915711999
,,,,,,
1502215160, 'F9632B2DFC58',2,27,-69,-74.74073792,3.145115852
1502215160, 'DAD655CD510A',2,30,-63,-64.30001068,0.836659253
1502215160, '5D358CDAED0D',2,30,-68,-70.5333252,1.136641622
1502215160, '94DC6692F976',3,29,-61,-64.20689392,1.915711999
,,,,,,
1502215220, 'F9632B2DFC58',2,29,-70,-73.89655304,2.02387166
1502215220, 'DAD655CD510A',2,30,-64,-64.6000061,0.563241363
1502215220, '5D358CDAED0D',2,22,-58,-61.49999619,4.171898365
1502215220, '94DC6692F976',3,30,-60,-62.69999695,1.417867064
,,,,,,
1502215280, 'F9632B2DFC58',2,29,-73,-76.4827652,2.028730631
1502215280, '6392B6C5FB53',2,29,-63,-64.86206818,0.74278152
1502215280, '5D358CDAED0D',2,30,-58,-58.76667023,0.50400722
1502215280, '459F7A08D5D7',2,28,-70,-72.07141876,1.488940239
,,,,,,
1502215340, 'F9632B2DFC58',2,28,-75,-77.32143402,2.32623601
1502215340, '2D1032CDC2EC',3,29,-60,-62.62069702,1.612753749
1502215340, '6392B6C5FB53',2,29,-62,-64.48274994,0.986357033
1502215340, '459F7A08D5D7',2,28,-70,-72.2142868,1.197441101
,,,,,,
1502215400, 'F9632B2DFC58',2,27,-74,-76.1111145,1.476308107
1502215400, '2D1032CDC2EC',3,30,-61,-63.40000916,1.522251129
1502215400, '6392B6C5FB53',2,29,-61,-63,1.309306741
1502215400, '459F7A08D5D7',2,29,-68,-70.75862122,1.057461858
,,,,,,
1502215400, 'F9632B2DFC58',2,27,-74,-76.1111145,1.476308107
1502215400, '2D1032CDC2EC',3,30,-61,-63.40000916,1.522251129
1502215400, '6392B6C5FB53',2,29,-61,-63,1.309306741
1502215400, '459F7A08D5D7',2,29,-68,-70.75862122,1.057461858
,,,,,,
1502215460, 'F9632B2DFC58',2,26,-74,-75.92307281,1.467599511
1502215460, '2D1032CDC2EC',3,29,-58,-62.62068939,1.801067233
1502215460, '6392B6C5FB53',2,30,-60,-63.10000229,1.470397472
1502215460, '459F7A08D5D7',2,29,-69,-71,0.707109332
,,,,,,
1502215520, 'F9632B2DFC58',2,28,-68,-75.2142868,3.022840261
1502215520, '2D1032CDC2EC',3,29,-62,-62.82758713,1.283659458
1502215520, '6392B6C5FB53',2,29,-64,-66.75861359,1.299867749
1502215520, '459F7A08D5D7',2,29,-69,-70.79310608,0.977580607
,,,,,,
1502215580, 'F9632B2DFC58',2,29,-68,-72.13793945,2.614851713
1502215580, '2D1032CDC2EC',3,30,-62,-63.3666687,1.188545108
1502215580, '459F7A08D5D7',2,29,-69,-70.4827652,0.911070526
1502215580, '5D358CDAED0D',2,30,-55,-56.76667023,0.727931082
,,,,,,
1502215640, 'F9632B2DFC58',2,28,-70,-72.14286041,1.819936991
1502215640, '6392B6C5FB53',2,29,-64,-65.31034851,1.003684044
1502215640, '459F7A08D5D7',2,29,-68,-70.65518188,1.078224063
1502215640, '5D358CDAED0D',2,30,-57,-57.70000458,0.595963061
,,,,,,
1502215700, 'F9632B2DFC58',2,30,-70,-72.73334503,3.073055983
1502215700, '2D1032CDC2EC',3,30,-62,-64.53333282,1.195776701
1502215700, '6392B6C5FB53',2,28,-61,-64.5,1.91485405
1502215700, '459F7A08D5D7',2,29,-69,-70.75862122,1.154345512
,,,,,,
1502215700, 'F9632B2DFC58',2,30,-70,-72.73334503,3.073055983
1502215700, '2D1032CDC2EC',3,30,-62,-64.53333282,1.195776701
1502215700, '6392B6C5FB53',2,28,-61,-64.5,1.91485405
1502215700, '459F7A08D5D7',2,29,-69,-70.75862122,1.154345512
,,,,,,
1502215760, 'F9632B2DFC58',2,30,-70,-71.49999237,1.042213082
1502215760, '2D1032CDC2EC',3,29,-62,-63.9310379,1.334461212
1502215760, '6392B6C5FB53',2,30,-61,-62.53333664,1.634400368
1502215760, '459F7A08D5D7',2,27,-69,-70.25925446,0.812999666
,,,,,,
1502215820, 'F9632B2DFC58',2,28,-69,-71.35714722,1.471056461
1502215820, '2D1032CDC2EC',3,30,-62,-64.16665649,1.085430861
1502215820, '6392B6C5FB53',2,30,-61,-62.26667023,0.739679217
1502215820, '459F7A08D5D7',2,29,-69,-69.86206055,0.580894828
,,,,,,
1502215880, 'F9632B2DFC58',2,28,-71,-72.39285278,1.165530443
1502215880, '2D1032CDC2EC',3,28,-63,-65.17856598,1.055973172
1502215880, '6392B6C5FB53',2,30,-61,-63.60000229,1.191926956
1502215880, '459F7A08D5D7',2,29,-70,-70.79309845,0.61986959
,,,,,,
1502215940, 'F9632B2DFC58',2,26,-70,-72.46154022,2.139733553
1502215940, '2D1032CDC2EC',3,30,-63,-64.90000153,1.322223663
1502215940, '6392B6C5FB53',2,29,-60,-61.51724243,0.687681973
1502215940, '459F7A08D5D7',2,30,-69,-70.93334198,1.014830709
,,,,,,
1502216000, 'F9632B2DFC58',2,28,-69,-72.92856598,2.324245214
1502216000, '2D1032CDC2EC',3,30,-65,-68.26667023,2.347901821
1502216000, '6392B6C5FB53',2,28,-60,-61.8571434,1.078898311
1502216000, '459F7A08D5D7',2,28,-68,-69.49999237,0.838870764
,,,,,,
1502216060, 'F9632B2DFC58',2,28,-71,-72.50000763,0.838868201
1502216060, '2D1032CDC2EC',3,28,-68,-72.17857361,2.245218754
1502216060, '6392B6C5FB53',2,30,-60,-61.86667252,0.571345925
1502216060, '459F7A08D5D7',2,30,-69,-70.26667023,0.907189012
,,,,,,
1502216120, 'F9632B2DFC58',2,29,-71,-72.65516663,0.897448659
1502216120, '2D1032CDC2EC',3,30,-66,-68.43333435,1.250746012
1502216120, '6392B6C5FB53',2,29,-61,-62.03448486,0.325440347
1502216120, '459F7A08D5D7',2,29,-69,-70.24137878,0.739457965
,,,,,,
1502216120, 'F9632B2DFC58',2,29,-71,-72.65516663,0.897448659
1502216120, '2D1032CDC2EC',3,30,-66,-68.43333435,1.250746012
1502216120, '6392B6C5FB53',2,29,-61,-62.03448486,0.325440347
1502216120, '459F7A08D5D7',2,29,-69,-70.24137878,0.739457965
,,,,,,
1502216120, 'F9632B2DFC58',2,29,-71,-72.65516663,0.897448659
1502216120, '2D1032CDC2EC',3,30,-66,-68.43333435,1.250746012
1502216120, '6392B6C5FB53',2,29,-61,-62.03448486,0.325440347
1502216120, '459F7A08D5D7',2,29,-69,-70.24137878,0.739457965
,,,,,,
1502216180, 'F9632B2DFC58',2,27,-71,-71.55554199,0.800639689
1502216180, '2D1032CDC2EC',3,29,-66,-67.17242432,0.848063886
1502216180, '6392B6C5FB53',2,30,-61,-62.03333664,0.319841951
1502216180, '459F7A08D5D7',2,29,-70,-70.72413635,0.648984671
,,,,,,
1502216240, 'F9632B2DFC58',2,30,-70,-72.03334045,1.188544869
1502216240, '2D1032CDC2EC',3,29,-66,-68.24137878,1.154347301
1502216240, '6392B6C5FB53',2,30,-62,-62.2333374,0.430183321
1502216240, '459F7A08D5D7',2,28,-69,-70.28570557,1.181876183
,,,,,,
1502216300, 'F9632B2DFC58',2,30,-69,-71.63334656,1.691425681
1502216300, '2D1032CDC2EC',3,28,-64,-66.17857361,0.772372961
1502216300, '6392B6C5FB53',2,30,-61,-61.66666412,0.54667145
1502216300, '459F7A08D5D7',2,26,-69,-73.30770111,4.106280327
,,,,,,
1502216360, 'F9632B2DFC58',2,27,-69,-70.37038422,0.687704265
1502216360, '2D1032CDC2EC',3,29,-63,-65.75862122,0.912420154
1502216360, '6392B6C5FB53',2,30,-61,-61.8666687,0.571346283
1502216360, '459F7A08D5D7',2,28,-71,-72.42857361,1.136223435
,,,,,,
1502216420, 'F9632B2DFC58',2,28,-69,-71.2142868,1.812656045
1502216420, '2D1032CDC2EC',3,30,-63,-65.16667938,1.555485845
1502216420, '6392B6C5FB53',2,30,-62,-62.56666946,0.817199886
1502216420, '459F7A08D5D7',2,29,-70,-71.79311371,1.235754251
,,,,,,
1502216480, 'F9632B2DFC58',2,30,-66,-70.93333435,2.462594032
1502216480, '6392B6C5FB53',2,30,-61,-62.46666718,1.074254155
1502216480, '459F7A08D5D7',2,28,-72,-73.39286041,1.749905944
1502216480, '5D358CDAED0D',2,29,-58,-59.86207199,1.156476736
,,,,,,
1502216540, 'F9632B2DFC58',2,30,-65,-67.40000153,1.404428363
1502216540, '2D1032CDC2EC',3,30,-62,-64.33334351,1.184187174
1502216540, '6392B6C5FB53',2,29,-61,-62.48275757,0.911071181
1502216540, '459F7A08D5D7',2,27,-70,-72.88889313,1.739437342
,,,,,,
1502216600, 'F9632B2DFC58',2,29,-66,-67,1.43924427
1502216600, '2D1032CDC2EC',3,30,-62,-64.06666565,1.460593343
1502216600, '6392B6C5FB53',2,30,-59,-61.03333282,0.80871731
1502216600, '459F7A08D5D7',2,29,-70,-72.17240906,1.167079687
,,,,,,
1502216660, 'F9632B2DFC58',2,28,-66,-66.49999237,0.509176433
1502216660, '2D1032CDC2EC',3,29,-63,-64.62068939,0.862462819
1502216660, '6392B6C5FB53',2,29,-60,-61.41379166,0.568031251
1502216660, '459F7A08D5D7',2,29,-71,-72.0689621,0.798705935
,,,,,,
1502216720, 'F9632B2DFC58',2,30,-66,-66.79999542,0.550860107
1502216720, '2D1032CDC2EC',3,30,-64,-64.96665955,0.556054115
1502216720, '6392B6C5FB53',2,30,-61,-61.20000076,0.406838298
1502216720, '459F7A08D5D7',2,30,-70,-73.09999847,2.986751318
,,,,,,
1502216780, 'F9632B2DFC58',2,28,-66,-66.7857132,1.663489699
1502216780, '2D1032CDC2EC',3,29,-63,-64.82756805,0.658407271
1502216780, '6392B6C5FB53',2,29,-61,-61.9310379,0.45755896
1502216780, '459F7A08D5D7',2,28,-67,-74.0357132,3.282750845
,,,,,,
1502216840, 'F9632B2DFC58',2,29,-66,-66.31034088,0.470823973
1502216840, '2D1032CDC2EC',3,29,-64,-65.37931824,1.236757994
1502216840, '6392B6C5FB53',2,30,-60,-61.40000534,0.563241422
1502216840, '5D358CDAED0D',2,30,-58,-59.06666183,0.365148246
,,,,,,
1502216900, 'F9632B2DFC58',2,30,-65,-66.06665802,0.520831943
1502216900, '2D1032CDC2EC',3,29,-63,-64.03448486,0.865314603
1502216900, '6392B6C5FB53',2,30,-61,-61.79999924,0.610256493
1502216900, '459F7A08D5D7',2,30,-68,-71.26665497,1.436788917
,,,,,,
1502216900, 'F9632B2DFC58',2,30,-65,-66.06665802,0.520831943
1502216900, '2D1032CDC2EC',3,29,-63,-64.03448486,0.865314603
1502216900, '6392B6C5FB53',2,30,-61,-61.79999924,0.610256493
1502216900, '459F7A08D5D7',2,30,-68,-71.26665497,1.436788917
,,,,,,
1502216900, 'F9632B2DFC58',2,30,-65,-66.06665802,0.520831943
1502216900, '2D1032CDC2EC',3,29,-63,-64.03448486,0.865314603
1502216900, '6392B6C5FB53',2,30,-61,-61.79999924,0.610256493
1502216900, '459F7A08D5D7',2,30,-68,-71.26665497,1.436788917
,,,,,,
1502216960, '2D1032CDC2EC',3,29,-61,-62.75862122,0.987608016
1502216960, '6392B6C5FB53',2,30,-61,-62.06666183,0.583293557
1502216960, '459F7A08D5D7',2,28,-70,-70.64284515,0.731018662
1502216960, '5D358CDAED0D',2,30,-59,-59.26666641,0.449776113
,,,,,,
1502216960, '2D1032CDC2EC',3,29,-61,-62.75862122,0.987608016
1502216960, '6392B6C5FB53',2,30,-61,-62.06666183,0.583293557
1502216960, '459F7A08D5D7',2,28,-70,-70.64284515,0.731018662
1502216960, '5D358CDAED0D',2,30,-59,-59.26666641,0.449776113
,,,,,,
1502216960, '2D1032CDC2EC',3,29,-61,-62.75862122,0.987608016
1502216960, '6392B6C5FB53',2,30,-61,-62.06666183,0.583293557
1502216960, '459F7A08D5D7',2,28,-70,-70.64284515,0.731018662
1502216960, '5D358CDAED0D',2,30,-59,-59.26666641,0.449776113
,,,,,,
1502216960, '2D1032CDC2EC',3,29,-61,-62.75862122,0.987608016
1502216960, '6392B6C5FB53',2,30,-61,-62.06666183,0.583293557
1502216960, '459F7A08D5D7',2,28,-70,-70.64284515,0.731018662
1502216960, '5D358CDAED0D',2,30,-59,-59.26666641,0.449776113
,,,,,,
1502216960, '2D1032CDC2EC',3,29,-61,-62.75862122,0.987608016
1502216960, '6392B6C5FB53',2,30,-61,-62.06666183,0.583293557
1502216960, '459F7A08D5D7',2,28,-70,-70.64284515,0.731018662
1502216960, '5D358CDAED0D',2,30,-59,-59.26666641,0.449776113
,,,,,,
1502216960, '2D1032CDC2EC',3,29,-61,-62.75862122,0.987608016
1502216960, '6392B6C5FB53',2,30,-61,-62.06666183,0.583293557
1502216960, '459F7A08D5D7',2,28,-70,-70.64284515,0.731018662
1502216960, '5D358CDAED0D',2,30,-59,-59.26666641,0.449776113
,,,,,,
1502216960, '2D1032CDC2EC',3,29,-61,-62.75862122,0.987608016
1502216960, '6392B6C5FB53',2,30,-61,-62.06666183,0.583293557
1502216960, '459F7A08D5D7',2,28,-70,-70.64284515,0.731018662
1502216960, '5D358CDAED0D',2,30,-59,-59.26666641,0.449776113
,,,,,,
1502216960, '2D1032CDC2EC',3,29,-61,-62.75862122,0.987608016
1502216960, '6392B6C5FB53',2,30,-61,-62.06666183,0.583293557
1502216960, '459F7A08D5D7',2,28,-70,-70.64284515,0.731018662
1502216960, '5D358CDAED0D',2,30,-59,-59.26666641,0.449776113
,,,,,,
1502216960, '2D1032CDC2EC',3,29,-61,-62.75862122,0.987608016
1502216960, '6392B6C5FB53',2,30,-61,-62.06666183,0.583293557
1502216960, '459F7A08D5D7',2,28,-70,-70.64284515,0.731018662
1502216960, '5D358CDAED0D',2,30,-59,-59.26666641,0.449776113
,,,,,,
1502216960, '2D1032CDC2EC',3,29,-61,-62.75862122,0.987608016
1502216960, '6392B6C5FB53',2,30,-61,-62.06666183,0.583293557
1502216960, '459F7A08D5D7',2,28,-70,-70.64284515,0.731018662
1502216960, '5D358CDAED0D',2,30,-59,-59.26666641,0.449776113
,,,,,,
1502216960, '2D1032CDC2EC',3,29,-61,-62.75862122,0.987608016
1502216960, '6392B6C5FB53',2,30,-61,-62.06666183,0.583293557
1502216960, '459F7A08D5D7',2,28,-70,-70.64284515,0.731018662
1502216960, '5D358CDAED0D',2,30,-59,-59.26666641,0.449776113
,,,,,,
1502217020, 'F9632B2DFC58',2,29,-66,-67.72413635,0.701862156
1502217020, '2D1032CDC2EC',3,30,-62,-62.90000153,0.607426405
1502217020, '6392B6C5FB53',2,30,-60,-61.99999619,0.830455542
1502217020, '459F7A08D5D7',2,26,-70,-70.69230652,0.549124837
,,,,,,
1502217020, 'F9632B2DFC58',2,29,-66,-67.72413635,0.701862156
1502217020, '2D1032CDC2EC',3,30,-62,-62.90000153,0.607426405
1502217020, '6392B6C5FB53',2,30,-60,-61.99999619,0.830455542
1502217020, '459F7A08D5D7',2,26,-70,-70.69230652,0.549124837
,,,,,,
1502217080, 'F9632B2DFC58',2,30,-66,-67.50000763,0.682289183
1502217080, '2D1032CDC2EC',3,29,-62,-62.44827652,0.68588835
1502217080, '6392B6C5FB53',2,30,-61,-62.53333282,0.776079178
1502217080, '459F7A08D5D7',2,29,-69,-70.13792419,0.639425933
,,,,,,
1502217140, 'F9632B2DFC58',2,29,-66,-68.20690918,1.114169955
1502217140, '2D1032CDC2EC',3,30,-62,-62.29999924,0.466091394
1502217140, '6392B6C5FB53',2,30,-63,-64.30000305,0.794378757
1502217140, '459F7A08D5D7',2,28,-69,-70.32143402,0.54796046
,,,,,,
1502217200, 'F9632B2DFC58',2,29,-69,-71.37930298,1.449475646
1502217200, '2D1032CDC2EC',3,30,-62,-62.23334122,0.43018356
1502217200, '6392B6C5FB53',2,30,-61,-62.89999771,0.844862044
1502217200, '459F7A08D5D7',2,29,-70,-70.82758331,0.38442564
,,,,,,
1502217260, 'F9632B2DFC58',2,30,-67,-70.36665344,1.991070867
1502217260, '2D1032CDC2EC',3,30,-61,-61.90000153,0.711967885
1502217260, '6392B6C5FB53',2,29,-61,-62.20690155,0.675028503
1502217260, '459F7A08D5D7',2,28,-68,-70.24999237,0.927960396
,,,,,,
1502217320, 'F9632B2DFC58',2,29,-67,-67.86207581,0.350930631
1502217320, '2D1032CDC2EC',3,30,-61,-61.20000076,0.406838149
1502217320, '6392B6C5FB53',2,29,-62,-62.9310379,0.457557589
1502217320, '459F7A08D5D7',2,29,-69,-70.13792419,0.580894053
,,,,,,
1502217380, 'F9632B2DFC58',2,28,-67,-68.35714722,1.061598182
1502217380, '2D1032CDC2EC',3,30,-60,-61.6333313,0.61494863
1502217380, '6392B6C5FB53',2,30,-62,-62.7333374,0.583291769
1502217380, '459F7A08D5D7',2,30,-69,-69.66667175,0.60648042
,,,,,,
1502217440, 'F9632B2DFC58',2,30,-67,-69.00000763,0.787839293
1502217440, '2D1032CDC2EC',3,29,-60,-61.82758331,0.710582137
1502217440, '6392B6C5FB53',2,29,-62,-64.65518188,0.936400712
1502217440, '459F7A08D5D7',2,29,-69,-69.68964386,0.541388035
,,,,,,
1502217440, 'F9632B2DFC58',2,30,-67,-69.00000763,0.787839293
1502217440, '2D1032CDC2EC',3,29,-60,-61.82758331,0.710582137
1502217440, '6392B6C5FB53',2,29,-62,-64.65518188,0.936400712
1502217440, '459F7A08D5D7',2,29,-69,-69.68964386,0.541388035
,,,,,,
1502217495, '000000000000',0,0,0,0,0
1502217495, '000000000000',0,0,0,0,0
1502217495, '000000000000',0,0,0,0,0
1502217495, '000000000000',0,0,0,0,0
,,,,,,
1502217555, 'DAD655CD510A',2,30,-63,-64.43334198,0.62606138
1502217555, 'F9632B2DFC58',2,28,-62,-63.53571701,0.637248158
1502217555, '2D1032CDC2EC',3,30,-62,-64.36667633,1.245221496
1502217555, '6392B6C5FB53',2,30,-60,-60.7333374,0.739679515
,,,,,,
1502217615, '94DC6692F976',3,30,-58,-59.7666626,0.935259938
1502217615, 'DAD655CD510A',2,28,-63,-64.67856598,0.722830951
1502217615, 'F9632B2DFC58',2,30,-62,-63.09999847,0.480660528
1502217615, '6392B6C5FB53',2,30,-60,-61.16666412,0.592093527
,,,,,,
1502217675, '94DC6692F976',3,30,-59,-60,0.830454528
1502217675, 'DAD655CD510A',2,29,-63,-63.99999619,0.534522772
1502217675, 'F9632B2DFC58',2,29,-63,-63.4827652,0.508546531
1502217675, '2D1032CDC2EC',3,27,-61,-63.70370102,1.203035474
,,,,,,
1502217735, '94DC6692F976',3,30,-58,-60.03333282,0.88991791
1502217735, 'DAD655CD510A',2,29,-63,-64.06896973,0.752663195
1502217735, 'F9632B2DFC58',2,29,-63,-63.79310226,0.412250847
1502217735, '2D1032CDC2EC',3,30,-64,-65.26667023,0.583290696
,,,,,,
1502217735, '94DC6692F976',3,30,-58,-60.03333282,0.88991791
1502217735, 'DAD655CD510A',2,29,-63,-64.06896973,0.752663195
1502217735, 'F9632B2DFC58',2,29,-63,-63.79310226,0.412250847
1502217735, '2D1032CDC2EC',3,30,-64,-65.26667023,0.583290696
,,,,,,
1502217795, '94DC6692F976',3,30,-59,-59.63333511,0.556052685
1502217795, 'DAD655CD510A',2,30,-63,-63.96667099,0.413840622
1502217795, 'F9632B2DFC58',2,29,-63,-64.24137878,0.576638997
1502217795, '2D1032CDC2EC',3,29,-65,-66.72413635,0.840770423
,,,,,,
1502217855, '94DC6692F976',3,29,-60,-60.89654922,0.817001283
1502217855, 'DAD655CD510A',2,29,-63,-64.62068939,0.902926445
1502217855, 'F9632B2DFC58',2,29,-63,-64.34483337,0.973794937
1502217855, '2D1032CDC2EC',3,29,-65,-66.93103027,0.593479455
,,,,,,
1502217915, '94DC6692F976',3,29,-61,-61.37931442,0.493802458
1502217915, 'F9632B2DFC58',2,30,-64,-64.59999847,0.498272032
1502217915, '2D1032CDC2EC',3,30,-66,-67.8666687,0.571346998
1502217915, '6392B6C5FB53',2,30,-60,-60.60000229,0.49827227
,,,,,,
1502217975, '94DC6692F976',3,30,-60,-60.96666718,0.614947796
1502217975, 'DAD655CD510A',2,30,-63,-65.50000763,1.042212605
1502217975, 'F9632B2DFC58',2,30,-63,-63.96666718,0.808716953
1502217975, '2D1032CDC2EC',3,30,-66,-67.83334351,1.366681457
,,,,,,
1502218035, '94DC6692F976',3,29,-60,-60.89654922,0.859603405
1502218035, 'DAD655CD510A',2,27,-64,-65.85186005,0.818237782
1502218035, 'F9632B2DFC58',2,30,-63,-64.86666107,1.195776939
1502218035, '2D1032CDC2EC',3,28,-65,-67.85714722,1.532711744
,,,,,,
1502218095, '94DC6692F976',3,30,-60,-60.66666412,0.54667145
1502218095, 'DAD655CD510A',2,29,-64,-65.37930298,1.236752629
1502218095, 'F9632B2DFC58',2,29,-63,-63.86207199,0.639426887
1502218095, '2D1032CDC2EC',3,29,-67,-67.65517426,1.173392057
,,,,,,
1502218155, '94DC6692F976',3,30,-60,-61.20000458,0.714383364
1502218155, 'DAD655CD510A',2,28,-64,-65.32144165,0.611833274
1502218155, 'F9632B2DFC58',2,30,-63,-64.19999695,0.610257268
1502218155, '2D1032CDC2EC',3,30,-65,-66.63332367,0.850287855
,,,,,,
1502218215, '94DC6692F976',3,30,-60,-60.8666687,0.434173048
1502218215, 'DAD655CD510A',2,29,-64,-65.51724243,0.574496627
1502218215, '2D1032CDC2EC',3,30,-65,-67.83333588,1.234094858
1502218215, 'F9632B2DFC58',2,29,-63,-64.27586365,0.591400743
,,,,,,
1502218275, '94DC6692F976',3,30,-60,-60.7333374,0.583291948
1502218275, 'DAD655CD510A',2,30,-64,-65.1333313,0.434173167
1502218275, '2D1032CDC2EC',3,28,-66,-66.60713959,0.566947103
1502218275, 'F9632B2DFC58',2,29,-63,-63.65517044,0.552646995
,,,,,,
1502218335, '94DC6692F976',3,30,-60,-61.33333206,0.711158693
1502218335, 'DAD655CD510A',2,29,-64,-64.89656067,0.557088733
1502218335, '2D1032CDC2EC',3,29,-64,-65.41378784,0.779983461
1502218335, 'F9632B2DFC58',2,30,-62,-63.26666641,0.520830095
,,,,,,
1502218395, '94DC6692F976',3,30,-59,-60.33333206,0.606478512
1502218395, 'DAD655CD510A',2,30,-62,-64.1000061,0.758856118
1502218395, '2D1032CDC2EC',3,28,-64,-64.82141876,0.547964454
1502218395, 'F9632B2DFC58',2,28,-63,-64.25,0.645496726
,,,,,,
1502218455, '94DC6692F976',3,30,-59,-61.26666641,0.907186329
1502218455, 'DAD655CD510A',2,28,-62,-63.2857132,0.599823833
1502218455, '2D1032CDC2EC',3,29,-62,-65.86206818,1.884604573
1502218455, 'F9632B2DFC58',2,30,-63,-64.59999084,0.67466259
,,,,,,
1502218515, '94DC6692F976',3,30,-60,-61.30000687,0.702216446
1502218515, 'DAD655CD510A',2,28,-63,-63.32142639,0.547964752
1502218515, '2D1032CDC2EC',3,29,-66,-67.58620453,0.907005727
1502218515, 'F9632B2DFC58',2,29,-63,-63.62069702,0.621854246
,,,,,,
1502218575, 'DAD655CD510A',2,30,-64,-64.66667175,0.844181418
1502218575, '2D1032CDC2EC',3,28,-63,-67.14285278,1.899595857
1502218575, 'F9632B2DFC58',2,29,-63,-63.27586746,0.591400027
1502218575, '459F7A08D5D7',2,28,-75,-77.07142639,2.159023762
,,,,,,
1502218635, 'DAD655CD510A',2,29,-63,-64.24137878,0.689468205
1502218635, '2D1032CDC2EC',3,30,-62,-62.53333282,1.008012652
1502218635, 'F9632B2DFC58',2,30,-63,-63.56666946,0.504005849
1502218635, '459F7A08D5D7',2,22,-78,-84.40909576,3.049732208
,,,,,,
1502218695, 'DAD655CD510A',2,28,-64,-64.60713959,0.497346967
1502218695, '2D1032CDC2EC',3,27,-63,-66.51851654,1.626000047
1502218695, 'F9632B2DFC58',2,28,-62,-62.8571434,0.448395222
1502218695, '6392B6C5FB53',2,30,-60,-61.3666687,0.764889896
,,,,,,
1502218695, 'DAD655CD510A',2,28,-64,-64.60713959,0.497346967
1502218695, '2D1032CDC2EC',3,27,-63,-66.51851654,1.626000047
1502218695, 'F9632B2DFC58',2,28,-62,-62.8571434,0.448395222
1502218695, '6392B6C5FB53',2,30,-60,-61.3666687,0.764889896
,,,,,,
1502218755, 'DAD655CD510A',2,30,-62,-65.06666565,0.907187343
1502218755, '2D1032CDC2EC',3,29,-62,-67.65518951,4.361154079
1502218755, 'F9632B2DFC58',2,29,-62,-63.27585602,0.701862574
1502218755, '6392B6C5FB53',2,30,-58,-61.13333511,0.89955318
,,,,,,
1502218815, 'DAD655CD510A',2,31,-65,-66.48386383,1.261508822
1502218815, '2D1032CDC2EC',3,29,-62,-64.75861359,2.947818518
1502218815, 'F9632B2DFC58',2,28,-63,-63.82142639,0.983326435
1502218815, '6392B6C5FB53',2,29,-60,-61.48275757,0.687682271
,,,,,,
1502218875, 'F9632B2DFC58',2,29,-62,-63.20689774,0.619868159
1502218875, 'DAD655CD510A',2,30,-65,-66.40000153,1.06996572
1502218875, '6392B6C5FB53',2,30,-61,-62.3666687,0.668674588
1502218875, '459F7A08D5D7',2,29,-73,-80.27585602,4.23334074
,,,,,,
1502218935, '2D1032CDC2EC',3,29,-62,-64.13792419,1.092969179
1502218935, 'F9632B2DFC58',2,30,-62,-63.03333282,0.964305282
1502218935, 'DAD655CD510A',2,28,-64,-66.57144165,1.549870253
1502218935, '6392B6C5FB53',2,30,-59,-62.20000076,1.540263176
,,,,,,
1502218995, '2D1032CDC2EC',3,29,-62,-64.58621216,1.742683887
1502218995, 'F9632B2DFC58',2,29,-62,-62.48275757,0.508547425
1502218995, 'DAD655CD510A',2,30,-67,-69.13334656,1.775960088
1502218995, '6392B6C5FB53',2,30,-61,-62.06666946,0.520830452
,,,,,,
1502219055, '2D1032CDC2EC',3,29,-62,-65.03449249,1.451175094
1502219055, 'F9632B2DFC58',2,30,-62,-62.83333206,0.379048944
1502219055, 'DAD655CD510A',2,30,-68,-69.16667175,1.147208691
1502219055, '6392B6C5FB53',2,30,-59,-60.66666794,0.802295387
,,,,,,
1502219115, '2D1032CDC2EC',3,28,-62,-64.89285278,0.99402678
1502219115, 'F9632B2DFC58',2,28,-61,-62.6071434,0.628889441
1502219115, 'DAD655CD510A',2,29,-66,-68.79310608,1.760264158
1502219115, '6392B6C5FB53',2,30,-60,-61.10000229,0.480660766
,,,,,,
1502219175, '2D1032CDC2EC',3,29,-64,-66.20690155,1.544096828
1502219175, 'F9632B2DFC58',2,29,-62,-62.72414017,0.454859525
1502219175, 'DAD655CD510A',2,29,-65,-67.13792419,1.432384253
1502219175, '6392B6C5FB53',2,30,-58,-60.3666687,0.889918387
,,,,,,
1502219235, '2D1032CDC2EC',3,30,-66,-67.16667175,0.87427938
1502219235, 'F9632B2DFC58',2,29,-62,-62.48275757,0.57449919
1502219235, 'DAD655CD510A',2,30,-66,-67.16667175,0.746639192
1502219235, '6392B6C5FB53',2,30,-59,-60.6333313,0.556052744
,,,,,,
1502219295, '2D1032CDC2EC',3,30,-67,-68.3666687,1.245220423
1502219295, 'F9632B2DFC58',2,30,-62,-62.86666489,0.899552822
1502219295, 'DAD655CD510A',2,29,-64,-66.44828033,1.088452697
1502219295, '6392B6C5FB53',2,30,-60,-61.09999847,0.60742563
,,,,,,
1502219355, '2D1032CDC2EC',3,29,-66,-69.58620453,2.796902895
1502219355, 'F9632B2DFC58',2,28,-62,-62.5,0.509174526
1502219355, 'DAD655CD510A',2,30,-66,-67.96666718,1.272611856
1502219355, '6392B6C5FB53',2,30,-59,-60.69999313,0.952311277
,,,,,,
1502219415, '2D1032CDC2EC',3,27,-67,-73.66666412,3.351235151
1502219415, 'F9632B2DFC58',2,29,-62,-62.41379929,0.501229286
1502219415, '6392B6C5FB53',2,30,-60,-61.33333206,0.758098483
1502219415, '459F7A08D5D7',2,24,-75,-79.20833588,2.903957844
,,,,,,
1502219475, '2D1032CDC2EC',3,27,-67,-75.22221375,2.764241457
1502219475, 'F9632B2DFC58',2,30,-62,-62.29999924,0.534983337
1502219475, '6392B6C5FB53',2,30,-59,-61.19999695,0.714384258
1502219475, '459F7A08D5D7',2,28,-75,-80.17857361,3.32280159
,,,,,,
1502219535, '2D1032CDC2EC',3,28,-70,-73.64284515,3.03332448
1502219535, 'F9632B2DFC58',2,29,-62,-62.37931442,0.49380371
1502219535, 'DAD655CD510A',2,30,-68,-69.13332367,0.434172302
1502219535, '6392B6C5FB53',2,30,-60,-61.03334045,0.490132958
,,,,,,
1502219595, '2D1032CDC2EC',3,28,-71,-74.5357132,2.700923681
1502219595, 'F9632B2DFC58',2,30,-62,-62.26667023,0.449776798
1502219595, 'DAD655CD510A',2,29,-68,-69.41378784,0.627764285
1502219595, '6392B6C5FB53',2,30,-59,-61.03332901,0.668675482
,,,,,,
1502219655, '2D1032CDC2EC',3,30,-65,-69.83333588,3.006699085
1502219655, 'F9632B2DFC58',2,30,-61,-62.06666183,0.520831168
1502219655, 'DAD655CD510A',2,30,-68,-70.39998627,0.855002582
1502219655, '6392B6C5FB53',2,29,-60,-61.34482956,0.669534445
,,,,,,
1502219715, '2D1032CDC2EC',3,27,-66,-72.74074554,3.788572073
1502219715, 'F9632B2DFC58',2,30,-62,-62.20000076,0.406838059
1502219715, 'DAD655CD510A',2,27,-69,-71.66665649,1.240348697
1502219715, '6392B6C5FB53',2,29,-60,-61.0689621,0.593478382
,,,,,,
1502219775, '2D1032CDC2EC',3,28,-68,-72.25001526,2.443820953
1502219775, 'F9632B2DFC58',2,30,-62,-62.43333054,0.504006743
1502219775, 'DAD655CD510A',2,28,-70,-71.82141876,1.67892158
1502219775, '6392B6C5FB53',2,30,-60,-60.70000458,0.534982681
,,,,,,
1502219835, '2D1032CDC2EC',3,29,-69,-71.44827271,1.212618589
1502219835, 'F9632B2DFC58',2,30,-62,-62.43333435,0.504006743
1502219835, 'DAD655CD510A',2,29,-70,-71.72413635,0.92182076
1502219835, '6392B6C5FB53',2,29,-59,-59.96551132,0.421117783
,,,,,,
1502219895, '2D1032CDC2EC',3,30,-70,-71.5,1.167077541
1502219895, 'F9632B2DFC58',2,30,-62,-62.83333588,0.379049033
1502219895, 'DAD655CD510A',2,29,-68,-70.82759094,1.928526044
1502219895, '459F7A08D5D7',2,23,-73,-78.47827148,3.328522205
,,,,,,
1502219955, 'F9632B2DFC58',2,30,-61,-62.79999924,0.484234035
1502219955, 'DAD655CD510A',2,27,-64,-70.29628754,4.487714291
1502219955, '6392B6C5FB53',2,30,-58,-61,1.414212704
1502219955, '459F7A08D5D7',2,28,-73,-77.60713959,4.021602154
,,,,,,
1502220015, '2D1032CDC2EC',3,27,-67,-72.77777863,5.010245323
1502220015, 'F9632B2DFC58',2,30,-62,-62.73333359,0.449776351
1502220015, 'DAD655CD510A',2,29,-63,-67.44827271,2.797781706
1502220015, '6392B6C5FB53',2,30,-59,-61.23332977,1.222865462
,,,,,,
1502220075, '2D1032CDC2EC',3,28,-63,-69.2142868,4.565224171
1502220075, 'F9632B2DFC58',2,29,-59,-62.48275757,0.828970551
1502220075, 'DAD655CD510A',2,30,-65,-70.59999847,3.635077238
1502220075, '6392B6C5FB53',2,30,-60,-60.93333817,0.639683247
,,,,,,
1502220135, '2D1032CDC2EC',3,29,-63,-69.34482574,4.768018246
1502220135, 'F9632B2DFC58',2,29,-61,-63.06896973,0.650880337
1502220135, 'DAD655CD510A',2,30,-65,-71.80001068,4.33430481
1502220135, '6392B6C5FB53',2,30,-58,-59.93332672,0.980263472
,,,,,,
1502220195, 'F9632B2DFC58',2,30,-63,-63.66666794,0.606479049
1502220195, 'DAD655CD510A',2,29,-66,-68.79311371,2.69098258
1502220195, '6392B6C5FB53',2,30,-58,-59.60000229,0.723973751
1502220195, '459F7A08D5D7',2,27,-76,-79.18518829,2.557598114
