DAD655CD510A,,,,,,
time,hwid,type,samples,maxRSSI,mean,stddev
1502202023, '2D1032CDC2EC',3,30,-65,-68.56665802,2.990597725
1502202023, '459F7A08D5D7',2,27,-66,-77.777771,3.320486069
1502202023, '94DC6692F976',3,29,-61,-63.34482574,1.446075201
1502202023, '6392B6C5FB53',2,28,-56,-56.92857361,0.604218602
,,,,,,
1502202083, '2D1032CDC2EC',3,29,-66,-69.51724243,3.561906815
1502202083, '459F7A08D5D7',2,24,-73,-75.41667175,2.483278751
1502202083, '94DC6692F976',3,28,-62,-64.14286041,2.863748074
1502202083, '6392B6C5FB53',2,30,-56,-56.93333817,0.639684439
,,,,,,
1502202143, '2D1032CDC2EC',3,29,-63,-67.51724243,5.082327366
1502202143, '459F7A08D5D7',2,25,-70,-73.44000244,3.056141138
1502202143, '94DC6692F976',3,30,-59,-61.7666626,1.675035357
1502202143, '6392B6C5FB53',2,30,-55,-55.59999466,0.894426048
,,,,,,
1502202203, '2D1032CDC2EC',3,30,-61,-63.83333969,1.984131575
1502202203, '459F7A08D5D7',2,26,-69,-74.30769348,3.641641617
1502202203, '94DC6692F976',3,29,-59,-62.37931442,2.194370747
1502202203, '6392B6C5FB53',2,30,-54,-54.70000076,0.466091126
,,,,,,
1502202263, '2D1032CDC2EC',3,29,-60,-62.9310379,2.136937618
1502202263, '94DC6692F976',3,30,-56,-63.19999695,2.683281422
1502202263, '6392B6C5FB53',2,29,-54,-55.72414017,0.882227659
1502202263, '5D358CDAED0D',2,30,-55,-55.46666718,0.507415712
,,,,,,
1502202323, '2D1032CDC2EC',3,29,-58,-62,3.327375174
1502202323, '459F7A08D5D7',2,28,-65,-72.71429443,3.29822731
1502202323, '94DC6692F976',3,29,-58,-64.72413635,3.228185177
1502202323, '6392B6C5FB53',2,30,-53,-54.73333359,0.827682018
,,,,,,
1502202383, '2D1032CDC2EC',3,29,-59,-61,0.654653549
1502202383, '459F7A08D5D7',2,30,-64,-70.16667175,3.006699324
1502202383, '94DC6692F976',3,29,-64,-69.24137115,2.836691618
1502202383, '6392B6C5FB53',2,30,-54,-54.96666718,0.556053042
,,,,,,
1502202443, '2D1032CDC2EC',3,30,-59,-64.20000458,2.60503459
1502202443, '94DC6692F976',3,29,-58,-64.79310608,4.212052345
1502202443, '6392B6C5FB53',2,30,-52,-55.26667404,0.980262697
1502202443, '5D358CDAED0D',2,30,-53,-54.2333374,0.678911507
,,,,,,
1502202503, '2D1032CDC2EC',3,28,-60,-62.2142868,1.066569328
1502202503, '459F7A08D5D7',2,27,-71,-77.18518829,3.431044817
1502202503, '94DC6692F976',3,29,-62,-65.44826508,1.681539059
1502202503, '6392B6C5FB53',2,30,-53,-54.73332977,0.520830452
,,,,,,
1502202563, '2D1032CDC2EC',3,30,-62,-63.59999847,1.248446822
1502202563, '459F7A08D5D7',2,29,-66,-74,2.866056442
1502202563, '94DC6692F976',3,29,-62,-63.75861359,1.550462604
1502202563, '6392B6C5FB53',2,30,-54,-55.3666687,0.556054115
,,,,,,
1502202623, '2D1032CDC2EC',3,30,-61,-63,1.313064456
1502202623, '459F7A08D5D7',2,29,-65,-73.72413635,2.505658627
1502202623, '94DC6692F976',3,28,-63,-65.24999237,1.43048811
1502202623, '6392B6C5FB53',2,30,-54,-54.63333511,0.668676555
,,,,,,
1502202683, '2D1032CDC2EC',3,30,-59,-62.8666687,1.195777655
1502202683, '459F7A08D5D7',2,28,-70,-73.39285278,1.7070508
1502202683, '94DC6692F976',3,25,-57,-61.75999832,1.588500023
1502202683, '6392B6C5FB53',2,28,-53,-54.67856979,0.722832382
,,,,,,
1502202743, '2D1032CDC2EC',3,28,-60,-63.0357132,2.185510159
1502202743, '459F7A08D5D7',2,25,-72,-75.87998962,1.855622649
1502202743, '94DC6692F976',3,29,-60,-62.34482574,3.415049314
1502202743, '6392B6C5FB53',2,30,-54,-54.86666107,0.434173346
,,,,,,
1502202803, '2D1032CDC2EC',3,29,-59,-61.34482956,1.203442693
1502202803, '459F7A08D5D7',2,30,-72,-73.86668396,1.613165736
1502202803, '94DC6692F976',3,30,-60,-66.1333313,3.390995979
1502202803, '6392B6C5FB53',2,30,-54,-54.79999924,0.71438396
,,,,,,
1502202863, '2D1032CDC2EC',3,29,-62,-64.72413635,1.666830182
1502202863, '459F7A08D5D7',2,26,-65,-75.11538696,5.006611824
1502202863, '94DC6692F976',3,29,-60,-65.44828033,3.030630827
1502202863, '6392B6C5FB53',2,30,-54,-55.40000534,0.563241541
,,,,,,
1502202923, '2D1032CDC2EC',3,28,-62,-64.82143402,2.22866106
1502202923, '459F7A08D5D7',2,26,-66,-76.57691956,5.262494564
1502202923, '94DC6692F976',3,29,-61,-63.75862122,1.88329494
1502202923, '6392B6C5FB53',2,28,-55,-56.14286423,1.177388668
,,,,,,
1502202983, '2D1032CDC2EC',3,30,-62,-63.93332672,1.720728636
1502202983, '94DC6692F976',3,29,-62,-63.65517426,1.142548442
1502202983, '6392B6C5FB53',2,30,-55,-56.66667175,1.061335921
1502202983, 'F9632B2DFC58',2,28,-70,-74.85715485,1.603571057
,,,,,,
1502203043, '2D1032CDC2EC',3,30,-61,-63.16666412,1.599209905
1502203043, '459F7A08D5D7',2,27,-67,-77.40740967,4.500076294
1502203043, '94DC6692F976',3,28,-61,-63.2142868,1.853069186
1502203043, '6392B6C5FB53',2,29,-54,-54.72414017,0.527565777
,,,,,,
1502203103, '2D1032CDC2EC',3,29,-63,-65.44827271,2.131168604
1502203103, '459F7A08D5D7',2,22,-73,-79.31817627,2.697201252
1502203103, '94DC6692F976',3,28,-61,-63.7142868,1.301200271
1502203103, '6392B6C5FB53',2,29,-54,-54.62068939,0.561489999
,,,,,,
1502203163, '2D1032CDC2EC',3,28,-63,-65.92857361,2.226583719
1502203163, '459F7A08D5D7',2,24,-76,-79.37499237,1.860632181
1502203163, '94DC6692F976',3,30,-62,-65.2666626,2.420223713
1502203163, '6392B6C5FB53',2,30,-53,-53.26666641,0.449776143
,,,,,,
1502203223, 'F9632B2DFC58',2,20,-78,-80.5,1.960129023
1502203223, '2D1032CDC2EC',3,29,-61,-64.75862122,2.3399508
1502203223, '459F7A08D5D7',2,28,-70,-76.35713959,2.312834978
1502203223, '94DC6692F976',3,27,-62,-66,3.902660131
,,,,,,
1502203283, '2D1032CDC2EC',3,25,-63,-66.40000153,2.291288376
1502203283, '459F7A08D5D7',2,29,-67,-70.48275757,3.135291815
1502203283, '94DC6692F976',3,27,-65,-67.44444275,1.450021982
1502203283, '6392B6C5FB53',2,30,-52,-52.90000153,0.402578533
,,,,,,
1502203343, 'F9632B2DFC58',2,28,-76,-81.25,2.605193853
1502203343, '2D1032CDC2EC',3,30,-61,-65.29998779,2.135905266
1502203343, '459F7A08D5D7',2,27,-67,-70.96296692,4.318841457
1502203343, '94DC6692F976',3,26,-64,-71.7692337,5.01444006
,,,,,,
1502203403, 'F9632B2DFC58',2,26,-77,-82.03845978,3.682181597
1502203403, '2D1032CDC2EC',3,30,-61,-66.16666412,3.312289
1502203403, '459F7A08D5D7',2,29,-64,-71.79309845,4.312600613
1502203403, '94DC6692F976',3,28,-63,-67.46427917,2.516346216
,,,,,,
1502203463, '2D1032CDC2EC',3,30,-63,-63.93333817,1.048260212
1502203463, '459F7A08D5D7',2,27,-70,-72.66667175,1.270977855
1502203463, '94DC6692F976',3,27,-66,-70.48149109,3.154611111
1502203463, '6392B6C5FB53',2,29,-54,-54.41379547,0.501228571
,,,,,,
1502203523, '9A34ECDEA99E',2,28,-63,-64.39285278,1.423069596
1502203523, '2D1032CDC2EC',3,29,-62,-63.7586174,1.455413461
1502203523, '459F7A08D5D7',2,28,-68,-72.99999237,1.845919013
1502203523, '94DC6692F976',3,26,-66,-71.03846741,3.974727392
,,,,,,
1502203583, '9A34ECDEA99E',2,30,-63,-63.43333054,1.135124087
1502203583, '2D1032CDC2EC',3,25,-62,-64.04000092,1.059873581
1502203583, '459F7A08D5D7',2,25,-66,-74.63999939,2.928025484
1502203583, '94DC6692F976',3,28,-62,-68.07141876,5.113003731
,,,,,,
1502203643, '9A34ECDEA99E',2,30,-62,-63.86666107,1.357820034
1502203643, '2D1032CDC2EC',3,30,-62,-65.16666412,2.150916576
1502203643, '459F7A08D5D7',2,25,-74,-77.31999207,3.184860468
1502203643, '94DC6692F976',3,30,-62,-64.3666687,2.075859785
,,,,,,
1502203703, '9A34ECDEA99E',2,27,-62,-63.48147964,1.122163653
1502203703, '2D1032CDC2EC',3,29,-64,-67.10344696,2.483443499
1502203703, '459F7A08D5D7',2,26,-66,-74.84614563,5.296733379
1502203703, '94DC6692F976',3,29,-62,-63.62068939,1.236752272
,,,,,,
1502203763, '9A34ECDEA99E',2,30,-63,-63.53333282,0.681446314
1502203763, '2D1032CDC2EC',3,30,-60,-63.56666565,1.977167249
1502203763, '459F7A08D5D7',2,27,-66,-72.37036896,4.133802891
1502203763, '94DC6692F976',3,30,-60,-63.03333664,2.042368412
,,,,,,
1502203823, '9A34ECDEA99E',2,30,-63,-63.79999924,1.214849353
1502203823, '2D1032CDC2EC',3,29,-63,-64.41378784,1.427216411
1502203823, '459F7A08D5D7',2,29,-66,-69.27586365,2.548060417
1502203823, '94DC6692F976',3,30,-60,-62.26667404,1.412586093
,,,,,,
1502203883, '9A34ECDEA99E',2,31,-63,-63.774189,1.627054691
1502203883, '2D1032CDC2EC',3,29,-64,-66.31034088,1.627957582
1502203883, '459F7A08D5D7',2,29,-65,-70.4827652,3.480772257
1502203883, '94DC6692F976',3,29,-61,-63.99999619,1.511856556
,,,,,,
1502203943, '2D1032CDC2EC',3,28,-63,-65.21427155,1.449321866
1502203943, '94DC6692F976',3,30,-61,-63.16667557,1.599209785
1502203943, '6392B6C5FB53',2,29,-54,-55.13793182,0.44111383
1502203943, '5D358CDAED0D',2,30,-55,-55.96666336,0.490132749
,,,,,,
1502204003, '9A34ECDEA99E',2,29,-63,-63.31034851,0.47082299
1502204003, '2D1032CDC2EC',3,28,-62,-64.42857361,1.793579221
1502204003, 'F9632B2DFC58',2,27,-74,-76.44444275,1.086042404
1502204003, '94DC6692F976',3,29,-58,-60.99999619,1.309307694
,,,,,,
1502204063, '9A34ECDEA99E',2,30,-63,-63.33333588,0.606478274
1502204063, '2D1032CDC2EC',3,29,-61,-65.27586365,1.980198026
1502204063, '459F7A08D5D7',2,30,-68,-74.83334351,3.66797328
1502204063, 'F9632B2DFC58',2,23,-77,-79.82608795,2.386556387
,,,,,,
1502204123, '9A34ECDEA99E',2,30,-64,-65.6333313,1.771097541
1502204123, '2D1032CDC2EC',3,30,-62,-63.86665344,1.041659951
1502204123, '459F7A08D5D7',2,29,-74,-76.72413635,2.051071882
1502204123, '94DC6692F976',3,28,-61,-64.39285278,2.249928474
,,,,,,
1502204183, '9A34ECDEA99E',2,29,-63,-64.96550751,0.944259524
1502204183, '2D1032CDC2EC',3,29,-64,-65.41378784,1.52402842
1502204183, '459F7A08D5D7',2,23,-75,-78.13043213,1.961083055
1502204183, '94DC6692F976',3,28,-59,-61.2142868,1.16609931
,,,,,,
1502204243, '9A34ECDEA99E',2,30,-65,-65.50000763,0.629720569
1502204243, '2D1032CDC2EC',3,30,-63,-66.0333252,1.884296179
1502204243, '94DC6692F976',3,27,-60,-63.33332825,2.148345709
1502204243, '459F7A08D5D7',2,25,-65,-75.48000336,2.987754107
,,,,,,
1502204303, '9A34ECDEA99E',2,27,-65,-67.14813995,3.146473408
1502204303, '2D1032CDC2EC',3,26,-63,-71.11537933,7.361124516
1502204303, '94DC6692F976',3,29,-60,-62.58620834,2.163285255
1502204303, '459F7A08D5D7',2,25,-73,-74.36000061,1.287115812
,,,,,,
1502204363, '9A34ECDEA99E',2,29,-64,-65.79310608,0.726010084
1502204363, '2D1032CDC2EC',3,29,-61,-63.44827271,1.478082299
1502204363, '94DC6692F976',3,28,-62,-63.35713959,1.339272261
1502204363, 'F9632B2DFC58',2,26,-73,-75.42308044,2.516714334
,,,,,,
1502204423, '9A34ECDEA99E',2,29,-64,-65.89656067,1.858278155
1502204423, '2D1032CDC2EC',3,29,-61,-67.37930298,5.178345203
1502204423, '94DC6692F976',3,30,-62,-64.33333588,2.248881817
1502204423, '459F7A08D5D7',2,28,-69,-72.60713959,1.950106621
,,,,,,
1502204483, '9A34ECDEA99E',2,29,-65,-66.55172729,0.736121655
1502204483, '2D1032CDC2EC',3,30,-62,-66.43332672,4.074168682
1502204483, '5D358CDAED0D',2,29,-54,-54.79310608,0.491304129
1502204483, '94DC6692F976',3,29,-62,-66.34483337,4.159979343
,,,,,,
1502204483, '9A34ECDEA99E',2,29,-65,-66.55172729,0.736121655
1502204483, '2D1032CDC2EC',3,30,-62,-66.43332672,4.074168682
1502204483, '5D358CDAED0D',2,29,-54,-54.79310608,0.491304129
1502204483, '94DC6692F976',3,29,-62,-66.34483337,4.159979343
,,,,,,
1502204483, '9A34ECDEA99E',2,29,-65,-66.55172729,0.736121655
1502204483, '2D1032CDC2EC',3,30,-62,-66.43332672,4.074168682
1502204483, '5D358CDAED0D',2,29,-54,-54.79310608,0.491304129
1502204483, '94DC6692F976',3,29,-62,-66.34483337,4.159979343
,,,,,,
1502204543, '9A34ECDEA99E',2,29,-62,-63.99999237,2.50713253
1502204543, '2D1032CDC2EC',3,29,-63,-66.4138031,3.145483732
1502204543, '5D358CDAED0D',2,30,-54,-54.93333817,0.253707767
1502204543, '94DC6692F976',3,28,-63,-66.7142868,2.323106527
,,,,,,
1502204603, '9A34ECDEA99E',2,29,-62,-64.79311371,2.350975275
1502204603, '2D1032CDC2EC',3,30,-60,-63.8999939,1.900088906
1502204603, '5D358CDAED0D',2,29,-54,-54.9310379,0.3713907
1502204603, '94DC6692F976',3,28,-57,-60.17857361,2.625425339
,,,,,,
1502204663, '9A34ECDEA99E',2,29,-64,-65.41378784,1.955160975
1502204663, '2D1032CDC2EC',3,28,-60,-62.4642868,1.104943156
1502204663, '5D358CDAED0D',2,30,-55,-55.16666412,0.379048795
1502204663, '94DC6692F976',3,30,-57,-60.06667709,2.462591887
,,,,,,
1502204723, '9A34ECDEA99E',2,30,-64,-64.76667023,0.504006565
1502204723, '2D1032CDC2EC',3,29,-54,-57.03447723,2.884472847
1502204723, '5D358CDAED0D',2,30,-54,-54.70000076,0.534985125
1502204723, '94DC6692F976',3,28,-59,-68.25,5.175620556
,,,,,,
1502204723, '9A34ECDEA99E',2,30,-64,-64.76667023,0.504006565
1502204723, '2D1032CDC2EC',3,29,-54,-57.03447723,2.884472847
1502204723, '5D358CDAED0D',2,30,-54,-54.70000076,0.534985125
1502204723, '94DC6692F976',3,28,-59,-68.25,5.175620556
,,,,,,
1502204783, '2D1032CDC2EC',3,30,-55,-59.56666946,2.884958982
1502204783, '5D358CDAED0D',2,29,-54,-54.51724243,0.633622646
1502204783, '94DC6692F976',3,30,-62,-67.16667175,5.420795918
1502204783, 'F9632B2DFC58',2,30,-72,-74.33332825,1.44636023
,,,,,,
1502204843, '2D1032CDC2EC',3,29,-61,-63.6896553,2.071980238
1502204843, '5D358CDAED0D',2,30,-55,-55.23332977,0.430183589
1502204843, '94DC6692F976',3,30,-60,-62.26666641,1.574215531
1502204843, 'F9632B2DFC58',2,26,-72,-74.38461304,1.387858033
,,,,,,
1502204903, '2D1032CDC2EC',3,27,-62,-64.8888855,2.886752129
1502204903, '5D358CDAED0D',2,29,-55,-55.62069702,0.676854253
1502204903, '94DC6692F976',3,28,-60,-62.0357132,2.501586914
1502204903, 'F9632B2DFC58',2,24,-71,-76.50000763,5.340576649
,,,,,,
1502204963, '2D1032CDC2EC',3,28,-62,-64.32143402,2.31026125
1502204963, '5D358CDAED0D',2,30,-55,-55.1333313,0.345745236
1502204963, '94DC6692F976',3,29,-61,-63.03448486,2.321988344
1502204963, 'F9632B2DFC58',2,29,-71,-72.41378784,1.118582964
,,,,,,
1502205023, '2D1032CDC2EC',3,30,-60,-63.2333374,1.278020382
1502205023, '5D358CDAED0D',2,30,-54,-55.20000076,0.664363325
1502205023, '94DC6692F976',3,30,-58,-61.46666718,0.973204374
1502205023, '6392B6C5FB53',2,29,-56,-57.48275757,0.828970373
,,,,,,
1502205083, '2D1032CDC2EC',3,27,-62,-63.22221756,1.625123262
1502205083, '5D358CDAED0D',2,29,-55,-55.37931061,0.493804067
1502205083, '94DC6692F976',3,30,-61,-62.40000153,2.268221617
1502205083, 'F9632B2DFC58',2,30,-70,-71.36666107,0.964301705
,,,,,,
1502205143, '2D1032CDC2EC',3,28,-62,-62.64286041,0.678466916
1502205143, '5D358CDAED0D',2,30,-55,-55.60000229,0.498272687
1502205143, '94DC6692F976',3,28,-60,-62.64286041,2.778412104
1502205143, 'F9632B2DFC58',2,28,-70,-71.25000763,0.84437263
,,,,,,
1502205203, '2D1032CDC2EC',3,30,-61,-63.3666687,2.008316517
1502205203, '5D358CDAED0D',2,30,-55,-55.96666718,0.319842011
1502205203, '94DC6692F976',3,30,-59,-61.93333435,1.142693639
1502205203, 'F9632B2DFC58',2,29,-69,-70.24137115,0.830455363
,,,,,,
1502205263, '2D1032CDC2EC',3,29,-59,-61.10344696,1.144702911
1502205263, '5D358CDAED0D',2,29,-54,-55.03448486,0.325440139
1502205263, '94DC6692F976',3,29,-59,-60.86207199,1.684469938
1502205263, 'F9632B2DFC58',2,29,-68,-70.62069702,2.161576748
,,,,,,
1502205323, '2D1032CDC2EC',3,29,-58,-59.86207199,1.846312046
1502205323, '5D358CDAED0D',2,29,-54,-55.06896973,0.371390343
1502205323, '94DC6692F976',3,29,-59,-61.51724243,1.271125913
1502205323, 'F9632B2DFC58',2,28,-69,-71.10714722,1.257252574
,,,,,,
1502205383, '2D1032CDC2EC',3,30,-58,-61.43333054,2.373466253
1502205383, '94DC6692F976',3,28,-57,-60.1428566,2.634729147
1502205383, '5D358CDAED0D',2,29,-55,-55.58621216,0.568032265
1502205383, 'F9632B2DFC58',2,27,-71,-72.92591858,2.164858341
,,,,,,
1502205443, '2D1032CDC2EC',3,30,-59,-62.43333054,2.176414728
1502205443, '94DC6692F976',3,29,-58,-61.58620834,2.163284779
1502205443, '5D358CDAED0D',2,28,-54,-55.07142639,0.539448977
1502205443, 'F9632B2DFC58',2,27,-70,-72.59259033,2.649518013
,,,,,,
1502205503, '2D1032CDC2EC',3,29,-60,-61.4827652,1.703372478
1502205503, '94DC6692F976',3,28,-60,-61.17856979,1.906199932
1502205503, '5D358CDAED0D',2,29,-54,-54.96551514,0.185695574
1502205503, 'F9632B2DFC58',2,27,-71,-71.44443512,0.50636971
,,,,,,
1502205563, '2D1032CDC2EC',3,28,-59,-60.64286041,0.989361286
1502205563, '94DC6692F976',3,30,-59,-61.60000229,2.328237772
1502205563, '5D358CDAED0D',2,30,-55,-55.56666946,0.504005611
1502205563, 'F9632B2DFC58',2,29,-71,-73.17241669,2.752518177
,,,,,,
1502205623, '2D1032CDC2EC',3,30,-59,-61.50000381,1.943158031
1502205623, '94DC6692F976',3,30,-60,-61.23333359,2.045741796
1502205623, '5D358CDAED0D',2,29,-56,-56.0689621,0.257880628
1502205623, 'F9632B2DFC58',2,27,-72,-74.1111145,1.086041689
,,,,,,
1502205683, '2D1032CDC2EC',3,29,-60,-61.44827271,0.73611933
1502205683, '94DC6692F976',3,30,-60,-61.46665955,0.681444526
1502205683, '5D358CDAED0D',2,30,-54,-56.03333282,0.556053698
1502205683, 'F9632B2DFC58',2,28,-73,-74.28570557,0.712700248
,,,,,,
1502205743, '2D1032CDC2EC',3,30,-60,-62.49999237,2.825377464
1502205743, '94DC6692F976',3,30,-60,-62.10000229,1.62629354
1502205743, '5D358CDAED0D',2,30,-54,-54.93333817,0.365148991
1502205743, 'F9632B2DFC58',2,27,-73,-74.25926971,1.059485555
,,,,,,
1502205803, '2D1032CDC2EC',3,29,-60,-61.55172729,0.736120284
1502205803, '94DC6692F976',3,30,-60,-61.3666687,1.731719017
1502205803, '5D358CDAED0D',2,29,-55,-55,0
1502205803, 'F9632B2DFC58',2,27,-71,-72.74074554,1.992149472
,,,,,,
1502205863, '2D1032CDC2EC',3,29,-60,-61.8275795,1.774198174
1502205863, '94DC6692F976',3,30,-61,-62.16666412,1.782739758
1502205863, '5D358CDAED0D',2,30,-54,-54.79999542,0.406837106
1502205863, 'F9632B2DFC58',2,25,-71,-72.75998688,0.830662429
,,,,,,
1502205923, '2D1032CDC2EC',3,28,-51,-59.6428566,2.791711807
1502205923, '94DC6692F976',3,29,-58,-61.68965912,1.560757041
1502205923, '5D358CDAED0D',2,29,-54,-54.9310379,0.457558781
1502205923, 'F9632B2DFC58',2,27,-74,-76.55555725,2.172083139
,,,,,,
1502205983, '2D1032CDC2EC',3,30,-58,-65.13333893,3.748408794
1502205983, '94DC6692F976',3,28,-58,-60.7857132,2.5583148
1502205983, '5D358CDAED0D',2,28,-54,-54.25000381,0.440959245
1502205983, 'F9632B2DFC58',2,25,-70,-75.99999237,2.327372313
,,,,,,
1502206043, '2D1032CDC2EC',3,29,-64,-66.17240906,0.889178514
1502206043, '94DC6692F976',3,30,-57,-64.03334045,3.863921642
1502206043, '5D358CDAED0D',2,30,-54,-55.03333664,0.718393385
1502206043, 'F9632B2DFC58',2,28,-71,-74.67858124,2.88101697
,,,,,,
1502206103, '2D1032CDC2EC',3,28,-66,-67.89286041,2.330780745
1502206103, '94DC6692F976',3,29,-60,-65.89655304,3.233141184
1502206103, '5D358CDAED0D',2,29,-55,-55.93103409,0.650880873
1502206103, 'F9632B2DFC58',2,27,-70,-75.85184479,3.820024967
,,,,,,
1502206163, '9A34ECDEA99E',2,30,-63,-64.1000061,2.040115833
1502206163, '2D1032CDC2EC',3,29,-65,-67.03447723,1.657941461
1502206163, '94DC6692F976',3,28,-61,-64.10713959,2.845910549
1502206163, '5D358CDAED0D',2,30,-54,-55.69999695,0.794377148
,,,,,,
1502206223, '9A34ECDEA99E',2,28,-62,-64.5,2.13437438
1502206223, '2D1032CDC2EC',3,30,-65,-66.5333252,1.041661024
1502206223, '94DC6692F976',3,30,-61,-65.53333282,3.014143944
1502206223, '5D358CDAED0D',2,27,-55,-55.70370483,0.465322196
,,,,,,
1502206283, '9A34ECDEA99E',2,30,-64,-65.26665497,1.574219108
1502206283, '2D1032CDC2EC',3,30,-65,-66.16666412,2.052472353
1502206283, '94DC6692F976',3,29,-63,-67.68965912,2.867345572
1502206283, '5D358CDAED0D',2,30,-56,-56.46666718,0.50741607
,,,,,,
1502206343, '9A34ECDEA99E',2,30,-63,-65.43333435,1.654322386
1502206343, '2D1032CDC2EC',3,30,-64,-65.69999695,1.441980362
1502206343, '94DC6692F976',3,30,-61,-63.93332672,2.702911377
1502206343, '5D358CDAED0D',2,30,-55,-56.03334045,0.490133166
,,,,,,
1502206403, '9A34ECDEA99E',2,30,-63,-64.96666718,0.556054056
1502206403, '2D1032CDC2EC',3,30,-63,-66.23332977,1.959651709
1502206403, '94DC6692F976',3,29,-61,-64.72414398,3.127031565
1502206403, '5D358CDAED0D',2,30,-55,-55.89999771,0.844863296
,,,,,,
1502206463, '9A34ECDEA99E',2,30,-64,-64.83333588,1.288766503
1502206463, '2D1032CDC2EC',3,30,-64,-66.23332977,1.040005088
1502206463, '94DC6692F976',3,30,-58,-61.23332977,1.941975236
1502206463, '5D358CDAED0D',2,28,-54,-54.85713959,0.356347561
,,,,,,
1502206523, '9A34ECDEA99E',2,28,-62,-63.7142868,1.863035679
1502206523, '2D1032CDC2EC',3,29,-64,-65.99999237,0.963624299
1502206523, '94DC6692F976',3,30,-59,-63.93333054,2.981937885
1502206523, '5D358CDAED0D',2,29,-54,-55.31034088,0.603767395
,,,,,,
1502206583, '9A34ECDEA99E',2,28,-62,-63.2142868,1.571909308
1502206583, '2D1032CDC2EC',3,29,-65,-66.27587128,0.648985207
1502206583, '94DC6692F976',3,29,-60,-65.17240143,2.841887712
1502206583, '5D358CDAED0D',2,29,-55,-55,0
,,,,,,
1502206643, '9A34ECDEA99E',2,30,-63,-63.26666641,0.449775845
1502206643, '94DC6692F976',3,29,-59,-66.9310379,3.644281626
1502206643, '5D358CDAED0D',2,29,-55,-55.10344696,0.309934109
1502206643, 'F9632B2DFC58',2,30,-68,-72.09999847,3.021188974
,,,,,,
1502206703, '9A34ECDEA99E',2,30,-63,-63.6333313,1.564329267
1502206703, '94DC6692F976',3,23,-65,-73.21738434,5.616179943
1502206703, '5D358CDAED0D',2,29,-55,-55.0689621,0.257880688
1502206703, 'F9632B2DFC58',2,27,-67,-69.99999237,2.148339272
,,,,,,
1502206763, '9A34ECDEA99E',2,28,-63,-64.4642868,1.794686317
1502206763, '94DC6692F976',3,30,-63,-68.63332367,3.253466368
1502206763, '5D358CDAED0D',2,30,-55,-55.06666183,0.253707796
1502206763, '6392B6C5FB53',2,30,-54,-54.99999619,0.525226593
,,,,,,
1502206823, '9A34ECDEA99E',2,30,-63,-64.3666687,1.245221019
1502206823, '94DC6692F976',3,28,-60,-65.10714722,4.645503521
1502206823, '5D358CDAED0D',2,30,-54,-54.96666336,0.319841981
1502206823, 'F9632B2DFC58',2,30,-71,-72.8999939,2.264419079
,,,,,,
1502206883, '9A34ECDEA99E',2,29,-63,-64.24137878,0.689471006
1502206883, '94DC6692F976',3,30,-59,-64.76667023,2.50080514
1502206883, '5D358CDAED0D',2,30,-55,-55.79999924,0.48423475
1502206883, 'F9632B2DFC58',2,30,-73,-76.69999695,2.351081133
,,,,,,
1502206943, '9A34ECDEA99E',2,30,-64,-64.7333374,1.28474772
1502206943, '94DC6692F976',3,30,-59,-62.16666412,2.679210424
1502206943, '5D358CDAED0D',2,28,-55,-55.7142868,0.599823236
1502206943, 'F9632B2DFC58',2,25,-72,-74,1.118033648
,,,,,,
1502207003, '9A34ECDEA99E',2,27,-63,-64.14814758,1.747607231
1502207003, '94DC6692F976',3,30,-60,-63.26666641,3.139662266
1502207003, '5D358CDAED0D',2,30,-55,-55.60000229,0.621455669
1502207003, 'F9632B2DFC58',2,29,-68,-71.99999237,3.035498857
,,,,,,
1502207063, '9A34ECDEA99E',2,28,-63,-64.39286041,1.852712035
1502207063, '94DC6692F976',3,30,-59,-61.60000229,3.606508732
1502207063, '5D358CDAED0D',2,29,-55,-55.27587128,0.45486179
1502207063, 'F9632B2DFC58',2,28,-68,-70.64285278,1.568537712
,,,,,,
1502207123, '9A34ECDEA99E',2,30,-63,-63.09999847,0.305128604
1502207123, '94DC6692F976',3,29,-61,-62.34482956,0.768851519
1502207123, '5D358CDAED0D',2,28,-55,-55.10714722,0.314970225
1502207123, 'F9632B2DFC58',2,28,-70,-71.24999237,1.993043303
,,,,,,
1502207183, '9A34ECDEA99E',2,30,-63,-63.66666794,2.279342651
1502207183, '94DC6692F976',3,28,-52,-65.17857361,5.773846626
1502207183, '5D358CDAED0D',2,30,-54,-55.06666183,0.365148664
1502207183, 'F9632B2DFC58',2,25,-68,-72.40000153,3.188520193
,,,,,,
1502207243, '9A34ECDEA99E',2,30,-62,-63.43333054,1.695497632
1502207243, '94DC6692F976',3,28,-66,-68.99999237,3.19722271
1502207243, '5D358CDAED0D',2,30,-54,-54.83333588,0.46113342
1502207243, 'F9632B2DFC58',2,27,-70,-74.14814758,2.46051383
,,,,,,
1502207303, '9A34ECDEA99E',2,28,-63,-63.03571701,0.188982457
1502207303, '94DC6692F976',3,28,-71,-76.75,3.38433075
1502207303, '5D358CDAED0D',2,30,-55,-55.1333313,0.345745504
1502207303, 'F9632B2DFC58',2,25,-73,-74.28000641,0.678233743
,,,,,,
1502207363, '9A34ECDEA99E',2,28,-63,-63.32142639,1.700840235
1502207363, '94DC6692F976',3,29,-71,-73.55171967,1.453719497
1502207363, '5D358CDAED0D',2,28,-54,-54.9642868,0.331342906
1502207363, 'F9632B2DFC58',2,25,-72,-74.44001007,2.180976629
,,,,,,
1502207423, '9A34ECDEA99E',2,29,-63,-63.48275757,1.682275414
1502207423, '94DC6692F976',3,26,-70,-72.7692337,1.965861917
1502207423, '5D358CDAED0D',2,29,-54,-54.72413635,0.527565241
1502207423, 'F9632B2DFC58',2,29,-70,-72.4827652,2.131745338
,,,,,,
1502207483, '9A34ECDEA99E',2,28,-63,-64.17856598,2.404525042
1502207483, '94DC6692F976',3,26,-67,-71.50000763,2.302176476
1502207483, '5D358CDAED0D',2,30,-54,-54.93333817,0.253708601
1502207483, 'F9632B2DFC58',2,28,-70,-72.14285278,2.383808136
,,,,,,
1502207543, '9A34ECDEA99E',2,30,-63,-63.16666794,0.461133152
1502207543, '94DC6692F976',3,29,-70,-72.51725006,2.429296017
1502207543, '5D358CDAED0D',2,30,-54,-55,0.262613028
1502207543, 'F9632B2DFC58',2,29,-69,-71.34482574,1.876087666
,,,,,,
1502207603, '9A34ECDEA99E',2,30,-62,-63.8999939,2.482350588
1502207603, '94DC6692F976',3,26,-65,-71.07693481,3.599147081
1502207603, '5D358CDAED0D',2,30,-54,-55.53333664,0.571346402
1502207603, 'F9632B2DFC58',2,25,-71,-73.43999481,2.416610003
,,,,,,
1502207663, '9A34ECDEA99E',2,26,-62,-63.42307663,1.604321003
1502207663, '94DC6692F976',3,30,-63,-68.59999084,2.298428535
1502207663, '5D358CDAED0D',2,30,-55,-55.59999847,0.49827224
1502207663, 'F9632B2DFC58',2,29,-69,-71.89654541,1.718487859
,,,,,,
1502207723, '9A34ECDEA99E',2,28,-62,-63.10715103,1.812290311
1502207723, '94DC6692F976',3,28,-67,-72.32142639,4.190408707
1502207723, '5D358CDAED0D',2,28,-54,-55.00000381,0.6666677
1502207723, 'F9632B2DFC58',2,28,-71,-71.5357132,0.692934155
,,,,,,
1502207783, '9A34ECDEA99E',2,29,-62,-62.79310226,1.473075271
1502207783, '94DC6692F976',3,25,-68,-74.76000214,4.418518543
1502207783, '5D358CDAED0D',2,29,-55,-55.37931442,0.493804097
1502207783, '6392B6C5FB53',2,29,-55,-55.7586174,0.689469278
,,,,,,
1502207843, '9A34ECDEA99E',2,30,-62,-63.43333054,2.661129951
1502207843, '94DC6692F976',3,24,-70,-77.54167175,4.180486202
1502207843, '5D358CDAED0D',2,29,-55,-55.44827271,0.572351694
1502207843, 'F9632B2DFC58',2,28,-74,-77.21429443,2.131895304
,,,,,,
1502207903, '9A34ECDEA99E',2,30,-62,-63.56666946,2.299675465
1502207903, '94DC6692F976',3,25,-73,-78,3.403429031
1502207903, '5D358CDAED0D',2,29,-55,-56.10344696,0.409251601
1502207903, 'F9632B2DFC58',2,28,-73,-76.03572083,1.574850798
,,,,,,
1502207963, '9A34ECDEA99E',2,29,-62,-63.55172348,2.354117632
1502207963, '94DC6692F976',3,25,-73,-77.68000031,2.528505087
1502207963, '5D358CDAED0D',2,30,-55,-55.59999847,0.563241422
1502207963, 'F9632B2DFC58',2,28,-73,-74.92858124,1.488937259
,,,,,,
1502208023, '9A34ECDEA99E',2,30,-62,-63.06666565,1.617433667
1502208023, '94DC6692F976',3,29,-67,-75.06896973,4.034945965
1502208023, '5D358CDAED0D',2,30,-55,-55.53333282,0.507415891
1502208023, 'F9632B2DFC58',2,26,-74,-76.11538696,1.728049159
,,,,,,
1502208083, '9A34ECDEA99E',2,30,-62,-63.00000381,0.643267095
1502208083, '94DC6692F976',3,28,-67,-72.32141876,2.326235771
1502208083, '5D358CDAED0D',2,29,-55,-55.75862503,0.635563493
1502208083, 'F9632B2DFC58',2,27,-72,-75.25925446,1.430238485
,,,,,,
1502208143, '9A34ECDEA99E',2,30,-62,-63.06666183,1.552158356
1502208143, '94DC6692F976',3,26,-70,-76.07691956,4.629670143
1502208143, '5D358CDAED0D',2,30,-54,-54.49999237,0.572350144
1502208143, 'F9632B2DFC58',2,26,-71,-73.03846741,1.509456277
,,,,,,
1502208203, '9A34ECDEA99E',2,30,-63,-63.3666687,0.556052923
1502208203, '94DC6692F976',3,27,-72,-74.66666412,2.148344994
1502208203, '5D358CDAED0D',2,30,-54,-54.73333359,0.449775994
1502208203, 'F9632B2DFC58',2,26,-71,-74.7692337,3.314305544
,,,,,,
1502208263, '9A34ECDEA99E',2,28,-62,-63.42856598,1.573591352
1502208263, '94DC6692F976',3,27,-67,-74.44445038,3.619744301
1502208263, '5D358CDAED0D',2,30,-54,-54.73332977,0.44977659
1502208263, 'F9632B2DFC58',2,28,-71,-73.00000763,1.305257082
,,,,,,
1502208323, '9A34ECDEA99E',2,29,-62,-63.96551514,2.382716656
1502208323, '94DC6692F976',3,29,-70,-75.68964386,3.048460722
1502208323, '5D358CDAED0D',2,30,-54,-54.70000076,0.466091394
1502208323, 'F9632B2DFC58',2,26,-70,-72.73075867,1.5889045
,,,,,,
DAD655CD510A,,,,,,
,,,,,,
time,hwid,type,samples,maxRSSI,mean,stddev
1502208503, '9A34ECDEA99E',2,30,-63,-63.26667023,0.583292544
1502208503, '5D358CDAED0D',2,30,-55,-55.53333664,0.571346164
1502208503, 'F9632B2DFC58',2,26,-70,-75.57691956,3.667948008
1502208503, '6392B6C5FB53',2,29,-54,-55.37930679,0.621851861
,,,,,,
DAD655CD510A,,,,,,
,,,,,,
time,hwid,type,samples,maxRSSI,mean,stddev
1502208563, '9A34ECDEA99E',2,28,-63,-63.46428299,1.346659184
1502208563, '94DC6692F976',3,29,-67,-69.31034088,1.391387701
1502208563, '5D358CDAED0D',2,30,-55,-55.7666626,0.430183291
1502208563, 'F9632B2DFC58',2,29,-72,-73.96550751,0.865314484
,,,,,,
1502208623, '9A34ECDEA99E',2,30,-63,-63.43333435,1.478193402
1502208623, '94DC6692F976',3,29,-67,-72.62068176,4.304598808
1502208623, '5D358CDAED0D',2,30,-55,-55.16666412,0.379048675
1502208623, 'F9632B2DFC58',2,25,-73,-75.35999298,2.464413643
,,,,,,
1502208683, '9A34ECDEA99E',2,29,-62,-63.55172348,1.502051115
1502208683, '94DC6692F976',3,28,-68,-73.74999237,2.810365915
1502208683, '5D358CDAED0D',2,30,-55,-55.20000076,0.406838089
1502208683, 'F9632B2DFC58',2,28,-69,-73.07143402,2.463493347
,,,,,,
1502208743, '9A34ECDEA99E',2,30,-61,-63.39999771,1.588752747
1502208743, '5D358CDAED0D',2,28,-53,-54.75,0.96705097
1502208743, 'F9632B2DFC58',2,27,-71,-72.18517303,1.861284018
1502208743, '6392B6C5FB53',2,29,-52,-55.72413254,1.601262331
,,,,,,
1502208803, '9A34ECDEA99E',2,29,-63,-64.96551514,3.029413223
1502208803, '94DC6692F976',3,26,-68,-70.92308044,2.897210836
1502208803, '5D358CDAED0D',2,30,-52,-52.93333817,0.86834538
1502208803, 'F9632B2DFC58',2,28,-70,-73.07143402,2.853569269
,,,,,,
1502208863, '9A34ECDEA99E',2,30,-63,-66.06666565,2.34790206
1502208863, '94DC6692F976',3,27,-66,-73.92593384,4.787209034
1502208863, '5D358CDAED0D',2,30,-53,-54.33333206,0.758100152
1502208863, '6392B6C5FB53',2,30,-53,-54.79999924,0.714384258
,,,,,,
1502208923, '9A34ECDEA99E',2,29,-63,-65.75863647,1.618091702
1502208923, '94DC6692F976',3,29,-65,-69.65517426,4.037995815
1502208923, '5D358CDAED0D',2,30,-54,-55.16666412,0.746639907
1502208923, '6392B6C5FB53',2,30,-54,-55.16666412,0.647721112
,,,,,,
1502208923, '9A34ECDEA99E',2,29,-63,-65.75863647,1.618091702
1502208923, '94DC6692F976',3,29,-65,-69.65517426,4.037995815
1502208923, '5D358CDAED0D',2,30,-54,-55.16666412,0.746639907
1502208923, '6392B6C5FB53',2,30,-54,-55.16666412,0.647721112
,,,,,,
1502208983, '9A34ECDEA99E',2,27,-65,-66.74074554,2.158927679
1502208983, '94DC6692F976',3,29,-68,-70.00000763,1.603566766
1502208983, '5D358CDAED0D',2,30,-55,-55,0
1502208983, '6392B6C5FB53',2,30,-55,-55.33333969,0.479461581
,,,,,,
1502209043, '9A34ECDEA99E',2,26,-65,-66.34615326,1.440619469
1502209043, '5D358CDAED0D',2,30,-54,-54.96666718,0.182574183
1502209043, '2D1032CDC2EC',3,29,-65,-66.06897736,1.850308895
1502209043, 'F9632B2DFC58',2,29,-67,-71.20690155,2.568758249
,,,,,,
1502209103, '9A34ECDEA99E',2,29,-64,-65.03448486,0.731083453
1502209103, '94DC6692F976',3,29,-65,-66.65516663,1.778357744
1502209103, '5D358CDAED0D',2,29,-55,-55,0
1502209103, '2D1032CDC2EC',3,30,-63,-65.4666748,0.860366881
,,,,,,
1502209163, '9A34ECDEA99E',2,28,-64,-66.10714722,1.931019902
1502209163, '94DC6692F976',3,28,-65,-67,2.479547262
1502209163, '5D358CDAED0D',2,30,-54,-54.7666626,0.430183709
1502209163, '2D1032CDC2EC',3,26,-65,-66.15384674,2.16688323
,,,,,,
1502209223, '9A34ECDEA99E',2,29,-65,-65.89656067,1.144703388
1502209223, '94DC6692F976',3,29,-65,-66.48275757,0.986359954
1502209223, '5D358CDAED0D',2,30,-54,-54.96666336,0.182574436
1502209223, '2D1032CDC2EC',3,30,-65,-65.43332672,0.504006982
,,,,,,
1502209283, '9A34ECDEA99E',2,30,-65,-67.13333893,2.542512655
1502209283, '94DC6692F976',3,28,-64,-65.60713959,1.133306503
1502209283, '5D358CDAED0D',2,30,-55,-55,0
1502209283, '2D1032CDC2EC',3,29,-65,-66.62068939,2.289943457
,,,,,,
1502209343, '9A34ECDEA99E',2,30,-64,-65.76667023,0.727931261
1502209343, '5D358CDAED0D',2,30,-55,-55,0
1502209343, '2D1032CDC2EC',3,30,-65,-66.16667938,0.53066808
1502209343, 'F9632B2DFC58',2,29,-69,-71.51724243,2.443953991
,,,,,,
1502209403, '9A34ECDEA99E',2,30,-63,-66.06666565,1.337350845
1502209403, '94DC6692F976',3,30,-64,-69.3999939,3.700886011
1502209403, '5D358CDAED0D',2,30,-54,-54.93333817,0.365148574
1502209403, '2D1032CDC2EC',3,28,-64,-65.57142639,1.525792837
,,,,,,
1502209463, '9A34ECDEA99E',2,30,-64,-66.06665802,1.311314464
1502209463, '94DC6692F976',3,29,-68,-71.44827271,2.959079742
1502209463, '5D358CDAED0D',2,30,-55,-55.19999695,0.484233916
1502209463, '2D1032CDC2EC',3,30,-47,-57.56666565,3.962612391
,,,,,,
1502209523, '9A34ECDEA99E',2,28,-64,-66.32144165,2.055769444
1502209523, '5D358CDAED0D',2,30,-54,-54.96666336,0.182574183
1502209523, '2D1032CDC2EC',3,28,-57,-59.1428566,1.799470186
1502209523, 'F9632B2DFC58',2,30,-70,-71.33332825,1.516196132
,,,,,,
1502209583, '9A34ECDEA99E',2,29,-64,-66.03449249,1.322411418
1502209583, '94DC6692F976',3,29,-65,-67.89655304,2.636892319
1502209583, '5D358CDAED0D',2,30,-54,-55.03333664,0.3198421
1502209583, '2D1032CDC2EC',3,29,-58,-60.06896973,0.961065292
,,,,,,
1502209643, '9A34ECDEA99E',2,28,-65,-66.42856598,1.874361157
1502209643, '94DC6692F976',3,29,-62,-65.20690155,2.36611867
1502209643, '2D1032CDC2EC',3,30,-56,-57.60000229,1.753815413
1502209643, 'F9632B2DFC58',2,29,-70,-71.96549988,2.337321997
,,,,,,
1502209703, '9A34ECDEA99E',2,30,-64,-66.03333282,2.092406273
1502209703, '94DC6692F976',3,27,-63,-66.03702545,2.564273357
1502209703, '5D358CDAED0D',2,29,-54,-54.86207199,0.350931555
1502209703, '2D1032CDC2EC',3,30,-57,-57.80000305,0.610257268
,,,,,,
1502209763, '9A34ECDEA99E',2,28,-65,-66.32144928,1.188013911
1502209763, '94DC6692F976',3,30,-65,-67.19999695,2.171921015
1502209763, '5D358CDAED0D',2,29,-54,-54.62068939,0.493804067
1502209763, '2D1032CDC2EC',3,30,-57,-58.53333282,1.074254632
,,,,,,
1502209823, '9A34ECDEA99E',2,28,-65,-66.17856598,1.764959455
1502209823, '94DC6692F976',3,28,-63,-67.46429443,2.081348896
1502209823, '2D1032CDC2EC',3,29,-58,-59.55173111,0.909718215
1502209823, 'F9632B2DFC58',2,27,-66,-70.33333588,2.148344755
,,,,,,
1502209883, '9A34ECDEA99E',2,29,-63,-65.41379547,0.779983819
1502209883, '94DC6692F976',3,27,-66,-68.70370483,2.034602165
1502209883, '5D358CDAED0D',2,29,-54,-54.96551514,0.185695484
1502209883, 'F9632B2DFC58',2,29,-70,-72.75862122,2.230553865
,,,,,,
1502209943, '9A34ECDEA99E',2,29,-65,-65.17241669,0.384425342
1502209943, '94DC6692F976',3,29,-67,-69.37932587,2.858743906
1502209943, '5D358CDAED0D',2,30,-55,-55.03333664,0.182574153
1502209943, '2D1032CDC2EC',3,29,-62,-68.58621979,5.415035725
,,,,,,
1502210003, '9A34ECDEA99E',2,29,-65,-66.41379547,2.113176107
1502210003, '94DC6692F976',3,28,-64,-66.99999237,2.227771759
1502210003, '5D358CDAED0D',2,30,-55,-55,0
1502210003, '2D1032CDC2EC',3,27,-61,-67.25926208,4.840476036
,,,,,,
1502210063, '9A34ECDEA99E',2,30,-64,-65.83332062,2.001435041
1502210063, '94DC6692F976',3,29,-65,-67.13793182,1.301760554
1502210063, '5D358CDAED0D',2,30,-54,-55.23332977,0.568320334
1502210063, 'F9632B2DFC58',2,27,-70,-72.25926208,2.427290201
,,,,,,
1502210123, '9A34ECDEA99E',2,30,-64,-65.76667023,1.454679728
1502210123, '94DC6692F976',3,28,-64,-67.17856598,2.708741665
1502210123, '5D358CDAED0D',2,30,-55,-55.69999313,0.534982324
1502210123, '2D1032CDC2EC',3,29,-55,-62.93102646,4.869224072
,,,,,,
1502210183, '9A34ECDEA99E',2,29,-65,-66.62068176,1.61275661
1502210183, '94DC6692F976',3,28,-66,-67.60714722,1.547741413
1502210183, '5D358CDAED0D',2,30,-54,-54.56666565,0.504005969
1502210183, '2D1032CDC2EC',3,30,-58,-63.56666565,3.720247507
,,,,,,
1502210243, '9A34ECDEA99E',2,29,-64,-65.86207581,1.663131714
1502210243, '459F7A08D5D7',2,29,-68,-73.27585602,2.051072359
1502210243, '94DC6692F976',3,27,-66,-70.33333588,2.787331104
1502210243, '5D358CDAED0D',2,30,-54,-55.16666412,0.746639729
,,,,,,
1502210303, '9A34ECDEA99E',2,29,-66,-67.79310608,1.698304892
1502210303, '459F7A08D5D7',2,25,-69,-77.75998688,4.342427731
1502210303, '94DC6692F976',3,30,-67,-68.49999237,1.167077422
1502210303, '5D358CDAED0D',2,30,-55,-55.56666946,0.504006922
,,,,,,
1502210363, '9A34ECDEA99E',2,27,-65,-71.55555725,2.764240503
1502210363, '94DC6692F976',3,30,-65,-68.13333893,2.582878351
1502210363, '5D358CDAED0D',2,29,-55,-55.99999619,0.462911278
1502210363, '2D1032CDC2EC',3,29,-57,-60.37931061,1.840297818
,,,,,,
1502210423, '9A34ECDEA99E',2,27,-70,-71.8888855,1.423250437
1502210423, '459F7A08D5D7',2,27,-76,-79.55554962,1.804552317
1502210423, '94DC6692F976',3,27,-66,-68.33333588,1.640825391
1502210423, '5D358CDAED0D',2,29,-55,-55.82758713,0.468201011
,,,,,,
1502210483, '9A34ECDEA99E',2,27,-69,-71.11112213,1.804553151
1502210483, '459F7A08D5D7',2,26,-76,-79.92307281,1.598078012
1502210483, '94DC6692F976',3,30,-65,-66.7333374,1.760353804
1502210483, '5D358CDAED0D',2,28,-55,-55.96428299,0.188982457
,,,,,,
1502210543, '9A34ECDEA99E',2,28,-68,-70.4642868,1.261458278
1502210543, '459F7A08D5D7',2,28,-74,-78.21427917,1.524057627
1502210543, '94DC6692F976',3,28,-64,-68.82142639,3.232399225
1502210543, '2D1032CDC2EC',3,29,-55,-58.27586365,1.943791628
,,,,,,
1502210603, '9A34ECDEA99E',2,30,-67,-69.26667023,1.818170905
1502210603, '459F7A08D5D7',2,23,-77,-82.30435181,2.786897898
1502210603, '94DC6692F976',3,27,-67,-70.74074554,3.288587809
1502210603, '5D358CDAED0D',2,30,-55,-55.79999161,0.484235555
,,,,,,
1502210663, '9A34ECDEA99E',2,27,-65,-66.40742493,0.930645823
1502210663, '459F7A08D5D7',2,26,-76,-78.84616089,1.848078251
1502210663, '94DC6692F976',3,29,-67,-71.41379547,1.918279529
1502210663, '5D358CDAED0D',2,30,-55,-55.96665955,0.31984219
,,,,,,
1502210723, '2D1032CDC2EC',3,29,-57,-58.41379547,0.824501276
1502210723, '9A34ECDEA99E',2,29,-66,-66.79309845,2.076729774
1502210723, '459F7A08D5D7',2,25,-63,-78.03998566,5.167846203
1502210723, '94DC6692F976',3,28,-68,-71.28570557,1.781742454
,,,,,,
1502210783, '2D1032CDC2EC',3,30,-56,-59.59999847,1.476249218
1502210783, '9A34ECDEA99E',2,28,-66,-66.78572083,1.548167944
1502210783, '459F7A08D5D7',2,29,-76,-78.58620453,1.701201797
1502210783, '94DC6692F976',3,28,-72,-76.74999237,3.449372053
,,,,,,
1502210843, '2D1032CDC2EC',3,30,-52,-61.06666565,6.469735146
1502210843, '9A34ECDEA99E',2,27,-66,-66.51852417,1.783911347
1502210843, '459F7A08D5D7',2,24,-78,-81.12500763,2.327762842
1502210843, '94DC6692F976',3,26,-51,-60.46153259,7.234531403
,,,,,,
1502210903, '2D1032CDC2EC',3,31,-60,-64.25806427,2.756417751
1502210903, '459F7A08D5D7',2,20,-77,-82.05000305,3.531436682
1502210903, '94DC6692F976',3,29,-57,-58.65517426,1.2894032
1502210903, '5D358CDAED0D',2,30,-55,-55.06666183,0.253707737
,,,,,,
1502210963, '9A34ECDEA99E',2,30,-66,-67.3666687,0.889917016
1502210963, '459F7A08D5D7',2,24,-78,-81.66667175,2.140026093
1502210963, '94DC6692F976',3,30,-57,-59.36665726,1.376734734
1502210963, '5D358CDAED0D',2,28,-55,-55.3928566,0.49734652
,,,,,,
1502211023, '9A34ECDEA99E',2,27,-66,-68.81481934,2.760115385
1502211023, '459F7A08D5D7',2,24,-76,-78.54166412,1.768788815
1502211023, '94DC6692F976',3,30,-54,-59.46666718,2.700362682
1502211023, '5D358CDAED0D',2,29,-55,-55.62068939,0.493803471
,,,,,,
1502211083, '459F7A08D5D7',2,27,-63,-73.51851654,5.444619656
1502211083, '9A34ECDEA99E',2,30,-66,-68.69999695,2.520946741
1502211083, '94DC6692F976',3,28,-55,-58.64286041,2.655733585
1502211083, '5D358CDAED0D',2,30,-55,-55.7666626,0.504007101
,,,,,,
1502211143, '459F7A08D5D7',2,23,-66,-76.08695221,4.737787724
1502211143, '94DC6692F976',3,30,-55,-55.40000153,0.563241482
1502211143, '5D358CDAED0D',2,30,-55,-55.53333282,0.507417142
1502211143, 'F9632B2DFC58',2,29,-72,-74.96552277,1.841635227
,,,,,,
1502211203, '459F7A08D5D7',2,25,-72,-76.75998688,3.099460602
1502211203, '9A34ECDEA99E',2,29,-68,-69.79309082,1.206509233
1502211203, '94DC6692F976',3,29,-56,-57.93103409,1.624171376
1502211203, '5D358CDAED0D',2,30,-55,-55.09999847,0.305128396
,,,,,,
1502211263, '459F7A08D5D7',2,20,-68,-83.75000763,4.265836239
1502211263, '9A34ECDEA99E',2,28,-68,-70.46430206,1.137964725
1502211263, '94DC6692F976',3,29,-56,-57.86206055,1.05978775
1502211263, '5D358CDAED0D',2,29,-55,-55,0
,,,,,,
1502211323, '9A34ECDEA99E',2,29,-68,-70.9310379,1.869513154
1502211323, '94DC6692F976',3,30,-56,-57.33333588,0.922265649
1502211323, '5D358CDAED0D',2,30,-55,-55.09999847,0.305128634
1502211323, '6392B6C5FB53',2,30,-53,-53.83332825,0.647718489
,,,,,,
1502211383, '9A34ECDEA99E',2,29,-63,-69.17241669,5.085479259
1502211383, '94DC6692F976',3,28,-53,-56.32142639,1.123934031
1502211383, '5D358CDAED0D',2,30,-54,-54.90000153,0.402577937
1502211383, '6392B6C5FB53',2,30,-53,-54.79999924,0.924755454
,,,,,,
1502211443, '459F7A08D5D7',2,22,-74,-78.81817627,1.967262745
1502211443, '9A34ECDEA99E',2,29,-62,-63,1.414213896
1502211443, '94DC6692F976',3,29,-53,-58.03448105,2.397659063
1502211443, '5D358CDAED0D',2,29,-53,-54.72413254,0.648987174
,,,,,,
1502211503, '459F7A08D5D7',2,25,-74,-77.99999237,2.677061796
1502211503, '9A34ECDEA99E',2,29,-62,-62.68965912,0.541389585
1502211503, '94DC6692F976',3,29,-55,-56.7586174,1.765851021
1502211503, '5D358CDAED0D',2,29,-54,-55.62068558,0.727706969
,,,,,,
1502211563, '459F7A08D5D7',2,26,-78,-79.96153259,1.611975074
1502211563, '9A34ECDEA99E',2,30,-62,-62.96666718,1.217213273
1502211563, '94DC6692F976',3,30,-55,-58.5,1.456258774
1502211563, '5D358CDAED0D',2,30,-54,-54.8666687,0.434172243
,,,,,,
1502211623, '9A34ECDEA99E',2,29,-63,-63,0
1502211623, '94DC6692F976',3,30,-55,-56.20000076,0.714383543
1502211623, '5D358CDAED0D',2,29,-54,-54.51723862,0.508546829
1502211623, '6392B6C5FB53',2,29,-55,-55,0
,,,,,,
1502211683, '5D358CDAED0D',2,30,-54,-54.29999924,0.794377089
1502211683, '6392B6C5FB53',2,30,-53,-55.06666565,0.583292067
1502211683, '459F7A08D5D7',2,26,-77,-80.30770111,2.204890013
1502211683, '9A34ECDEA99E',2,30,-62,-63.63332748,2.204749823
,,,,,,
1502211743, '5D358CDAED0D',2,30,-54,-55.06666183,0.583291292
1502211743, '6392B6C5FB53',2,29,-54,-55.44827652,0.948162735
1502211743, '459F7A08D5D7',2,21,-65,-74.76190186,6.260227203
1502211743, '9A34ECDEA99E',2,30,-63,-63.33333206,0.47946316
,,,,,,
1502211803, '5D358CDAED0D',2,30,-55,-55.06666183,0.253707916
1502211803, '6392B6C5FB53',2,29,-55,-55.44827271,0.572352111
1502211803, '459F7A08D5D7',2,29,-64,-72.20690155,5.045361519
1502211803, '9A34ECDEA99E',2,29,-63,-63.93103027,1.334461212
,,,,,,
1502211863, '5D358CDAED0D',2,29,-55,-55.48276138,0.633622408
1502211863, '6392B6C5FB53',2,30,-55,-55.96667099,0.850286961
1502211863, '459F7A08D5D7',2,26,-70,-76.76924133,4.032937527
1502211863, '9A34ECDEA99E',2,29,-63,-63.51724243,0.508547843
,,,,,,
1502211923, '5D358CDAED0D',2,30,-55,-55.70000458,0.53498286
1502211923, '6392B6C5FB53',2,29,-55,-56.20689774,0.977581441
1502211923, '459F7A08D5D7',2,28,-66,-77.39285278,3.403039455
1502211923, '9A34ECDEA99E',2,29,-63,-64.34483337,1.11085093
,,,,,,
1502211983, '5D358CDAED0D',2,30,-55,-55.79999924,0.550861776
1502211983, '459F7A08D5D7',2,18,-70,-79.38889313,3.852254868
1502211983, '9A34ECDEA99E',2,30,-63,-64.6000061,1.811837554
1502211983, 'F9632B2DFC58',2,29,-72,-75.03447723,1.426352739
,,,,,,
1502212043, '5D358CDAED0D',2,30,-55,-55.3666687,0.490132868
1502212043, '6392B6C5FB53',2,30,-54,-54.16666412,0.379048675
1502212043, '459F7A08D5D7',2,25,-74,-80.24000549,3.205203772
1502212043, '9A34ECDEA99E',2,30,-63,-64.13333893,1.455864668
,,,,,,
1502212103, '5D358CDAED0D',2,27,-55,-55.37037659,0.492102236
1502212103, '6392B6C5FB53',2,30,-53,-54.33333969,0.660892308
1502212103, '9A34ECDEA99E',2,29,-63,-63.34482956,0.48372525
1502212103, '94DC6692F976',3,29,-54,-56.58620453,2.260171652
,,,,,,
1502212163, '5D358CDAED0D',2,30,-55,-55.93333054,0.365148783
1502212163, '6392B6C5FB53',2,30,-53,-54.7666626,0.568319976
1502212163, '9A34ECDEA99E',2,30,-63,-63.90000153,0.402577966
1502212163, '94DC6692F976',3,29,-56,-59.65517426,2.057666302
,,,,,,
1502212223, '5D358CDAED0D',2,31,-55,-55.16129303,0.373877466
1502212223, '6392B6C5FB53',2,29,-53,-55.24137497,1.057464361
1502212223, '9A34ECDEA99E',2,29,-62,-63.82758331,1.197287083
1502212223, '94DC6692F976',3,29,-55,-58.34482574,2.716035843
,,,,,,
1502212283, '6392B6C5FB53',2,29,-53,-54.75862122,1.023131847
1502212283, '9A34ECDEA99E',2,30,-63,-63.26667023,1.284746885
1502212283, '94DC6692F976',3,30,-57,-60.79999542,2.155986786
1502212283, 'F9632B2DFC58',2,29,-73,-74.62068176,1.80106771
,,,,,,
1502212343, '6392B6C5FB53',2,29,-53,-55.03447723,0.778403521
1502212343, '9A34ECDEA99E',2,30,-63,-63.2333374,1.27801919
1502212343, '94DC6692F976',3,30,-55,-59.03333282,2.722617626
1502212343, 'F9632B2DFC58',2,30,-72,-74.8999939,1.97134614
,,,,,,
1502212403, '6392B6C5FB53',2,30,-54,-55.5,0.629723489
1502212403, '459F7A08D5D7',2,21,-76,-79.19047546,2.112319469
1502212403, '9A34ECDEA99E',2,30,-62,-63.03334045,1.376738191
1502212403, '94DC6692F976',3,30,-57,-60.3666687,1.884296894
,,,,,,
1502212463, '6392B6C5FB53',2,30,-55,-55.26666641,0.449775785
1502212463, '459F7A08D5D7',2,25,-76,-78.44000244,1.356465578
1502212463, '9A34ECDEA99E',2,29,-63,-63.2413826,1.122979999
1502212463, '94DC6692F976',3,30,-57,-58.09999847,0.711968184
,,,,,,
1502212523, '6392B6C5FB53',2,29,-54,-54.62069321,0.621853888
1502212523, '459F7A08D5D7',2,23,-78,-80.82608795,1.556575179
1502212523, '9A34ECDEA99E',2,29,-62,-63.13793182,0.44111371
1502212523, '94DC6692F976',3,29,-57,-60.58620834,2.009214401
,,,,,,
1502212583, '6392B6C5FB53',2,29,-53,-54.48275757,0.63362211
1502212583, '9A34ECDEA99E',2,30,-62,-63.70000076,1.578956366
1502212583, '94DC6692F976',3,28,-58,-62.64286423,2.570696115
1502212583, '2D1032CDC2EC',3,29,-59,-60.93103409,2.344156981
,,,,,,
1502212643, '6392B6C5FB53',2,30,-54,-54.73333359,0.868344963
1502212643, '459F7A08D5D7',2,20,-79,-82.1000061,1.997366548
1502212643, '9A34ECDEA99E',2,30,-61,-62.96666336,0.614947855
1502212643, '94DC6692F976',3,28,-58,-60.39286041,1.594881773
,,,,,,
1502212703, '6392B6C5FB53',2,30,-55,-55.79999924,0.761124074
1502212703, '459F7A08D5D7',2,21,-81,-83.95237732,2.246692896
1502212703, '9A34ECDEA99E',2,30,-62,-63.13332748,1.136640072
1502212703, '94DC6692F976',3,29,-58,-62.55172729,2.529626846
,,,,,,
1502212763, '6392B6C5FB53',2,30,-55,-56.13333893,1.224273443
1502212763, '459F7A08D5D7',2,12,-80,-83.16666412,1.850470543
1502212763, '9A34ECDEA99E',2,28,-61,-62.92857361,0.465758801
1502212763, '94DC6692F976',3,28,-59,-63.10714722,2.377974749
,,,,,,
1502212823, '6392B6C5FB53',2,29,-55,-56.27585983,0.959782362
1502212823, '9A34ECDEA99E',2,30,-62,-63.56666565,0.897634387
1502212823, '94DC6692F976',3,30,-58,-61.93333435,2.887944698
1502212823, 'F9632B2DFC58',2,29,-69,-75.58620453,3.417571783
,,,,,,
1502212883, '6392B6C5FB53',2,30,-56,-57.29999542,0.794376671
1502212883, '9A34ECDEA99E',2,30,-63,-64.09999084,1.936046124
1502212883, '94DC6692F976',3,30,-59,-62.26667023,2.303421497
1502212883, '2D1032CDC2EC',3,30,-56,-56.93333817,0.691491783
,,,,,,
1502212943, '6392B6C5FB53',2,29,-55,-56.68965912,0.660273314
1502212943, '9A34ECDEA99E',2,29,-63,-63.55172348,0.631676376
1502212943, '94DC6692F976',3,30,-56,-58.83333588,1.821014881
1502212943, '2D1032CDC2EC',3,29,-57,-61.6896553,2.928962469
,,,,,,
1502213003, '6392B6C5FB53',2,30,-55,-58.3666687,0.850286782
1502213003, '9A34ECDEA99E',2,29,-63,-64.58620453,1.955161452
1502213003, '94DC6692F976',3,30,-56,-56.69999695,0.702214122
1502213003, '2D1032CDC2EC',3,30,-61,-62.6333313,1.188547015
,,,,,,
1502213063, '6392B6C5FB53',2,29,-56,-57.37931061,1.449477553
1502213063, '459F7A08D5D7',2,18,-67,-77.38887787,4.704678535
1502213063, '9A34ECDEA99E',2,30,-63,-64.06666565,1.387961864
1502213063, '94DC6692F976',3,29,-55,-56.34482956,1.078220487
,,,,,,
1502213123, '6392B6C5FB53',2,29,-54,-55.79310226,0.773643553
1502213123, '459F7A08D5D7',2,21,-82,-85.38095093,1.856776834
1502213123, '9A34ECDEA99E',2,29,-64,-65.24136353,1.503688216
1502213123, '94DC6692F976',3,30,-57,-59.96666336,1.272611856
,,,,,,
1502213183, '6392B6C5FB53',2,30,-55,-56.63333511,0.614947975
1502213183, '459F7A08D5D7',2,7,-83,-85.7142868,1.79947114
1502213183, '9A34ECDEA99E',2,27,-63,-64.96295929,2.393605471
1502213183, '94DC6692F976',3,30,-55,-56.93333817,3.867934704
,,,,,,
1502213243, '6392B6C5FB53',2,30,-55,-56.66666794,0.958926558
1502213243, '9A34ECDEA99E',2,29,-63,-64.27587128,1.386067033
1502213243, '94DC6692F976',3,29,-56,-57.55172729,0.909717679
1502213243, '2D1032CDC2EC',3,30,-58,-61.7333374,1.720733166
,,,,,,
1502213303, '6392B6C5FB53',2,30,-56,-57.43333054,0.626061857
1502213303, '9A34ECDEA99E',2,28,-63,-63.60714722,1.314853072
1502213303, '94DC6692F976',3,30,-56,-57.03333282,0.718395472
1502213303, '2D1032CDC2EC',3,29,-59,-60.79310226,0.773641825
,,,,,,
1502213363, '6392B6C5FB53',2,28,-56,-56.78571701,0.786796272
1502213363, '459F7A08D5D7',2,28,-64,-78.57143402,5.231165886
1502213363, '9A34ECDEA99E',2,29,-63,-63.13792801,0.441114604
1502213363, '94DC6692F976',3,30,-55,-60.93333817,3.590536833
,,,,,,
1502213423, '6392B6C5FB53',2,28,-55,-58.17856979,1.441541433
1502213423, '459F7A08D5D7',2,26,-65,-75.03846741,4.321859837
1502213423, '9A34ECDEA99E',2,27,-62,-63.70370483,1.81478548
1502213423, '94DC6692F976',3,28,-55,-57.10713959,1.523625374
,,,,,,
1502213483, '6392B6C5FB53',2,29,-55,-57.86207199,1.125170946
1502213483, '9A34ECDEA99E',2,30,-63,-64.06665802,1.257621288
1502213483, '94DC6692F976',3,29,-55,-58.17241287,2.891723156
1502213483, '2D1032CDC2EC',3,29,-59,-61.96551514,2.243765116
,,,,,,
1502213543, '6392B6C5FB53',2,29,-56,-58.03448486,1.209568858
1502213543, '9A34ECDEA99E',2,29,-63,-64.65517426,1.343658209
1502213543, '94DC6692F976',3,30,-55,-55.53332901,0.81930846
1502213543, 'F9632B2DFC58',2,28,-72,-74.50000763,1.934099436
,,,,,,
1502213543, '6392B6C5FB53',2,29,-56,-58.03448486,1.209568858
1502213543, '9A34ECDEA99E',2,29,-63,-64.65517426,1.343658209
1502213543, '94DC6692F976',3,30,-55,-55.53332901,0.81930846
1502213543, 'F9632B2DFC58',2,28,-72,-74.50000763,1.934099436
,,,,,,
1502213603, '6392B6C5FB53',2,29,-56,-57.79310989,1.56705606
1502213603, '9A34ECDEA99E',2,30,-64,-65.56666565,1.330888867
1502213603, '94DC6692F976',3,29,-55,-56.51724243,1.242712379
1502213603, '459F7A08D5D7',2,27,-78,-80.85185242,1.511590719
,,,,,,
1502213663, '9A34ECDEA99E',2,30,-65,-65.40000153,1.132589936
1502213663, '94DC6692F976',3,30,-56,-56.33333206,0.546673
1502213663, '6392B6C5FB53',2,29,-56,-57.24137878,0.912421107
1502213663, '2D1032CDC2EC',3,29,-59,-60.89654541,1.676410198
,,,,,,
1502213723, '94DC6692F976',3,30,-56,-56.93333817,0.520829618
1502213723, '6392B6C5FB53',2,30,-56,-56.53333282,0.50741607
1502213723, '459F7A08D5D7',2,27,-67,-77.92592621,4.937500954
1502213723, '9A34ECDEA99E',2,28,-65,-66,1.763834834
,,,,,,
1502213783, '94DC6692F976',3,29,-57,-57.48275757,0.508548915
1502213783, '6392B6C5FB53',2,29,-54,-56.99999619,0.886404276
1502213783, '459F7A08D5D7',2,26,-72,-77.73075867,3.040499449
1502213783, '9A34ECDEA99E',2,28,-63,-65.2857132,1.329358935
,,,,,,
1502213843, '94DC6692F976',3,29,-56,-57.10344696,0.488790751
1502213843, '6392B6C5FB53',2,30,-55,-56.00000381,0.587219954
1502213843, '459F7A08D5D7',2,28,-75,-77.49999237,1.527525425
1502213843, '9A34ECDEA99E',2,30,-64,-65.16666412,1.366680622
,,,,,,
1502213903, '94DC6692F976',3,29,-56,-56.27586365,0.454859465
1502213903, '6392B6C5FB53',2,29,-55,-55.96551514,0.185695574
1502213903, '9A34ECDEA99E',2,29,-64,-64.41379547,1.32334137
1502213903, '2D1032CDC2EC',3,30,-62,-63.5,1.456259847
,,,,,,
1502213963, '94DC6692F976',3,30,-55,-56.06666946,0.907187819
1502213963, '6392B6C5FB53',2,30,-55,-55.70000458,0.466091067
1502213963, '9A34ECDEA99E',2,29,-64,-64.27586365,1.306484103
1502213963, '2D1032CDC2EC',3,27,-59,-63.77778625,1.552502275
,,,,,,
1502214023, '5D358CDAED0D',2,30,-56,-56.06666946,0.253707975
1502214023, '94DC6692F976',3,30,-55,-57.16667175,1.366678119
1502214023, '6392B6C5FB53',2,29,-56,-56.89655304,0.617877603
1502214023, '459F7A08D5D7',2,23,-76,-78.13043976,1.217461348
,,,,,,
1502214083, '5D358CDAED0D',2,29,-56,-56,0
1502214083, '94DC6692F976',3,30,-57,-57.69999313,0.794374585
1502214083, '6392B6C5FB53',2,29,-57,-57.37931442,0.493804008
1502214083, '459F7A08D5D7',2,26,-76,-77.50000763,0.905538797
,,,,,,
1502214143, '5D358CDAED0D',2,29,-56,-56.03448486,0.185695276
1502214143, '94DC6692F976',3,30,-56,-57.20000076,0.714384675
1502214143, '6392B6C5FB53',2,30,-57,-57.73332596,0.639685273
1502214143, '459F7A08D5D7',2,28,-75,-76.60714722,1.13331008
,,,,,,
1502214203, '5D358CDAED0D',2,29,-55,-56.06896591,0.37139082
1502214203, '94DC6692F976',3,30,-55,-57.06666183,1.2298944
1502214203, '6392B6C5FB53',2,29,-56,-57.2413826,0.635563314
1502214203, '459F7A08D5D7',2,28,-74,-76.2142868,0.994692624
,,,,,,
1502214263, '5D358CDAED0D',2,30,-56,-56.03333282,0.182574317
1502214263, '94DC6692F976',3,29,-55,-55.96551514,0.421117634
1502214263, '6392B6C5FB53',2,29,-55,-56.24137878,0.510963559
1502214263, '459F7A08D5D7',2,18,-76,-77.55555725,0.983523488
,,,,,,
1502214323, '5D358CDAED0D',2,30,-56,-56,0
1502214323, '94DC6692F976',3,29,-56,-56.34482193,0.483726799
1502214323, '6392B6C5FB53',2,30,-55,-55.46666718,0.507415593
1502214323, '459F7A08D5D7',2,25,-76,-77.9200058,0.862172127
,,,,,,
1502214383, '5D358CDAED0D',2,30,-56,-56.03333282,0.182574183
1502214383, '94DC6692F976',3,30,-55,-56.1333313,0.434171617
1502214383, '6392B6C5FB53',2,29,-55,-55.86206818,0.350931078
1502214383, '459F7A08D5D7',2,24,-76,-76.91666412,0.775530398
,,,,,,
1502214443, '5D358CDAED0D',2,30,-55,-56.36666489,0.668675244
1502214443, '94DC6692F976',3,27,-54,-56.22222137,1.120897651
1502214443, '6392B6C5FB53',2,29,-55,-55.9310379,0.798705935
1502214443, '459F7A08D5D7',2,25,-64,-73.47999573,4.528794765
,,,,,,
DAD655CD510A,,,,,,
,,,,,,
time,hwid,type,samples,maxRSSI,mean,stddev
1502214563, '5D358CDAED0D',2,28,-55,-56.07142639,0.539448917
1502214563, '94DC6692F976',3,30,-55,-56.09999847,0.884736836
1502214563, '6392B6C5FB53',2,29,-55,-56.68965912,1.038661242
1502214563, '459F7A08D5D7',2,29,-63,-71.55171204,3.794604778
,,,,,,
1502214623, '5D358CDAED0D',2,28,-55,-55.49999619,0.509173393
1502214623, '94DC6692F976',3,28,-55,-56.6071434,0.785954177
1502214623, '6392B6C5FB53',2,30,-56,-57.26666641,0.58329314
1502214623, '459F7A08D5D7',2,29,-67,-72.27586365,3.022493362
,,,,,,
1502214683, '5D358CDAED0D',2,28,-55,-55.5,0.693888605
1502214683, '94DC6692F976',3,30,-55,-57.03332901,1.217213511
1502214683, '6392B6C5FB53',2,30,-55,-57.40000153,0.770132303
1502214683, '459F7A08D5D7',2,22,-69,-75.8636322,3.328026772
,,,,,,
1502214743, '5D358CDAED0D',2,29,-55,-55.17241287,0.384426177
1502214743, '94DC6692F976',3,29,-55,-57.17241287,0.928476751
1502214743, '6392B6C5FB53',2,29,-56,-57.6896553,0.967450738
1502214743, '459F7A08D5D7',2,17,-66,-76.88235474,7.296253204
,,,,,,
1502214803, '5D358CDAED0D',2,29,-55,-56.27586365,0.701861918
1502214803, '94DC6692F976',3,30,-55,-59.20000076,1.399507284
1502214803, '6392B6C5FB53',2,30,-56,-57.03333282,0.999424815
1502214803, '459F7A08D5D7',2,29,-63,-70.31034851,4.855801582
,,,,,,
1502214863, '5D358CDAED0D',2,30,-55,-55.90000153,0.305128723
1502214863, '94DC6692F976',3,29,-57,-59.06896973,1.032716632
1502214863, '6392B6C5FB53',2,27,-56,-56.99999619,0.480385572
1502214863, '459F7A08D5D7',2,26,-75,-77.7692337,1.210213423
,,,,,,
1502214923, '5D358CDAED0D',2,29,-55,-55,0
1502214923, '94DC6692F976',3,28,-57,-57.3928566,0.497347176
1502214923, '6392B6C5FB53',2,30,-57,-57.16666412,0.379048735
1502214923, '459F7A08D5D7',2,27,-67,-75.74073792,2.246237993
,,,,,,
1502214983, '5D358CDAED0D',2,30,-54,-55.26666641,0.691491067
1502214983, '94DC6692F976',3,30,-55,-57.2333374,1.524135232
1502214983, '6392B6C5FB53',2,30,-55,-56.36667252,0.850288928
1502214983, '459F7A08D5D7',2,25,-65,-75.55999756,4.233596802
,,,,,,
1502215043, '5D358CDAED0D',2,30,-56,-56.13333511,0.34574607
1502215043, '94DC6692F976',3,29,-55,-57.51724243,0.949462175
1502215043, '6392B6C5FB53',2,30,-55,-55.70000076,0.915386379
1502215043, '9A34ECDEA99E',2,29,-63,-64.37931061,1.590458989
,,,,,,
1502215103, '5D358CDAED0D',2,30,-55,-55.90000153,0.305128485
1502215103, '94DC6692F976',3,27,-57,-61.77777863,4.440489292
1502215103, '6392B6C5FB53',2,29,-55,-56.48275757,0.687682211
1502215103, '9A34ECDEA99E',2,29,-64,-64.24137115,1.299867272
,,,,,,
1502215163, '5D358CDAED0D',2,30,-56,-56.09999847,0.305128694
1502215163, '94DC6692F976',3,29,-59,-64.27587128,2.926440477
1502215163, '6392B6C5FB53',2,30,-55,-56.70000076,0.952310383
1502215163, '9A34ECDEA99E',2,30,-63,-64.50000763,1.47974813
,,,,,,
1502215223, '5D358CDAED0D',2,24,-51,-53.41666794,2.749177456
1502215223, '94DC6692F976',3,29,-53,-59.65517426,4.812749863
1502215223, '6392B6C5FB53',2,31,-55,-56.8064537,1.194972277
1502215223, '459F7A08D5D7',2,28,-67,-72.10714722,5.187871933
,,,,,,
1502215283, '94DC6692F976',3,30,-60,-62.09999847,1.422721863
1502215283, 'F9632B2DFC58',2,26,-72,-75.84615326,1.592288852
1502215283, '6392B6C5FB53',2,30,-56,-57.13333893,0.899552405
1502215283, '5D358CDAED0D',2,29,-51,-51.7586174,0.435494244
,,,,,,
1502215343, '94DC6692F976',3,29,-58,-63.44828033,3.822734356
1502215343, 'F9632B2DFC58',2,28,-74,-76.78572083,1.792102337
1502215343, '2D1032CDC2EC',3,28,-63,-67.14285278,3.638418198
1502215343, '6392B6C5FB53',2,28,-53,-56.46428299,1.261455059
,,,,,,
1502215403, '94DC6692F976',3,29,-53,-56.55171967,5.137998104
1502215403, 'F9632B2DFC58',2,27,-74,-75.85185242,1.703022003
1502215403, '2D1032CDC2EC',3,30,-59,-65.16667175,5.153395176
1502215403, '6392B6C5FB53',2,30,-53,-56.16666031,1.416243792
,,,,,,
1502215463, '94DC6692F976',3,28,-53,-56.32142639,1.925531268
1502215463, 'F9632B2DFC58',2,26,-73,-75.15385437,1.376728535
1502215463, '2D1032CDC2EC',3,30,-59,-64.36666107,3.378261089
1502215463, '6392B6C5FB53',2,30,-54,-57.26667023,2.03305912
,,,,,,
1502215523, '94DC6692F976',3,30,-53,-54.56666565,1.304722071
1502215523, '2D1032CDC2EC',3,28,-60,-68.50001526,4.517447472
1502215523, '6392B6C5FB53',2,28,-55,-56.1071434,0.994030654
1502215523, '9A34ECDEA99E',2,30,-62,-65.06665802,1.617432594
,,,,,,
1502215583, '94DC6692F976',3,30,-54,-55.03333282,0.964305162
1502215583, 'F9632B2DFC58',2,27,-73,-75.2963028,1.46273756
1502215583, '6392B6C5FB53',2,30,-54,-56.53333664,0.819307506
1502215583, '9A34ECDEA99E',2,30,-63,-64.56667328,1.072648525
,,,,,,
1502215643, '94DC6692F976',3,29,-53,-55.31034088,0.967449784
1502215643, 'F9632B2DFC58',2,26,-71,-75.5,2.641968489
1502215643, '2D1032CDC2EC',3,29,-61,-64.72413635,1.485562563
1502215643, '9A34ECDEA99E',2,28,-63,-64.4642868,1.574849844
,,,,,,
1502215703, '94DC6692F976',3,29,-52,-55.6896553,1.490528226
1502215703, 'F9632B2DFC58',2,26,-71,-74.53845978,2.353393793
1502215703, '2D1032CDC2EC',3,30,-56,-62.59999847,3.682204008
1502215703, '6392B6C5FB53',2,29,-54,-56.79310226,1.58968401
,,,,,,
1502215763, '94DC6692F976',3,29,-56,-57.93103409,1.556805968
1502215763, 'F9632B2DFC58',2,30,-70,-71.56666565,1.813422918
1502215763, '6392B6C5FB53',2,30,-54,-56.16666794,1.234094739
1502215763, '9A34ECDEA99E',2,30,-64,-65.7333374,2.318340302
,,,,,,
1502215763, '94DC6692F976',3,29,-56,-57.93103409,1.556805968
1502215763, 'F9632B2DFC58',2,30,-70,-71.56666565,1.813422918
1502215763, '6392B6C5FB53',2,30,-54,-56.16666794,1.234094739
1502215763, '9A34ECDEA99E',2,30,-64,-65.7333374,2.318340302
,,,,,,
1502215823, '94DC6692F976',3,30,-55,-58.36666107,1.129031777
1502215823, 'F9632B2DFC58',2,28,-70,-72.10714722,1.892270327
1502215823, '2D1032CDC2EC',3,29,-59,-61.44827652,1.804481745
1502215823, '6392B6C5FB53',2,30,-55,-56.56666183,1.278019071
,,,,,,
1502215883, '94DC6692F976',3,28,-56,-60.1428566,4.896818161
1502215883, 'F9632B2DFC58',2,28,-69,-72.28569794,2.416870356
1502215883, '2D1032CDC2EC',3,28,-55,-57.25,2.576604366
1502215883, '6392B6C5FB53',2,30,-53,-55.03333282,1.033353209
,,,,,,
1502215943, '94DC6692F976',3,30,-53,-55.33333206,0.884086251
1502215943, 'F9632B2DFC58',2,22,-69,-71.59092712,1.46902144
1502215943, '2D1032CDC2EC',3,30,-54,-54.83333206,0.530668437
1502215943, '6392B6C5FB53',2,30,-54,-54.96666336,0.413841605
,,,,,,
1502216003, '94DC6692F976',3,28,-52,-53.7857132,0.738222778
1502216003, 'F9632B2DFC58',2,27,-70,-71.96296692,2.047163486
1502216003, '2D1032CDC2EC',3,30,-54,-56.23333359,1.40647018
1502216003, '6392B6C5FB53',2,30,-54,-54.96666336,0.182574436
,,,,,,
1502216063, '94DC6692F976',3,30,-52,-53.13333511,0.730296254
1502216063, 'F9632B2DFC58',2,26,-72,-73.34615326,0.891846657
1502216063, '2D1032CDC2EC',3,29,-55,-56.27585983,0.751026034
1502216063, '6392B6C5FB53',2,30,-54,-54.80000305,0.550862312
,,,,,,
1502216123, '94DC6692F976',3,30,-52,-53.7333374,0.907187641
1502216123, 'F9632B2DFC58',2,28,-73,-74.39285278,1.06594789
1502216123, '2D1032CDC2EC',3,29,-56,-56.86207199,0.742781818
1502216123, '6392B6C5FB53',2,29,-55,-55.41379547,0.682287872
,,,,,,
1502216183, '94DC6692F976',3,30,-52,-54.06666565,0.827681899
1502216183, 'F9632B2DFC58',2,27,-72,-73.74074554,0.764229
1502216183, '2D1032CDC2EC',3,28,-56,-58.35713959,1.129217505
1502216183, '6392B6C5FB53',2,29,-56,-57.24137878,0.689470589
,,,,,,
1502216243, '94DC6692F976',3,29,-53,-54.13792801,0.515761554
1502216243, 'F9632B2DFC58',2,29,-72,-73.68966675,1.774891734
1502216243, '2D1032CDC2EC',3,27,-57,-59.40740967,0.84395045
1502216243, '6392B6C5FB53',2,30,-56,-57.53333282,0.776079774
,,,,,,
1502216303, '94DC6692F976',3,29,-52,-54.17241287,0.928476334
1502216303, 'F9632B2DFC58',2,29,-71,-73.20688629,1.319612265
1502216303, '2D1032CDC2EC',3,30,-55,-56.96667099,1.217214584
1502216303, '6392B6C5FB53',2,30,-55,-57.79999924,1.423933506
,,,,,,
1502216363, '94DC6692F976',3,29,-54,-55.79310608,1.473075151
1502216363, 'F9632B2DFC58',2,29,-71,-71.68965912,1.514298916
1502216363, '2D1032CDC2EC',3,30,-55,-57.29999924,1.149213552
1502216363, '6392B6C5FB53',2,30,-53,-57.76666641,2.541832924
,,,,,,
1502216423, '94DC6692F976',3,29,-53,-55.65517807,2.142691851
1502216423, 'F9632B2DFC58',2,29,-70,-72.31034851,2.436382532
1502216423, '2D1032CDC2EC',3,30,-52,-57.06666946,2.490442276
1502216423, '6392B6C5FB53',2,29,-52,-54.0689621,1.066738605
,,,,,,
1502216483, '94DC6692F976',3,28,-53,-54.07142639,0.604217947
1502216483, 'F9632B2DFC58',2,30,-69,-74.36666107,2.38506031
1502216483, '2D1032CDC2EC',3,29,-53,-53.86206818,0.639427185
1502216483, '6392B6C5FB53',2,30,-53,-54.7666626,0.678910792
,,,,,,
1502216543, '94DC6692F976',3,30,-52,-53.83333969,0.746640086
1502216543, 'F9632B2DFC58',2,28,-71,-74.78572083,2.25021863
1502216543, '2D1032CDC2EC',3,30,-51,-52.76666641,0.626062334
1502216543, '6392B6C5FB53',2,30,-52,-54.43333054,0.89763397
,,,,,,
1502216603, '94DC6692F976',3,30,-51,-52.06666565,0.520830393
1502216603, 'F9632B2DFC58',2,29,-71,-72.31034088,1.774892807
1502216603, '2D1032CDC2EC',3,30,-52,-53.1333313,0.937102377
1502216603, '6392B6C5FB53',2,30,-54,-54.8666687,0.43417269
,,,,,,
1502216663, '94DC6692F976',3,29,-52,-52.58621216,0.824503064
1502216663, 'F9632B2DFC58',2,25,-69,-70.72000122,0.842615008
1502216663, '2D1032CDC2EC',3,29,-52,-52.79310226,0.491303474
1502216663, '6392B6C5FB53',2,29,-54,-54.72412872,0.454861522
,,,,,,
1502216723, '94DC6692F976',3,30,-51,-51.76667023,0.430183917
1502216723, 'F9632B2DFC58',2,27,-69,-70.22222137,0.64051199
1502216723, '2D1032CDC2EC',3,30,-53,-53.23332977,0.430183798
1502216723, '6392B6C5FB53',2,30,-54,-55,0.37139073
,,,,,,
1502216783, '94DC6692F976',3,30,-51,-51.93333817,0.449775696
1502216783, 'F9632B2DFC58',2,28,-70,-72.42855835,1.951802373
1502216783, '2D1032CDC2EC',3,30,-52,-53.16667175,0.530668736
1502216783, '6392B6C5FB53',2,29,-55,-55.75862122,0.435494095
,,,,,,
1502216843, '94DC6692F976',3,29,-51,-52.06896591,0.593479216
1502216843, 'F9632B2DFC58',2,27,-70,-71.51851654,1.220668197
1502216843, '2D1032CDC2EC',3,29,-52,-53.62068939,0.862463713
1502216843, '6392B6C5FB53',2,30,-53,-54.20000076,0.846901417
,,,,,,
1502216903, '94DC6692F976',3,30,-50,-51.46667099,0.628810167
1502216903, 'F9632B2DFC58',2,28,-69,-72.57142639,2.602400064
1502216903, '2D1032CDC2EC',3,30,-53,-54.13333511,0.571346164
1502216903, '6392B6C5FB53',2,29,-53,-53.55172348,0.685888648
,,,,,,
1502216963, '94DC6692F976',3,30,-51,-51.93333817,0.639683962
1502216963, 'F9632B2DFC58',2,26,-70,-71.69230652,1.15824759
1502216963, '2D1032CDC2EC',3,30,-52,-54.36666489,0.889918387
1502216963, '6392B6C5FB53',2,30,-53,-53.30000305,0.466092318
,,,,,,
1502217023, '94DC6692F976',3,30,-51,-51.66666412,0.546672046
1502217023, 'F9632B2DFC58',2,29,-70,-71.72413635,1.065583467
1502217023, '2D1032CDC2EC',3,29,-52,-53.24137878,0.830455184
1502217023, '6392B6C5FB53',2,30,-53,-53.2666626,0.449777424
,,,,,,
1502217083, '94DC6692F976',3,30,-51,-51.5,0.508547425
1502217083, 'F9632B2DFC58',2,30,-70,-72.03333282,2.311639309
1502217083, '2D1032CDC2EC',3,29,-52,-52.79310608,0.412251353
1502217083, '6392B6C5FB53',2,30,-53,-53.26667023,0.44977653
,,,,,,
1502217143, '94DC6692F976',3,29,-51,-51.3103447,0.541390538
1502217143, 'F9632B2DFC58',2,26,-71,-71.96154022,0.773602664
1502217143, '2D1032CDC2EC',3,30,-52,-52.76666641,0.817199886
1502217143, '6392B6C5FB53',2,30,-52,-52.93333817,0.365148425
,,,,,,
1502217203, '94DC6692F976',3,30,-52,-52.16666412,0.379048586
1502217203, 'F9632B2DFC58',2,29,-70,-72.13793182,1.025536776
1502217203, '2D1032CDC2EC',3,30,-53,-54.59999847,0.621454835
1502217203, '6392B6C5FB53',2,30,-53,-53.83333588,0.46113354
,,,,,,
1502217263, '94DC6692F976',3,30,-52,-52,0
1502217263, 'F9632B2DFC58',2,28,-69,-71.07142639,1.119807601
1502217263, '2D1032CDC2EC',3,30,-53,-53.1000061,0.305127531
1502217263, '6392B6C5FB53',2,29,-53,-53,0
,,,,,,
1502217323, '94DC6692F976',3,30,-52,-52,0
1502217323, 'F9632B2DFC58',2,28,-71,-72.07143402,1.74119091
1502217323, '2D1032CDC2EC',3,30,-53,-53.53333282,0.507416248
1502217323, '6392B6C5FB53',2,30,-52,-52.96666718,0.182574347
,,,,,,
1502217383, '94DC6692F976',3,30,-52,-52.03333664,0.182574436
1502217383, 'F9632B2DFC58',2,28,-71,-72.28570557,0.658681154
1502217383, '2D1032CDC2EC',3,30,-53,-53.56666183,0.504006088
1502217383, '6392B6C5FB53',2,30,-52,-52.80000687,0.406838179
,,,,,,
1502217443, '94DC6692F976',3,29,-51,-52.03448486,0.325440347
1502217443, 'F9632B2DFC58',2,29,-71,-72.62069702,1.65645659
1502217443, '2D1032CDC2EC',3,29,-53,-53.68965912,0.541388869
1502217443, '6392B6C5FB53',2,30,-52,-53.7666626,0.504005849
,,,,,,
1502217503, '94DC6692F976',3,30,-52,-52.63333893,1.54212749
1502217503, 'F9632B2DFC58',2,28,-71,-73,1.414214969
1502217503, '2D1032CDC2EC',3,30,-53,-54.90000534,3.220086098
1502217503, '6392B6C5FB53',2,30,-53,-54.20000458,0.484234363
,,,,,,
1502217563, '94DC6692F976',3,30,-58,-61.79999542,5.326577663
1502217563, '9A34ECDEA99E',2,29,-63,-64.96551514,1.636258245
1502217563, 'F9632B2DFC58',2,25,-72,-73.3999939,1.825741053
1502217563, '2D1032CDC2EC',3,30,-63,-67.66667175,4.707540512
,,,,,,
1502217623, '94DC6692F976',3,24,-62,-69.12500763,4.215007782
1502217623, '9A34ECDEA99E',2,29,-64,-64.82759094,0.848063111
1502217623, 'F9632B2DFC58',2,29,-70,-71.55173492,0.909716725
1502217623, '2D1032CDC2EC',3,29,-63,-64.89656067,2.59594202
,,,,,,
1502217683, '94DC6692F976',3,28,-61,-65.78569794,2.657717705
1502217683, '9A34ECDEA99E',2,30,-64,-64.79999542,1.68972528
1502217683, 'F9632B2DFC58',2,27,-71,-73.07407379,1.959708452
1502217683, '2D1032CDC2EC',3,28,-60,-63.32142258,2.53937006
,,,,,,
1502217743, '94DC6692F976',3,30,-59,-62.56666946,2.079179525
1502217743, '9A34ECDEA99E',2,30,-63,-64.16665649,0.833907545
1502217743, 'F9632B2DFC58',2,28,-72,-73.14285278,0.524530947
1502217743, '2D1032CDC2EC',3,30,-58,-62.63332748,2.251179695
,,,,,,
1502217803, '94DC6692F976',3,31,-59,-59.87097168,0.805892766
1502217803, '9A34ECDEA99E',2,30,-64,-64.59999847,1.904620767
1502217803, 'F9632B2DFC58',2,28,-71,-72.78570557,1.227979302
1502217803, '2D1032CDC2EC',3,30,-60,-61.43332672,1.546595454
,,,,,,
1502217863, '9A34ECDEA99E',2,30,-64,-65.09999847,0.994814098
1502217863, 'F9632B2DFC58',2,26,-70,-72.53845978,2.082897902
1502217863, '2D1032CDC2EC',3,27,-62,-62.92592621,0.873803437
1502217863, '6392B6C5FB53',2,29,-55,-56.06896591,0.37139079
,,,,,,
1502217923, '9A34ECDEA99E',2,30,-65,-65.53333282,0.507416189
1502217923, 'F9632B2DFC58',2,29,-73,-73.65517426,0.669534206
1502217923, '2D1032CDC2EC',3,30,-60,-62.33333206,1.34762466
1502217923, '6392B6C5FB53',2,30,-56,-56.29999542,0.466090083
,,,,,,
1502217983, '9A34ECDEA99E',2,28,-64,-65.5,0.881918073
1502217983, 'F9632B2DFC58',2,29,-72,-74.37930298,1.265301108
1502217983, '2D1032CDC2EC',3,30,-61,-63.26667023,2.827614307
1502217983, '6392B6C5FB53',2,29,-56,-56.58621216,0.568031073
,,,,,,
1502218043, '9A34ECDEA99E',2,30,-65,-66.76667786,1.977168441
1502218043, 'F9632B2DFC58',2,29,-73,-75.344841,1.142547607
1502218043, '2D1032CDC2EC',3,30,-60,-62.33333969,1.604591489
1502218043, '6392B6C5FB53',2,30,-56,-56.53333282,0.507416785
,,,,,,
1502218103, '9A34ECDEA99E',2,30,-64,-65.66665649,2.264162302
1502218103, 'F9632B2DFC58',2,27,-72,-74.11110687,2.025478125
1502218103, '2D1032CDC2EC',3,29,-61,-62.82758713,2.205009937
1502218103, '6392B6C5FB53',2,30,-55,-55.93333435,0.365148902
,,,,,,
1502218163, '9A34ECDEA99E',2,30,-65,-65.83332825,0.647718847
1502218163, 'F9632B2DFC58',2,28,-71,-72.46429443,0.961562514
1502218163, '2D1032CDC2EC',3,30,-61,-62.3666687,1.751518011
1502218163, '6392B6C5FB53',2,29,-52,-55.24137115,0.830456793
,,,,,,
1502218223, '9A34ECDEA99E',2,28,-64,-65.75,0.799305499
1502218223, '2D1032CDC2EC',3,30,-62,-63.13333511,1.814374804
1502218223, 'F9632B2DFC58',2,30,-70,-72.1000061,2.218262196
1502218223, '6392B6C5FB53',2,30,-55,-55.16666412,0.379048556
,,,,,,
1502218283, '9A34ECDEA99E',2,30,-64,-65.6000061,1.868063092
1502218283, '2D1032CDC2EC',3,28,-62,-63.5,2.364865541
1502218283, 'F9632B2DFC58',2,26,-70,-71.53845978,1.81616652
1502218283, '6392B6C5FB53',2,30,-55,-55.20000076,0.40683803
,,,,,,
1502218343, '9A34ECDEA99E',2,30,-64,-65.03333282,1.629117131
1502218343, '2D1032CDC2EC',3,28,-60,-62.32143021,1.678923488
1502218343, 'F9632B2DFC58',2,28,-71,-72.71427917,2.33899641
1502218343, '6392B6C5FB53',2,30,-55,-55.2333374,0.430182308
,,,,,,
1502218403, '9A34ECDEA99E',2,29,-63,-64.37930298,1.740562677
1502218403, '2D1032CDC2EC',3,30,-60,-61.66666794,0.802295566
1502218403, 'F9632B2DFC58',2,26,-69,-72.7692337,2.642841816
1502218403, '6392B6C5FB53',2,29,-55,-55.65517426,0.483724862
,,,,,,
1502218463, '9A34ECDEA99E',2,30,-62,-64.09999847,1.6681602
1502218463, '2D1032CDC2EC',3,29,-60,-62.44827652,1.824166656
1502218463, 'F9632B2DFC58',2,30,-71,-74.23334503,3.212940693
1502218463, '459F7A08D5D7',2,29,-71,-73.48275757,1.744803548
,,,,,,
1502218523, '9A34ECDEA99E',2,28,-59,-63.74999619,1.142609835
1502218523, '2D1032CDC2EC',3,30,-58,-61.60000229,1.714039326
1502218523, 'F9632B2DFC58',2,27,-71,-72.81481934,1.039122581
1502218523, '459F7A08D5D7',2,22,-67,-75.7272644,3.268636227
,,,,,,
1502218583, '9A34ECDEA99E',2,29,-63,-65.17240906,2.592143536
1502218583, '2D1032CDC2EC',3,29,-61,-63.89655304,3.287906885
1502218583, 'F9632B2DFC58',2,28,-70,-72.28572083,2.274774313
1502218583, '459F7A08D5D7',2,23,-65,-75.21739197,2.968876362
,,,,,,
1502218643, '9A34ECDEA99E',2,30,-64,-64.56667328,0.568320453
1502218643, '2D1032CDC2EC',3,30,-62,-65.06667328,2.318341732
1502218643, 'F9632B2DFC58',2,29,-71,-71.89653778,0.673200786
1502218643, '459F7A08D5D7',2,24,-69,-78.04165649,4.154400349
,,,,,,
1502218703, '9A34ECDEA99E',2,29,-64,-65.13792419,1.597410917
1502218703, '2D1032CDC2EC',3,28,-59,-66.32143402,5.856641293
1502218703, 'F9632B2DFC58',2,28,-71,-72.32143402,2.055770636
1502218703, '6392B6C5FB53',2,30,-55,-55.53333282,0.860366166
,,,,,,
1502218763, '9A34ECDEA99E',2,30,-64,-65.40000916,0.855003715
1502218763, '2D1032CDC2EC',3,30,-60,-65.2333374,3.500575066
1502218763, 'F9632B2DFC58',2,29,-70,-71.24137115,0.872401595
1502218763, '6392B6C5FB53',2,30,-53,-55.23333359,0.727931082
,,,,,,
1502218763, '9A34ECDEA99E',2,30,-64,-65.40000916,0.855003715
1502218763, '2D1032CDC2EC',3,30,-60,-65.2333374,3.500575066
1502218763, 'F9632B2DFC58',2,29,-70,-71.24137115,0.872401595
1502218763, '6392B6C5FB53',2,30,-53,-55.23333359,0.727931082
,,,,,,
1502218823, '9A34ECDEA99E',2,30,-65,-67.59999084,2.966479778
1502218823, '2D1032CDC2EC',3,28,-57,-59.92856979,1.676163793
1502218823, '6392B6C5FB53',2,28,-53,-54.17856598,1.090479136
1502218823, '459F7A08D5D7',2,26,-66,-73.30769348,3.495932102
,,,,,,
1502218883, '6392B6C5FB53',2,30,-53,-54.79999924,0.886683524
1502218883, '459F7A08D5D7',2,30,-63,-69.43334961,3.775454283
1502218883, '5D358CDAED0D',2,28,-55,-57.9642868,2.471798658
1502218883, '2D1032CDC2EC',3,30,-59,-61.46666336,1.907034516
,,,,,,
1502218943, '6392B6C5FB53',2,30,-52,-55.36666107,1.098066568
1502218943, '459F7A08D5D7',2,28,-60,-67.07142639,5.353633404
1502218943, '5D358CDAED0D',2,29,-55,-57.0689621,0.923155606
1502218943, '94DC6692F976',3,30,-58,-62.76666641,2.87298131
,,,,,,
1502219003, '6392B6C5FB53',2,29,-55,-56.13793182,0.693033338
1502219003, '459F7A08D5D7',2,28,-63,-69.85714722,5.352149963
1502219003, '5D358CDAED0D',2,29,-56,-57.0689621,0.457558602
1502219003, '94DC6692F976',3,29,-59,-62.24137878,2.115506887
,,,,,,
1502219063, '6392B6C5FB53',2,28,-55,-55.7142868,0.599824667
1502219063, '459F7A08D5D7',2,28,-59,-65,3.721808672
1502219063, '5D358CDAED0D',2,30,-57,-57.13333893,0.345744997
1502219063, '94DC6692F976',3,29,-56,-58.24137878,1.479747891
,,,,,,
1502219123, '6392B6C5FB53',2,30,-54,-55.23333359,0.504006505
1502219123, '459F7A08D5D7',2,29,-61,-66.31034851,2.564920425
1502219123, '5D358CDAED0D',2,30,-52,-57.30000305,1.578955531
1502219123, '94DC6692F976',3,30,-57,-59.46666336,1.479361057
,,,,,,
1502219183, '6392B6C5FB53',2,30,-53,-55.26666641,0.944433212
1502219183, '459F7A08D5D7',2,28,-63,-66.82142639,3.367090702
1502219183, '5D358CDAED0D',2,29,-56,-58.06896973,1.193165898
1502219183, '94DC6692F976',3,30,-55,-58.06666946,1.760355711
,,,,,,
1502219243, '6392B6C5FB53',2,30,-54,-55.39999771,0.563243449
1502219243, '459F7A08D5D7',2,30,-62,-67.36666107,3.746109009
1502219243, '5D358CDAED0D',2,28,-57,-57.03571701,0.188982382
1502219243, '9A34ECDEA99E',2,29,-66,-67.41379547,1.973344922
,,,,,,
1502219303, '6392B6C5FB53',2,30,-54,-55.06666183,0.520830154
1502219303, '459F7A08D5D7',2,27,-60,-66.03703308,3.936821699
1502219303, '5D358CDAED0D',2,30,-56,-57.79999924,2.023994446
1502219303, '94DC6692F976',3,29,-56,-57.48275757,0.633622766
,,,,,,
1502219363, '6392B6C5FB53',2,30,-53,-54.59999466,0.770131648
1502219363, '5D358CDAED0D',2,30,-56,-57.93333817,1.284748077
1502219363, '94DC6692F976',3,29,-55,-58,1.164965391
1502219363, '9A34ECDEA99E',2,29,-66,-69.06896973,3.034692049
,,,,,,
1502219423, '6392B6C5FB53',2,30,-54,-55.16667175,0.530668378
1502219423, '459F7A08D5D7',2,29,-61,-65.37930298,3.931684494
1502219423, '5D358CDAED0D',2,29,-57,-58.10344696,0.673201978
1502219423, '94DC6692F976',3,28,-56,-58.89284897,1.892270207
,,,,,,
1502219483, '6392B6C5FB53',2,29,-54,-54.58621216,0.627766907
1502219483, '459F7A08D5D7',2,29,-62,-69.17240143,5.22404623
1502219483, '5D358CDAED0D',2,30,-57,-58.06666183,0.583292782
1502219483, '94DC6692F976',3,30,-55,-57.1000061,1.18467319
,,,,,,
1502219543, '6392B6C5FB53',2,30,-54,-54.43333054,0.504006505
1502219543, '459F7A08D5D7',2,27,-62,-71.1111145,4.994868279
1502219543, '5D358CDAED0D',2,29,-56,-57.72413635,0.797161818
1502219543, '94DC6692F976',3,30,-56,-56.10000229,0.305128455
,,,,,,
1502219603, '459F7A08D5D7',2,30,-64,-71.09999084,4.38138628
1502219603, '5D358CDAED0D',2,30,-57,-57.6333313,0.556053817
1502219603, '94DC6692F976',3,30,-55,-57.16666412,2.717546701
1502219603, '9A34ECDEA99E',2,28,-69,-69.92856598,2.089275837
,,,,,,
1502219663, '6392B6C5FB53',2,29,-53,-53.55172729,0.631677151
1502219663, '459F7A08D5D7',2,28,-64,-73.5,6.292263508
1502219663, '5D358CDAED0D',2,30,-57,-57.26666641,0.583292484
1502219663, '94DC6692F976',3,29,-56,-61.06896973,2.506150484
,,,,,,
1502219723, '6392B6C5FB53',2,28,-53,-54.5,0.63828516
1502219723, '459F7A08D5D7',2,29,-64,-70.27586365,3.899602652
1502219723, '94DC6692F976',3,30,-55,-56.20000076,0.846901715
1502219723, '9A34ECDEA99E',2,29,-69,-71.13793945,1.746917963
,,,,,,
1502219783, '6392B6C5FB53',2,30,-53,-54.19999695,0.714383602
1502219783, '459F7A08D5D7',2,30,-63,-69.40000153,4.476759434
1502219783, '5D358CDAED0D',2,30,-57,-57.06666183,0.253708005
1502219783, '94DC6692F976',3,29,-55,-57.37931442,1.473908663
,,,,,,
1502219843, '6392B6C5FB53',2,29,-53,-53.58620834,0.50123024
1502219843, '459F7A08D5D7',2,27,-64,-70.25924683,5.11101675
1502219843, '5D358CDAED0D',2,29,-57,-57.13793182,0.441113561
1502219843, '94DC6692F976',3,29,-57,-57.96551514,0.498766363
,,,,,,
1502219903, '6392B6C5FB53',2,30,-53,-54.06666946,0.583292186
1502219903, '459F7A08D5D7',2,26,-64,-70.76921844,4.384583473
1502219903, '5D358CDAED0D',2,29,-52,-56.65517426,1.564697027
1502219903, '94DC6692F976',3,27,-57,-58.44444656,1.012738943
,,,,,,
1502219963, '6392B6C5FB53',2,29,-51,-55.55172348,2.147858858
1502219963, '459F7A08D5D7',2,26,-63,-70.69231415,6.392302036
1502219963, '5D358CDAED0D',2,30,-51,-53.63333511,1.8096174
1502219963, '94DC6692F976',3,30,-55,-59.99999619,3.10727787
,,,,,,
1502220023, '6392B6C5FB53',2,29,-52,-55.24137878,2.165560961
1502220023, '5D358CDAED0D',2,28,-49,-52.5,1.934099555
1502220023, '94DC6692F976',3,30,-57,-62.1333313,3.137463808
1502220023, '9A34ECDEA99E',2,29,-64,-67.0689621,2.50614953
,,,,,,
1502220083, '6392B6C5FB53',2,30,-51,-53.96666718,1.325696468
1502220083, '459F7A08D5D7',2,30,-60,-63.56666946,2.028814793
1502220083, '5D358CDAED0D',2,29,-51,-53.96551514,1.822140336
1502220083, '9A34ECDEA99E',2,30,-66,-70.93332672,3.050532103
,,,,,,
1502220143, '6392B6C5FB53',2,30,-52,-53.79999924,1.12648356
1502220143, '459F7A08D5D7',2,28,-61,-65.46427155,3.625858784
1502220143, '5D358CDAED0D',2,30,-51,-52.86666489,1.431982994
1502220143, '94DC6692F976',3,28,-58,-65.67856598,4.3209548
,,,,,,
1502220203, '6392B6C5FB53',2,29,-52,-53.89654922,0.939028263
1502220203, '459F7A08D5D7',2,29,-63,-68.44827271,2.693725824
1502220203, '5D358CDAED0D',2,28,-50,-57.17856979,3.981936216
1502220203, '94DC6692F976',3,27,-61,-66.77777863,5.124098778
